#
# There is insufficient memory for the Java Runtime Environment to continue.
# Native memory allocation (mmap) failed to map 198180864 bytes. Error detail: G1 virtual space
# Possible reasons:
#   The system is out of physical RAM or swap space
#   This process is running with CompressedOops enabled, and the Java Heap may be blocking the growth of the native heap
# Possible solutions:
#   Reduce memory load on the system
#   Increase physical memory or swap space
#   Check if swap backing store is full
#   Decrease Java heap size (-Xmx/-Xms)
#   Decrease number of Java threads
#   Decrease Java thread stack sizes (-Xss)
#   Set larger code cache with -XX:ReservedCodeCacheSize=
#   JVM is running with Unscaled Compressed Oops mode in which the Java heap is
#     placed in the first 4GB address space. The Java Heap base address is the
#     maximum limit for the native heap growth. Please use -XX:HeapBaseMinAddress
#     to set the Java Heap base and to place the Java Heap above 4GB virtual address.
# This output file may be truncated or incomplete.
#
#  Out of Memory Error (os_windows.cpp:3631), pid=680, tid=24820
#
# JRE version: Java(TM) SE Runtime Environment (22.0.2+9) (build 22.0.2+9-70)
# Java VM: Java HotSpot(TM) 64-Bit Server VM (22.0.2+9-70, mixed mode, sharing, tiered, compressed oops, compressed class ptrs, g1 gc, windows-amd64)
# No core dump will be written. Minidumps are not enabled by default on client versions of Windows
#

---------------  S U M M A R Y ------------

Command Line: --add-opens=java.base/java.lang=ALL-UNNAMED --add-opens=java.base/java.lang.invoke=ALL-UNNAMED --add-opens=java.base/java.util=ALL-UNNAMED --add-opens=java.prefs/java.util.prefs=ALL-UNNAMED --add-exports=jdk.compiler/com.sun.tools.javac.api=ALL-UNNAMED --add-exports=jdk.compiler/com.sun.tools.javac.util=ALL-UNNAMED --add-opens=java.base/java.util=ALL-UNNAMED --add-opens=java.prefs/java.util.prefs=ALL-UNNAMED --add-opens=java.base/java.nio.charset=ALL-UNNAMED --add-opens=java.base/java.net=ALL-UNNAMED --add-opens=java.base/java.util.concurrent.atomic=ALL-UNNAMED --add-opens=java.xml/javax.xml.namespace=ALL-UNNAMED -Xmx2048m -Dfile.encoding=UTF-8 -Duser.country=US -Duser.language=en -Duser.variant -javaagent:C:\Users\name\.gradle\wrapper\dists\gradle-8.13-bin\5xuhj0ry160q40clulazy9h7d\gradle-8.13\lib\agents\gradle-instrumentation-agent-8.13.jar org.gradle.launcher.daemon.bootstrap.GradleDaemon 8.13

Host: AMD Ryzen 5 5600H with Radeon Graphics         , 12 cores, 7G,  Windows 11 , 64 bit Build 22621 (10.0.22621.5415)
Time: Wed Oct 29 22:22:30 2025 SE Asia Standard Time elapsed time: 38.333529 seconds (0d 0h 0m 38s)

---------------  T H R E A D  ---------------

Current thread (0x0000029e779eb280):  VMThread "VM Thread"          [id=24820, stack(0x000000b2e8200000,0x000000b2e8300000) (1024K)]

Stack: [0x000000b2e8200000,0x000000b2e8300000]
Native frames: (J=compiled Java code, j=interpreted, Vv=VM code, C=native code)
V  [jvm.dll+0x6e26e9]  (no source info available)
V  [jvm.dll+0x875753]  (no source info available)
V  [jvm.dll+0x877b7e]  (no source info available)
V  [jvm.dll+0x878253]  (no source info available)
V  [jvm.dll+0x27fc86]  (no source info available)
V  [jvm.dll+0x6ded85]  (no source info available)
V  [jvm.dll+0x6d388a]  (no source info available)
V  [jvm.dll+0x358b8a]  (no source info available)
V  [jvm.dll+0x3610b6]  (no source info available)
V  [jvm.dll+0x3b419e]  (no source info available)
V  [jvm.dll+0x3b4448]  (no source info available)
V  [jvm.dll+0x32c5ec]  (no source info available)
V  [jvm.dll+0x32c677]  (no source info available)
V  [jvm.dll+0x37244c]  (no source info available)
V  [jvm.dll+0x370b46]  (no source info available)
V  [jvm.dll+0x32bcd7]  (no source info available)
V  [jvm.dll+0x370304]  (no source info available)
V  [jvm.dll+0x87e0f0]  (no source info available)
V  [jvm.dll+0x87f477]  (no source info available)
V  [jvm.dll+0x87f9f0]  (no source info available)
V  [jvm.dll+0x87fc93]  (no source info available)
V  [jvm.dll+0x81dc0b]  (no source info available)
V  [jvm.dll+0x6e0d85]  (no source info available)
C  [ucrtbase.dll+0x29333]  (no source info available)
C  [KERNEL32.DLL+0x1259d]  (no source info available)
C  [ntdll.dll+0x5af78]  (no source info available)

VM_Operation (0x000000b2f49fe930): G1CollectForAllocation, mode: safepoint, requested by thread 0x0000029e478df400


---------------  P R O C E S S  ---------------

Threads class SMR info:
_java_thread_list=0x0000029e478c0fd0, length=195, elements={
0x0000029e58a07310, 0x0000029e77a04720, 0x0000029e77a05330, 0x0000029e77a0b670,
0x0000029e77a0c430, 0x0000029e77a0d7e0, 0x0000029e77a0eb90, 0x0000029e77a1d180,
0x0000029e77a1e7e0, 0x0000029e451c85b0, 0x0000029e453504a0, 0x0000029e456970b0,
0x0000029e46ab2cc0, 0x0000029e46b5a4e0, 0x0000029e46ec0730, 0x0000029e46b48ae0,
0x0000029e46df5a50, 0x0000029e46df7b20, 0x0000029e46df53c0, 0x0000029e46df6770,
0x0000029e46df6e00, 0x0000029e46df4d30, 0x0000029e46df81b0, 0x0000029e46df60e0,
0x0000029e49015740, 0x0000029e49016460, 0x0000029e49011c30, 0x0000029e4900f4d0,
0x0000029e490150b0, 0x0000029e490101f0, 0x0000029e49016af0, 0x0000029e4900fb60,
0x0000029e47add1e0, 0x0000029e47adb110, 0x0000029e47adf940, 0x0000029e47addf00,
0x0000029e47add870, 0x0000029e47ad89b0, 0x0000029e47ada3f0, 0x0000029e47adffd0,
0x0000029e47ad96d0, 0x0000029e47adc4c0, 0x0000029e47ad9d60, 0x0000029e47adb7a0,
0x0000029e47ade590, 0x0000029e47adec20, 0x0000029e471651b0, 0x0000029e47167280,
0x0000029e47165840, 0x0000029e47160980, 0x0000029e47167910, 0x0000029e47167fa0,
0x0000029e471623c0, 0x0000029e47166bf0, 0x0000029e47164b20, 0x0000029e47161010,
0x0000029e471616a0, 0x0000029e47162a50, 0x0000029e471630e0, 0x0000029e47163770,
0x0000029e47165ed0, 0x0000029e47163e00, 0x0000029e47164490, 0x0000029e47166560,
0x0000029e48f6c630, 0x0000029e48f6b910, 0x0000029e49014390, 0x0000029e517eab10,
0x0000029e517e90d0, 0x0000029e517eb1a0, 0x0000029e517e7d20, 0x0000029e517e7000,
0x0000029e517e62e0, 0x0000029e517ec550, 0x0000029e517e5c50, 0x0000029e517e8a40,
0x0000029e517e6970, 0x0000029e517e7690, 0x0000029e4bdbd030, 0x0000029e4bdbbc80,
0x0000029e4bdb8170, 0x0000029e511bf0c0, 0x0000029e511bd680, 0x0000029e511baf20,
0x0000029e511bdd10, 0x0000029e511b9b70, 0x0000029e511bc960, 0x0000029e511bf750,
0x0000029e511bea30, 0x0000029e511ba200, 0x0000029e511bfde0, 0x0000029e511bb5b0,
0x0000029e511bc2d0, 0x0000029e511c0470, 0x0000029e511b94e0, 0x0000029e511ba890,
0x0000029e511bcff0, 0x0000029e511be3a0, 0x0000029e485aa6b0, 0x0000029e485ace10,
0x0000029e485a6ba0, 0x0000029e485a9300, 0x0000029e485a6510, 0x0000029e485adb30,
0x0000029e4bdb9bb0, 0x0000029e5167b990, 0x0000029e51677160, 0x0000029e51679f50,
0x0000029e5167ac70, 0x0000029e51678510, 0x0000029e5167c020, 0x0000029e5167c6b0,
0x0000029e51678ba0, 0x0000029e5167cd40, 0x0000029e5167d3d0, 0x0000029e517e9760,
0x0000029e517e83b0, 0x0000029e517e4f30, 0x0000029e517e55c0, 0x0000029e4bdbdd50,
0x0000029e4bdba240, 0x0000029e4bdbaf60, 0x0000029e49010880, 0x0000029e49013670,
0x0000029e5167e0f0, 0x0000029e485a7f50, 0x0000029e517745d0, 0x0000029e517766a0,
0x0000029e51779b20, 0x0000029e51777a50, 0x0000029e51776d30, 0x0000029e51778770,
0x0000029e5177a1b0, 0x0000029e5177a840, 0x0000029e517773c0, 0x0000029e5177b560,
0x0000029e5177bbf0, 0x0000029e517817d0, 0x0000029e5177cfa0, 0x0000029e51780420,
0x0000029e51782b80, 0x0000029e5177c910, 0x0000029e5177f070, 0x0000029e5177c280,
0x0000029e5177d630, 0x0000029e5177e350, 0x0000029e51780ab0, 0x0000029e51781e60,
0x0000029e5177f700, 0x0000029e517824f0, 0x0000029e5177e9e0, 0x0000029e51781140,
0x0000029e478d4960, 0x0000029e478dabd0, 0x0000029e478d9820, 0x0000029e478d3c40,
0x0000029e478db260, 0x0000029e478d8b00, 0x0000029e478d9eb0, 0x0000029e478d6a30,
0x0000029e478da540, 0x0000029e478d9190, 0x0000029e478d42d0, 0x0000029e478d70c0,
0x0000029e478db8f0, 0x0000029e478d63a0, 0x0000029e478d7750, 0x0000029e478d8470,
0x0000029e478d7de0, 0x0000029e478dbf80, 0x0000029e478d4ff0, 0x0000029e4c714980,
0x0000029e478dc610, 0x0000029e478d5680, 0x0000029e478dcca0, 0x0000029e478d5d10,
0x0000029e478e2f10, 0x0000029e478e07b0, 0x0000029e478dd9c0, 0x0000029e478de6e0,
0x0000029e478e0120, 0x0000029e478de050, 0x0000029e478dfa90, 0x0000029e478ded70,
0x0000029e478e14d0, 0x0000029e478e21f0, 0x0000029e478e2880, 0x0000029e478df400,
0x0000029e478dd330, 0x0000029e4c60e860, 0x0000029e4c60c100, 0x0000029e4c60e1d0,
0x0000029e4c6078d0, 0x0000029e4c7164c0, 0x0000029e52825620
}

Java Threads: ( => current thread )
  0x0000029e58a07310 JavaThread "main"                              [_thread_blocked, id=19404, stack(0x000000b2e7b00000,0x000000b2e7c00000) (1024K)]
  0x0000029e77a04720 JavaThread "Reference Handler"          daemon [_thread_blocked, id=28748, stack(0x000000b2e8300000,0x000000b2e8400000) (1024K)]
  0x0000029e77a05330 JavaThread "Finalizer"                  daemon [_thread_blocked, id=19300, stack(0x000000b2e8400000,0x000000b2e8500000) (1024K)]
  0x0000029e77a0b670 JavaThread "Signal Dispatcher"          daemon [_thread_blocked, id=9504, stack(0x000000b2e8500000,0x000000b2e8600000) (1024K)]
  0x0000029e77a0c430 JavaThread "Attach Listener"            daemon [_thread_blocked, id=12620, stack(0x000000b2e8600000,0x000000b2e8700000) (1024K)]
  0x0000029e77a0d7e0 JavaThread "Service Thread"             daemon [_thread_blocked, id=27756, stack(0x000000b2e8700000,0x000000b2e8800000) (1024K)]
  0x0000029e77a0eb90 JavaThread "Monitor Deflation Thread"   daemon [_thread_blocked, id=12148, stack(0x000000b2e8800000,0x000000b2e8900000) (1024K)]
  0x0000029e77a1d180 JavaThread "C2 CompilerThread0"         daemon [_thread_blocked, id=23376, stack(0x000000b2e8900000,0x000000b2e8a00000) (1024K)]
  0x0000029e77a1e7e0 JavaThread "C1 CompilerThread0"         daemon [_thread_blocked, id=29088, stack(0x000000b2e8a00000,0x000000b2e8b00000) (1024K)]
  0x0000029e451c85b0 JavaThread "Common-Cleaner"             daemon [_thread_blocked, id=20388, stack(0x000000b2e8b00000,0x000000b2e8c00000) (1024K)]
  0x0000029e453504a0 JavaThread "Notification Thread"        daemon [_thread_blocked, id=28340, stack(0x000000b2e8d00000,0x000000b2e8e00000) (1024K)]
  0x0000029e456970b0 JavaThread "Daemon health stats"               [_thread_blocked, id=26628, stack(0x000000b2e9600000,0x000000b2e9700000) (1024K)]
  0x0000029e46ab2cc0 JavaThread "Incoming local TCP Connector on port 60993"        [_thread_in_native, id=24496, stack(0x000000b2e9700000,0x000000b2e9800000) (1024K)]
  0x0000029e46b5a4e0 JavaThread "Daemon periodic checks"            [_thread_blocked, id=11084, stack(0x000000b2e9800000,0x000000b2e9900000) (1024K)]
  0x0000029e46ec0730 JavaThread "Daemon"                            [_thread_blocked, id=5136, stack(0x000000b2e9900000,0x000000b2e9a00000) (1024K)]
  0x0000029e46b48ae0 JavaThread "Handler for socket connection from /127.0.0.1:60993 to /127.0.0.1:60994"        [_thread_in_native, id=28352, stack(0x000000b2e9a00000,0x000000b2e9b00000) (1024K)]
  0x0000029e46df5a50 JavaThread "Cancel handler"                    [_thread_blocked, id=16624, stack(0x000000b2e9b00000,0x000000b2e9c00000) (1024K)]
  0x0000029e46df7b20 JavaThread "Daemon worker"                     [_thread_blocked, id=14976, stack(0x000000b2e9c00000,0x000000b2e9d00000) (1024K)]
  0x0000029e46df53c0 JavaThread "Asynchronous log dispatcher for DefaultDaemonConnection: socket connection from /127.0.0.1:60993 to /127.0.0.1:60994"        [_thread_blocked, id=23948, stack(0x000000b2e9d00000,0x000000b2e9e00000) (1024K)]
  0x0000029e46df6770 JavaThread "Stdin handler"                     [_thread_blocked, id=13740, stack(0x000000b2e9e00000,0x000000b2e9f00000) (1024K)]
  0x0000029e46df6e00 JavaThread "Daemon client event forwarder"        [_thread_blocked, id=5104, stack(0x000000b2e9f00000,0x000000b2ea000000) (1024K)]
  0x0000029e46df4d30 JavaThread "Cache worker for journal cache (C:\Users\name\.gradle\caches\journal-1)"        [_thread_blocked, id=28112, stack(0x000000b2ea000000,0x000000b2ea100000) (1024K)]
  0x0000029e46df81b0 JavaThread "File lock request listener"        [_thread_in_native, id=27400, stack(0x000000b2ea100000,0x000000b2ea200000) (1024K)]
  0x0000029e46df60e0 JavaThread "Cache worker for file hash cache (C:\Users\name\.gradle\caches\8.13\fileHashes)"        [_thread_blocked, id=28056, stack(0x000000b2ea200000,0x000000b2ea300000) (1024K)]
  0x0000029e49015740 JavaThread "Cache worker for file hash cache (D:\app_ungdung\.gradle\8.13\fileHashes)"        [_thread_blocked, id=22964, stack(0x000000b2ea600000,0x000000b2ea700000) (1024K)]
  0x0000029e49016460 JavaThread "Cache worker for Build Output Cleanup Cache (D:\app_ungdung\.gradle\buildOutputCleanup)"        [_thread_blocked, id=26936, stack(0x000000b2ea700000,0x000000b2ea800000) (1024K)]
  0x0000029e49011c30 JavaThread "File watcher server"        daemon [_thread_blocked, id=18932, stack(0x000000b2ea800000,0x000000b2ea900000) (1024K)]
  0x0000029e4900f4d0 JavaThread "File watcher consumer"      daemon [_thread_blocked, id=20056, stack(0x000000b2ea900000,0x000000b2eaa00000) (1024K)]
  0x0000029e490150b0 JavaThread "Cache worker for checksums cache (D:\app_ungdung\.gradle\8.13\checksums)"        [_thread_blocked, id=24664, stack(0x000000b2eaa00000,0x000000b2eab00000) (1024K)]
  0x0000029e490101f0 JavaThread "Cache worker for file content cache (C:\Users\name\.gradle\caches\8.13\fileContent)"        [_thread_blocked, id=21636, stack(0x000000b2eab00000,0x000000b2eac00000) (1024K)]
  0x0000029e49016af0 JavaThread "Cache worker for cache directory md-supplier (C:\Users\name\.gradle\caches\8.13\md-supplier)"        [_thread_blocked, id=17152, stack(0x000000b2eac00000,0x000000b2ead00000) (1024K)]
  0x0000029e4900fb60 JavaThread "Cache worker for cache directory md-rule (C:\Users\name\.gradle\caches\8.13\md-rule)"        [_thread_blocked, id=15596, stack(0x000000b2ead00000,0x000000b2eae00000) (1024K)]
  0x0000029e47add1e0 JavaThread "Unconstrained build operations"        [_thread_blocked, id=18812, stack(0x000000b2eae00000,0x000000b2eaf00000) (1024K)]
  0x0000029e47adb110 JavaThread "Unconstrained build operations Thread 2"        [_thread_blocked, id=11328, stack(0x000000b2eaf00000,0x000000b2eb000000) (1024K)]
  0x0000029e47adf940 JavaThread "Unconstrained build operations Thread 3"        [_thread_blocked, id=24020, stack(0x000000b2eb000000,0x000000b2eb100000) (1024K)]
  0x0000029e47addf00 JavaThread "Unconstrained build operations Thread 4"        [_thread_blocked, id=22300, stack(0x000000b2eb100000,0x000000b2eb200000) (1024K)]
  0x0000029e47add870 JavaThread "Unconstrained build operations Thread 5"        [_thread_blocked, id=9008, stack(0x000000b2eb200000,0x000000b2eb300000) (1024K)]
  0x0000029e47ad89b0 JavaThread "Unconstrained build operations Thread 6"        [_thread_blocked, id=9108, stack(0x000000b2eb300000,0x000000b2eb400000) (1024K)]
  0x0000029e47ada3f0 JavaThread "Unconstrained build operations Thread 7"        [_thread_blocked, id=16172, stack(0x000000b2eb400000,0x000000b2eb500000) (1024K)]
  0x0000029e47adffd0 JavaThread "Unconstrained build operations Thread 8"        [_thread_blocked, id=14892, stack(0x000000b2eb500000,0x000000b2eb600000) (1024K)]
  0x0000029e47ad96d0 JavaThread "Unconstrained build operations Thread 9"        [_thread_blocked, id=11636, stack(0x000000b2eb600000,0x000000b2eb700000) (1024K)]
  0x0000029e47adc4c0 JavaThread "Unconstrained build operations Thread 10"        [_thread_blocked, id=25472, stack(0x000000b2eb700000,0x000000b2eb800000) (1024K)]
  0x0000029e47ad9d60 JavaThread "Unconstrained build operations Thread 11"        [_thread_blocked, id=25704, stack(0x000000b2eb800000,0x000000b2eb900000) (1024K)]
  0x0000029e47adb7a0 JavaThread "Unconstrained build operations Thread 12"        [_thread_blocked, id=7492, stack(0x000000b2eb900000,0x000000b2eba00000) (1024K)]
  0x0000029e47ade590 JavaThread "Unconstrained build operations Thread 13"        [_thread_blocked, id=1708, stack(0x000000b2eba00000,0x000000b2ebb00000) (1024K)]
  0x0000029e47adec20 JavaThread "Unconstrained build operations Thread 14"        [_thread_blocked, id=28764, stack(0x000000b2ebb00000,0x000000b2ebc00000) (1024K)]
  0x0000029e471651b0 JavaThread "Unconstrained build operations Thread 15"        [_thread_blocked, id=25184, stack(0x000000b2ebc00000,0x000000b2ebd00000) (1024K)]
  0x0000029e47167280 JavaThread "Unconstrained build operations Thread 16"        [_thread_blocked, id=9916, stack(0x000000b2ebd00000,0x000000b2ebe00000) (1024K)]
  0x0000029e47165840 JavaThread "Unconstrained build operations Thread 17"        [_thread_blocked, id=552, stack(0x000000b2ebe00000,0x000000b2ebf00000) (1024K)]
  0x0000029e47160980 JavaThread "Unconstrained build operations Thread 18"        [_thread_blocked, id=968, stack(0x000000b2ebf00000,0x000000b2ec000000) (1024K)]
  0x0000029e47167910 JavaThread "Unconstrained build operations Thread 19"        [_thread_blocked, id=4360, stack(0x000000b2ec000000,0x000000b2ec100000) (1024K)]
  0x0000029e47167fa0 JavaThread "Unconstrained build operations Thread 20"        [_thread_blocked, id=21672, stack(0x000000b2ec100000,0x000000b2ec200000) (1024K)]
  0x0000029e471623c0 JavaThread "Unconstrained build operations Thread 21"        [_thread_blocked, id=3784, stack(0x000000b2ec200000,0x000000b2ec300000) (1024K)]
  0x0000029e47166bf0 JavaThread "Unconstrained build operations Thread 22"        [_thread_blocked, id=28072, stack(0x000000b2ec300000,0x000000b2ec400000) (1024K)]
  0x0000029e47164b20 JavaThread "Unconstrained build operations Thread 23"        [_thread_blocked, id=27252, stack(0x000000b2ec400000,0x000000b2ec500000) (1024K)]
  0x0000029e47161010 JavaThread "Unconstrained build operations Thread 24"        [_thread_blocked, id=27372, stack(0x000000b2ec500000,0x000000b2ec600000) (1024K)]
  0x0000029e471616a0 JavaThread "Unconstrained build operations Thread 25"        [_thread_blocked, id=21920, stack(0x000000b2ec600000,0x000000b2ec700000) (1024K)]
  0x0000029e47162a50 JavaThread "Unconstrained build operations Thread 26"        [_thread_blocked, id=4892, stack(0x000000b2ec700000,0x000000b2ec800000) (1024K)]
  0x0000029e471630e0 JavaThread "Unconstrained build operations Thread 27"        [_thread_blocked, id=9980, stack(0x000000b2ec800000,0x000000b2ec900000) (1024K)]
  0x0000029e47163770 JavaThread "Unconstrained build operations Thread 28"        [_thread_blocked, id=8792, stack(0x000000b2ec900000,0x000000b2eca00000) (1024K)]
  0x0000029e47165ed0 JavaThread "Unconstrained build operations Thread 29"        [_thread_blocked, id=18240, stack(0x000000b2eca00000,0x000000b2ecb00000) (1024K)]
  0x0000029e47163e00 JavaThread "Unconstrained build operations Thread 30"        [_thread_blocked, id=14012, stack(0x000000b2ecb00000,0x000000b2ecc00000) (1024K)]
  0x0000029e47164490 JavaThread "Unconstrained build operations Thread 31"        [_thread_blocked, id=20692, stack(0x000000b2ecc00000,0x000000b2ecd00000) (1024K)]
  0x0000029e47166560 JavaThread "Unconstrained build operations Thread 32"        [_thread_blocked, id=22884, stack(0x000000b2ecd00000,0x000000b2ece00000) (1024K)]
  0x0000029e48f6c630 JavaThread "Unconstrained build operations Thread 33"        [_thread_blocked, id=7424, stack(0x000000b2ece00000,0x000000b2ecf00000) (1024K)]
  0x0000029e48f6b910 JavaThread "Memory manager"                    [_thread_blocked, id=1996, stack(0x000000b2ecf00000,0x000000b2ed000000) (1024K)]
  0x0000029e49014390 JavaThread "build event listener"              [_thread_blocked, id=28844, stack(0x000000b2ed000000,0x000000b2ed100000) (1024K)]
  0x0000029e517eab10 JavaThread "pool-3-thread-1"                   [_thread_blocked, id=24260, stack(0x000000b2e8c00000,0x000000b2e8d00000) (1024K)]
  0x0000029e517e90d0 JavaThread "build event listener"              [_thread_blocked, id=18800, stack(0x000000b2ed100000,0x000000b2ed200000) (1024K)]
  0x0000029e517eb1a0 JavaThread "included builds"                   [_thread_blocked, id=9196, stack(0x000000b2ed200000,0x000000b2ed300000) (1024K)]
  0x0000029e517e7d20 JavaThread "Execution worker"                  [_thread_blocked, id=24856, stack(0x000000b2ed300000,0x000000b2ed400000) (1024K)]
  0x0000029e517e7000 JavaThread "Execution worker Thread 2"         [_thread_blocked, id=17848, stack(0x000000b2ed400000,0x000000b2ed500000) (1024K)]
  0x0000029e517e62e0 JavaThread "Execution worker Thread 3"         [_thread_blocked, id=13892, stack(0x000000b2ed500000,0x000000b2ed600000) (1024K)]
  0x0000029e517ec550 JavaThread "Execution worker Thread 4"         [_thread_blocked, id=18332, stack(0x000000b2ed600000,0x000000b2ed700000) (1024K)]
  0x0000029e517e5c50 JavaThread "Execution worker Thread 5"         [_thread_blocked, id=18104, stack(0x000000b2ed700000,0x000000b2ed800000) (1024K)]
  0x0000029e517e8a40 JavaThread "Execution worker Thread 6"         [_thread_blocked, id=21832, stack(0x000000b2ed800000,0x000000b2ed900000) (1024K)]
  0x0000029e517e6970 JavaThread "Execution worker Thread 7"         [_thread_blocked, id=26516, stack(0x000000b2ed900000,0x000000b2eda00000) (1024K)]
  0x0000029e517e7690 JavaThread "Execution worker Thread 8"         [_thread_blocked, id=23296, stack(0x000000b2eda00000,0x000000b2edb00000) (1024K)]
  0x0000029e4bdbd030 JavaThread "Execution worker Thread 9"         [_thread_blocked, id=2608, stack(0x000000b2edb00000,0x000000b2edc00000) (1024K)]
  0x0000029e4bdbbc80 JavaThread "Execution worker Thread 10"        [_thread_blocked, id=12328, stack(0x000000b2edc00000,0x000000b2edd00000) (1024K)]
  0x0000029e4bdb8170 JavaThread "Execution worker Thread 11"        [_thread_blocked, id=8960, stack(0x000000b2edd00000,0x000000b2ede00000) (1024K)]
  0x0000029e511bf0c0 JavaThread "Cache worker for execution history cache (D:\app_ungdung\.gradle\8.13\executionHistory)"        [_thread_blocked, id=18968, stack(0x000000b2ede00000,0x000000b2edf00000) (1024K)]
  0x0000029e511bd680 JavaThread "Unconstrained build operations Thread 34"        [_thread_blocked, id=19108, stack(0x000000b2edf00000,0x000000b2ee000000) (1024K)]
  0x0000029e511baf20 JavaThread "Unconstrained build operations Thread 35"        [_thread_blocked, id=10164, stack(0x000000b2ee000000,0x000000b2ee100000) (1024K)]
  0x0000029e511bdd10 JavaThread "Unconstrained build operations Thread 36"        [_thread_blocked, id=2004, stack(0x000000b2ee100000,0x000000b2ee200000) (1024K)]
  0x0000029e511b9b70 JavaThread "Unconstrained build operations Thread 37"        [_thread_blocked, id=16708, stack(0x000000b2ee200000,0x000000b2ee300000) (1024K)]
  0x0000029e511bc960 JavaThread "Unconstrained build operations Thread 38"        [_thread_blocked, id=28236, stack(0x000000b2ee300000,0x000000b2ee400000) (1024K)]
  0x0000029e511bf750 JavaThread "Unconstrained build operations Thread 39"        [_thread_blocked, id=14820, stack(0x000000b2ee400000,0x000000b2ee500000) (1024K)]
  0x0000029e511bea30 JavaThread "Unconstrained build operations Thread 40"        [_thread_blocked, id=24476, stack(0x000000b2ee500000,0x000000b2ee600000) (1024K)]
  0x0000029e511ba200 JavaThread "Unconstrained build operations Thread 41"        [_thread_blocked, id=20556, stack(0x000000b2ee600000,0x000000b2ee700000) (1024K)]
  0x0000029e511bfde0 JavaThread "Unconstrained build operations Thread 42"        [_thread_blocked, id=22700, stack(0x000000b2ee700000,0x000000b2ee800000) (1024K)]
  0x0000029e511bb5b0 JavaThread "Unconstrained build operations Thread 43"        [_thread_blocked, id=11048, stack(0x000000b2ee800000,0x000000b2ee900000) (1024K)]
  0x0000029e511bc2d0 JavaThread "Unconstrained build operations Thread 44"        [_thread_blocked, id=28416, stack(0x000000b2ee900000,0x000000b2eea00000) (1024K)]
  0x0000029e511c0470 JavaThread "WorkerExecutor Queue"              [_thread_blocked, id=28740, stack(0x000000b2eea00000,0x000000b2eeb00000) (1024K)]
  0x0000029e511b94e0 JavaThread "Unconstrained build operations Thread 45"        [_thread_blocked, id=20636, stack(0x000000b2eeb00000,0x000000b2eec00000) (1024K)]
  0x0000029e511ba890 JavaThread "Unconstrained build operations Thread 46"        [_thread_blocked, id=21840, stack(0x000000b2eec00000,0x000000b2eed00000) (1024K)]
  0x0000029e511bcff0 JavaThread "Unconstrained build operations Thread 47"        [_thread_blocked, id=22024, stack(0x000000b2eed00000,0x000000b2eee00000) (1024K)]
  0x0000029e511be3a0 JavaThread "Unconstrained build operations Thread 48"        [_thread_blocked, id=16152, stack(0x000000b2eee00000,0x000000b2eef00000) (1024K)]
  0x0000029e485aa6b0 JavaThread "Unconstrained build operations Thread 49"        [_thread_blocked, id=324, stack(0x000000b2eef00000,0x000000b2ef000000) (1024K)]
  0x0000029e485ace10 JavaThread "Unconstrained build operations Thread 50"        [_thread_blocked, id=27100, stack(0x000000b2ef000000,0x000000b2ef100000) (1024K)]
  0x0000029e485a6ba0 JavaThread "Unconstrained build operations Thread 51"        [_thread_blocked, id=25132, stack(0x000000b2ef100000,0x000000b2ef200000) (1024K)]
  0x0000029e485a9300 JavaThread "Unconstrained build operations Thread 52"        [_thread_blocked, id=26084, stack(0x000000b2ef200000,0x000000b2ef300000) (1024K)]
  0x0000029e485a6510 JavaThread "Unconstrained build operations Thread 53"        [_thread_blocked, id=22432, stack(0x000000b2ef300000,0x000000b2ef400000) (1024K)]
  0x0000029e485adb30 JavaThread "Unconstrained build operations Thread 54"        [_thread_blocked, id=29268, stack(0x000000b2ef400000,0x000000b2ef500000) (1024K)]
  0x0000029e4bdb9bb0 JavaThread "Unconstrained build operations Thread 55"        [_thread_blocked, id=6816, stack(0x000000b2ef500000,0x000000b2ef600000) (1024K)]
  0x0000029e5167b990 JavaThread "WorkerExecutor Queue Thread 4"        [_thread_blocked, id=21980, stack(0x000000b2ef800000,0x000000b2ef900000) (1024K)]
  0x0000029e51677160 JavaThread "WorkerExecutor Queue Thread 5"        [_thread_blocked, id=20472, stack(0x000000b2ef900000,0x000000b2efa00000) (1024K)]
  0x0000029e51679f50 JavaThread "WorkerExecutor Queue Thread 6"        [_thread_blocked, id=8484, stack(0x000000b2efa00000,0x000000b2efb00000) (1024K)]
  0x0000029e5167ac70 JavaThread "WorkerExecutor Queue Thread 7"        [_thread_blocked, id=26088, stack(0x000000b2efb00000,0x000000b2efc00000) (1024K)]
  0x0000029e51678510 JavaThread "WorkerExecutor Queue Thread 8"        [_thread_blocked, id=29012, stack(0x000000b2efc00000,0x000000b2efd00000) (1024K)]
  0x0000029e5167c020 JavaThread "WorkerExecutor Queue Thread 9"        [_thread_blocked, id=14724, stack(0x000000b2efd00000,0x000000b2efe00000) (1024K)]
  0x0000029e5167c6b0 JavaThread "WorkerExecutor Queue Thread 10"        [_thread_blocked, id=8020, stack(0x000000b2efe00000,0x000000b2eff00000) (1024K)]
  0x0000029e51678ba0 JavaThread "WorkerExecutor Queue Thread 11"        [_thread_blocked, id=22600, stack(0x000000b2eff00000,0x000000b2f0000000) (1024K)]
  0x0000029e5167cd40 JavaThread "WorkerExecutor Queue Thread 12"        [_thread_blocked, id=21332, stack(0x000000b2f0000000,0x000000b2f0100000) (1024K)]
  0x0000029e5167d3d0 JavaThread "Unconstrained build operations Thread 56"        [_thread_blocked, id=26764, stack(0x000000b2f0100000,0x000000b2f0200000) (1024K)]
  0x0000029e517e9760 JavaThread "Unconstrained build operations Thread 57"        [_thread_blocked, id=7888, stack(0x000000b2f0200000,0x000000b2f0300000) (1024K)]
  0x0000029e517e83b0 JavaThread "Unconstrained build operations Thread 58"        [_thread_blocked, id=29396, stack(0x000000b2f0300000,0x000000b2f0400000) (1024K)]
  0x0000029e517e4f30 JavaThread "Unconstrained build operations Thread 59"        [_thread_blocked, id=17864, stack(0x000000b2f0400000,0x000000b2f0500000) (1024K)]
  0x0000029e517e55c0 JavaThread "Unconstrained build operations Thread 60"        [_thread_blocked, id=29272, stack(0x000000b2f0500000,0x000000b2f0600000) (1024K)]
  0x0000029e4bdbdd50 JavaThread "Unconstrained build operations Thread 61"        [_thread_blocked, id=20204, stack(0x000000b2f0600000,0x000000b2f0700000) (1024K)]
  0x0000029e4bdba240 JavaThread "Unconstrained build operations Thread 62"        [_thread_blocked, id=28496, stack(0x000000b2f0700000,0x000000b2f0800000) (1024K)]
  0x0000029e4bdbaf60 JavaThread "Unconstrained build operations Thread 63"        [_thread_blocked, id=29668, stack(0x000000b2f0800000,0x000000b2f0900000) (1024K)]
  0x0000029e49010880 JavaThread "Unconstrained build operations Thread 64"        [_thread_blocked, id=28876, stack(0x000000b2f0900000,0x000000b2f0a00000) (1024K)]
  0x0000029e49013670 JavaThread "Unconstrained build operations Thread 65"        [_thread_blocked, id=13436, stack(0x000000b2f0a00000,0x000000b2f0b00000) (1024K)]
  0x0000029e5167e0f0 JavaThread "Unconstrained build operations Thread 66"        [_thread_blocked, id=20308, stack(0x000000b2f0b00000,0x000000b2f0c00000) (1024K)]
  0x0000029e485a7f50 JavaThread "Unconstrained build operations Thread 67"        [_thread_blocked, id=26696, stack(0x000000b2f0c00000,0x000000b2f0d00000) (1024K)]
  0x0000029e517745d0 JavaThread "Unconstrained build operations Thread 68"        [_thread_blocked, id=28704, stack(0x000000b2f0d00000,0x000000b2f0e00000) (1024K)]
  0x0000029e517766a0 JavaThread "Unconstrained build operations Thread 69"        [_thread_blocked, id=26244, stack(0x000000b2f0e00000,0x000000b2f0f00000) (1024K)]
  0x0000029e51779b20 JavaThread "Unconstrained build operations Thread 70"        [_thread_blocked, id=7736, stack(0x000000b2f0f00000,0x000000b2f1000000) (1024K)]
  0x0000029e51777a50 JavaThread "Unconstrained build operations Thread 71"        [_thread_blocked, id=28652, stack(0x000000b2f1000000,0x000000b2f1100000) (1024K)]
  0x0000029e51776d30 JavaThread "Unconstrained build operations Thread 72"        [_thread_blocked, id=28628, stack(0x000000b2f1100000,0x000000b2f1200000) (1024K)]
  0x0000029e51778770 JavaThread "Unconstrained build operations Thread 73"        [_thread_blocked, id=13608, stack(0x000000b2f1200000,0x000000b2f1300000) (1024K)]
  0x0000029e5177a1b0 JavaThread "Unconstrained build operations Thread 74"        [_thread_blocked, id=16428, stack(0x000000b2f1300000,0x000000b2f1400000) (1024K)]
  0x0000029e5177a840 JavaThread "Unconstrained build operations Thread 75"        [_thread_blocked, id=5044, stack(0x000000b2f1400000,0x000000b2f1500000) (1024K)]
  0x0000029e517773c0 JavaThread "Unconstrained build operations Thread 76"        [_thread_blocked, id=25160, stack(0x000000b2f1500000,0x000000b2f1600000) (1024K)]
  0x0000029e5177b560 JavaThread "Unconstrained build operations Thread 77"        [_thread_blocked, id=26012, stack(0x000000b2f1600000,0x000000b2f1700000) (1024K)]
  0x0000029e5177bbf0 JavaThread "Unconstrained build operations Thread 78"        [_thread_blocked, id=13668, stack(0x000000b2f1700000,0x000000b2f1800000) (1024K)]
  0x0000029e517817d0 JavaThread "Unconstrained build operations Thread 79"        [_thread_blocked, id=24736, stack(0x000000b2f1800000,0x000000b2f1900000) (1024K)]
  0x0000029e5177cfa0 JavaThread "Unconstrained build operations Thread 80"        [_thread_blocked, id=4256, stack(0x000000b2f1900000,0x000000b2f1a00000) (1024K)]
  0x0000029e51780420 JavaThread "Unconstrained build operations Thread 81"        [_thread_blocked, id=8932, stack(0x000000b2f1a00000,0x000000b2f1b00000) (1024K)]
  0x0000029e51782b80 JavaThread "Unconstrained build operations Thread 82"        [_thread_blocked, id=5772, stack(0x000000b2f1b00000,0x000000b2f1c00000) (1024K)]
  0x0000029e5177c910 JavaThread "Unconstrained build operations Thread 83"        [_thread_blocked, id=14000, stack(0x000000b2f1c00000,0x000000b2f1d00000) (1024K)]
  0x0000029e5177f070 JavaThread "Unconstrained build operations Thread 84"        [_thread_blocked, id=29276, stack(0x000000b2f1d00000,0x000000b2f1e00000) (1024K)]
  0x0000029e5177c280 JavaThread "Unconstrained build operations Thread 85"        [_thread_blocked, id=28488, stack(0x000000b2f1e00000,0x000000b2f1f00000) (1024K)]
  0x0000029e5177d630 JavaThread "Unconstrained build operations Thread 86"        [_thread_blocked, id=24580, stack(0x000000b2f1f00000,0x000000b2f2000000) (1024K)]
  0x0000029e5177e350 JavaThread "Unconstrained build operations Thread 87"        [_thread_blocked, id=13324, stack(0x000000b2f2000000,0x000000b2f2100000) (1024K)]
  0x0000029e51780ab0 JavaThread "Unconstrained build operations Thread 88"        [_thread_blocked, id=12108, stack(0x000000b2f2100000,0x000000b2f2200000) (1024K)]
  0x0000029e51781e60 JavaThread "Unconstrained build operations Thread 89"        [_thread_blocked, id=4324, stack(0x000000b2f2200000,0x000000b2f2300000) (1024K)]
  0x0000029e5177f700 JavaThread "WorkerExecutor Queue Thread 13"        [_thread_blocked, id=15040, stack(0x000000b2f2300000,0x000000b2f2400000) (1024K)]
  0x0000029e517824f0 JavaThread "Unconstrained build operations Thread 90"        [_thread_blocked, id=27352, stack(0x000000b2f2400000,0x000000b2f2500000) (1024K)]
  0x0000029e5177e9e0 JavaThread "Unconstrained build operations Thread 91"        [_thread_blocked, id=27792, stack(0x000000b2f2500000,0x000000b2f2600000) (1024K)]
  0x0000029e51781140 JavaThread "Unconstrained build operations Thread 92"        [_thread_blocked, id=27020, stack(0x000000b2f2600000,0x000000b2f2700000) (1024K)]
  0x0000029e478d4960 JavaThread "Unconstrained build operations Thread 93"        [_thread_blocked, id=9696, stack(0x000000b2f2700000,0x000000b2f2800000) (1024K)]
  0x0000029e478dabd0 JavaThread "Unconstrained build operations Thread 94"        [_thread_blocked, id=19560, stack(0x000000b2f2800000,0x000000b2f2900000) (1024K)]
  0x0000029e478d9820 JavaThread "Unconstrained build operations Thread 95"        [_thread_blocked, id=25876, stack(0x000000b2f2900000,0x000000b2f2a00000) (1024K)]
  0x0000029e478d3c40 JavaThread "Unconstrained build operations Thread 96"        [_thread_blocked, id=28708, stack(0x000000b2f2a00000,0x000000b2f2b00000) (1024K)]
  0x0000029e478db260 JavaThread "Unconstrained build operations Thread 97"        [_thread_blocked, id=7792, stack(0x000000b2f2b00000,0x000000b2f2c00000) (1024K)]
  0x0000029e478d8b00 JavaThread "Unconstrained build operations Thread 98"        [_thread_blocked, id=3416, stack(0x000000b2f2c00000,0x000000b2f2d00000) (1024K)]
  0x0000029e478d9eb0 JavaThread "Unconstrained build operations Thread 99"        [_thread_blocked, id=21940, stack(0x000000b2f2d00000,0x000000b2f2e00000) (1024K)]
  0x0000029e478d6a30 JavaThread "Unconstrained build operations Thread 100"        [_thread_blocked, id=13300, stack(0x000000b2f2e00000,0x000000b2f2f00000) (1024K)]
  0x0000029e478da540 JavaThread "Unconstrained build operations Thread 101"        [_thread_blocked, id=16968, stack(0x000000b2f2f00000,0x000000b2f3000000) (1024K)]
  0x0000029e478d9190 JavaThread "Unconstrained build operations Thread 102"        [_thread_blocked, id=1588, stack(0x000000b2f3000000,0x000000b2f3100000) (1024K)]
  0x0000029e478d42d0 JavaThread "Unconstrained build operations Thread 103"        [_thread_blocked, id=9328, stack(0x000000b2f3100000,0x000000b2f3200000) (1024K)]
  0x0000029e478d70c0 JavaThread "Unconstrained build operations Thread 104"        [_thread_blocked, id=13188, stack(0x000000b2f3200000,0x000000b2f3300000) (1024K)]
  0x0000029e478db8f0 JavaThread "Unconstrained build operations Thread 105"        [_thread_blocked, id=22292, stack(0x000000b2f3300000,0x000000b2f3400000) (1024K)]
  0x0000029e478d63a0 JavaThread "Unconstrained build operations Thread 106"        [_thread_blocked, id=15976, stack(0x000000b2f3400000,0x000000b2f3500000) (1024K)]
  0x0000029e478d7750 JavaThread "Unconstrained build operations Thread 107"        [_thread_blocked, id=21516, stack(0x000000b2f3500000,0x000000b2f3600000) (1024K)]
  0x0000029e478d8470 JavaThread "Unconstrained build operations Thread 108"        [_thread_blocked, id=27548, stack(0x000000b2f3600000,0x000000b2f3700000) (1024K)]
  0x0000029e478d7de0 JavaThread "Unconstrained build operations Thread 109"        [_thread_blocked, id=9332, stack(0x000000b2f3700000,0x000000b2f3800000) (1024K)]
  0x0000029e478dbf80 JavaThread "Unconstrained build operations Thread 110"        [_thread_blocked, id=23244, stack(0x000000b2f3800000,0x000000b2f3900000) (1024K)]
  0x0000029e478d4ff0 JavaThread "Unconstrained build operations Thread 111"        [_thread_blocked, id=29456, stack(0x000000b2f3900000,0x000000b2f3a00000) (1024K)]
  0x0000029e4c714980 JavaThread "C2 CompilerThread1"         daemon [_thread_blocked, id=8080, stack(0x000000b2f3a00000,0x000000b2f3b00000) (1024K)]
  0x0000029e478dc610 JavaThread "Unconstrained build operations Thread 112"        [_thread_blocked, id=5888, stack(0x000000b2f3b00000,0x000000b2f3c00000) (1024K)]
  0x0000029e478d5680 JavaThread "Unconstrained build operations Thread 113"        [_thread_blocked, id=25608, stack(0x000000b2f3c00000,0x000000b2f3d00000) (1024K)]
  0x0000029e478dcca0 JavaThread "Unconstrained build operations Thread 114"        [_thread_blocked, id=21860, stack(0x000000b2f3d00000,0x000000b2f3e00000) (1024K)]
  0x0000029e478d5d10 JavaThread "Unconstrained build operations Thread 115"        [_thread_blocked, id=22724, stack(0x000000b2f3e00000,0x000000b2f3f00000) (1024K)]
  0x0000029e478e2f10 JavaThread "Unconstrained build operations Thread 116"        [_thread_blocked, id=15284, stack(0x000000b2f3f00000,0x000000b2f4000000) (1024K)]
  0x0000029e478e07b0 JavaThread "Unconstrained build operations Thread 117"        [_thread_blocked, id=28960, stack(0x000000b2f4000000,0x000000b2f4100000) (1024K)]
  0x0000029e478dd9c0 JavaThread "Unconstrained build operations Thread 118"        [_thread_blocked, id=26036, stack(0x000000b2f4100000,0x000000b2f4200000) (1024K)]
  0x0000029e478de6e0 JavaThread "Unconstrained build operations Thread 119"        [_thread_blocked, id=17404, stack(0x000000b2f4200000,0x000000b2f4300000) (1024K)]
  0x0000029e478e0120 JavaThread "Unconstrained build operations Thread 120"        [_thread_blocked, id=26644, stack(0x000000b2f4300000,0x000000b2f4400000) (1024K)]
  0x0000029e478de050 JavaThread "ForkJoinPool-1-worker-1"    daemon [_thread_blocked, id=25380, stack(0x000000b2ef600000,0x000000b2ef700000) (1024K)]
  0x0000029e478dfa90 JavaThread "ForkJoinPool-1-worker-2"    daemon [_thread_blocked, id=24780, stack(0x000000b2f4400000,0x000000b2f4500000) (1024K)]
  0x0000029e478ded70 JavaThread "ForkJoinPool-1-worker-3"    daemon [_thread_blocked, id=22184, stack(0x000000b2f4500000,0x000000b2f4600000) (1024K)]
  0x0000029e478e14d0 JavaThread "ForkJoinPool-1-worker-4"    daemon [_thread_blocked, id=4648, stack(0x000000b2f4600000,0x000000b2f4700000) (1024K)]
  0x0000029e478e21f0 JavaThread "ForkJoinPool-1-worker-5"    daemon [_thread_blocked, id=14008, stack(0x000000b2f4700000,0x000000b2f4800000) (1024K)]
  0x0000029e478e2880 JavaThread "ForkJoinPool-1-worker-6"    daemon [_thread_blocked, id=27716, stack(0x000000b2f4800000,0x000000b2f4900000) (1024K)]
  0x0000029e478df400 JavaThread "ForkJoinPool-1-worker-7"    daemon [_thread_blocked, id=7756, stack(0x000000b2f4900000,0x000000b2f4a00000) (1024K)]
  0x0000029e478dd330 JavaThread "ForkJoinPool-1-worker-8"    daemon [_thread_blocked, id=11792, stack(0x000000b2f4a00000,0x000000b2f4b00000) (1024K)]
  0x0000029e4c60e860 JavaThread "ForkJoinPool-1-worker-9"    daemon [_thread_blocked, id=14188, stack(0x000000b2f4b00000,0x000000b2f4c00000) (1024K)]
  0x0000029e4c60c100 JavaThread "ForkJoinPool-1-worker-10"   daemon [_thread_blocked, id=25532, stack(0x000000b2f4c00000,0x000000b2f4d00000) (1024K)]
  0x0000029e4c60e1d0 JavaThread "ForkJoinPool-1-worker-11"   daemon [_thread_blocked, id=19352, stack(0x000000b2f4d00000,0x000000b2f4e00000) (1024K)]
  0x0000029e4c6078d0 JavaThread "ForkJoinPool-1-worker-12"   daemon [_thread_blocked, id=16136, stack(0x000000b2f4e00000,0x000000b2f4f00000) (1024K)]
  0x0000029e4c7164c0 JavaThread "C2 CompilerThread2"         daemon [_thread_blocked, id=24120, stack(0x000000b2f4f00000,0x000000b2f5000000) (1024K)]
  0x0000029e52825620 JavaThread "WorkerExecutor Queue Thread 14"        [_thread_blocked, id=24632, stack(0x000000b2f5000000,0x000000b2f5100000) (1024K)]
Total: 195

Other Threads:
=>0x0000029e779eb280 VMThread "VM Thread"                           [id=24820, stack(0x000000b2e8200000,0x000000b2e8300000) (1024K)]
  0x0000029e779d1ee0 WatcherThread "VM Periodic Task Thread"        [id=7208, stack(0x000000b2e8100000,0x000000b2e8200000) (1024K)]
  0x0000029e5ad5c7d0 WorkerThread "GC Thread#0"                     [id=18576, stack(0x000000b2e7c00000,0x000000b2e7d00000) (1024K)]
  0x0000029e45932c40 WorkerThread "GC Thread#1"                     [id=14144, stack(0x000000b2e8e00000,0x000000b2e8f00000) (1024K)]
  0x0000029e4582d210 WorkerThread "GC Thread#2"                     [id=26228, stack(0x000000b2e8f00000,0x000000b2e9000000) (1024K)]
  0x0000029e4591a5d0 WorkerThread "GC Thread#3"                     [id=27056, stack(0x000000b2e9000000,0x000000b2e9100000) (1024K)]
  0x0000029e46165f20 WorkerThread "GC Thread#4"                     [id=14916, stack(0x000000b2e9100000,0x000000b2e9200000) (1024K)]
  0x0000029e46165060 WorkerThread "GC Thread#5"                     [id=24060, stack(0x000000b2e9200000,0x000000b2e9300000) (1024K)]
  0x0000029e461657c0 WorkerThread "GC Thread#6"                     [id=12320, stack(0x000000b2e9300000,0x000000b2e9400000) (1024K)]
  0x0000029e46165410 WorkerThread "GC Thread#7"                     [id=1836, stack(0x000000b2e9400000,0x000000b2e9500000) (1024K)]
  0x0000029e46165b70 WorkerThread "GC Thread#8"                     [id=10028, stack(0x000000b2e9500000,0x000000b2e9600000) (1024K)]
  0x0000029e46e93a70 WorkerThread "GC Thread#9"                     [id=6324, stack(0x000000b2ea300000,0x000000b2ea400000) (1024K)]
  0x0000029e5ad6d970 ConcurrentGCThread "G1 Main Marker"            [id=16884, stack(0x000000b2e7d00000,0x000000b2e7e00000) (1024K)]
  0x0000029e5ad6ec20 WorkerThread "G1 Conc#0"                       [id=17912, stack(0x000000b2e7e00000,0x000000b2e7f00000) (1024K)]
  0x0000029e46e92bb0 WorkerThread "G1 Conc#1"                       [id=5788, stack(0x000000b2ea400000,0x000000b2ea500000) (1024K)]
  0x0000029e46e95440 WorkerThread "G1 Conc#2"                       [id=27336, stack(0x000000b2ea500000,0x000000b2ea600000) (1024K)]
  0x0000029e778a51a0 ConcurrentGCThread "G1 Refine#0"               [id=21460, stack(0x000000b2e7f00000,0x000000b2e8000000) (1024K)]
  0x0000029e778a7b40 ConcurrentGCThread "G1 Service"                [id=8488, stack(0x000000b2e8000000,0x000000b2e8100000) (1024K)]
Total: 18

Threads with active compile tasks:
C2 CompilerThread0  38467 22925       4       com.android.tools.r8.dex.C::a (1016 bytes)
C2 CompilerThread1  38468 22805       4       java.util.concurrent.ForkJoinTask$AdaptedInterruptibleCallable::compute (10 bytes)
C2 CompilerThread2  38468 22802       4       com.android.tools.r8.internal.rt0$$Lambda/0x0000029e021cda28::call (16 bytes)
Total: 3

VM state: at safepoint (normal execution)

VM Mutex/Monitor currently owned by a thread:  ([mutex/lock_event])
[0x00007fffe42acb80] Threads_lock - owner thread: 0x0000029e779eb280
[0x00007fffe42acc80] Heap_lock - owner thread: 0x0000029e478df400

Heap address: 0x0000000080000000, size: 2048 MB, Compressed Oops mode: 32-bit

CDS archive(s) mapped at: [0x0000029e00000000-0x0000029e00c60000-0x0000029e00c60000), size 12976128, SharedBaseAddress: 0x0000029e00000000, ArchiveRelocationMode: 1.
Compressed class space mapped at: 0x0000029e01000000-0x0000029e41000000, reserved size: 1073741824
Narrow klass base: 0x0000029e00000000, Narrow klass shift: 0, Narrow klass range: 0x41000000

GC Precious Log:
 CardTable entry size: 512
 Card Set container configuration: InlinePtr #cards 5 size 8 Array Of Cards #cards 12 size 40 Howl #buckets 4 coarsen threshold 1843 Howl Bitmap #cards 512 size 80 coarsen threshold 460 Card regions per heap region 1 cards per card region 2048
 CPUs: 12 total, 12 available
 Memory: 7532M
 Large Page Support: Disabled
 NUMA Support: Disabled
 Compressed Oops: Enabled (32-bit)
 Heap Region Size: 1M
 Heap Min Capacity: 8M
 Heap Initial Capacity: 118M
 Heap Max Capacity: 2G
 Pre-touch: Disabled
 Parallel Workers: 10
 Concurrent Workers: 3
 Concurrent Refinement Workers: 10
 Periodic GC: Disabled

Heap:
 garbage-first heap   total reserved 2097152K, committed 865280K, used 632320K [0x0000000080000000, 0x0000000100000000)
  region size 1024K, 27 young (27648K), 27 survivors (27648K)
 Metaspace       used 125029K, committed 127488K, reserved 1179648K
  class space    used 17432K, committed 18624K, reserved 1048576K

Heap Regions: E=young(eden), S=young(survivor), O=old, HS=humongous(starts), HC=humongous(continues), CS=collection set, F=free, TAMS=top-at-mark-start, PB=parsable bottom
|   0|0x0000000080000000, 0x0000000080100000, 0x0000000080100000|100%| O|  |TAMS 0x0000000080000000| PB 0x0000000080000000| Untracked |  0
|   1|0x0000000080100000, 0x0000000080200000, 0x0000000080200000|100%|HS|  |TAMS 0x0000000080100000| PB 0x0000000080100000| Complete |  0
|   2|0x0000000080200000, 0x0000000080300000, 0x0000000080300000|100%|HC|  |TAMS 0x0000000080200000| PB 0x0000000080200000| Complete |  0
|   3|0x0000000080300000, 0x0000000080400000, 0x0000000080400000|100%|HC|  |TAMS 0x0000000080300000| PB 0x0000000080300000| Complete |  0
|   4|0x0000000080400000, 0x0000000080500000, 0x0000000080500000|100%| O|  |TAMS 0x0000000080400000| PB 0x0000000080400000| Untracked |  0
|   5|0x0000000080500000, 0x0000000080600000, 0x0000000080600000|100%| O|  |TAMS 0x0000000080500000| PB 0x0000000080500000| Untracked |  0
|   6|0x0000000080600000, 0x0000000080700000, 0x0000000080700000|100%| O|  |TAMS 0x0000000080600000| PB 0x0000000080600000| Untracked |  0
|   7|0x0000000080700000, 0x0000000080800000, 0x0000000080800000|100%|HS|  |TAMS 0x0000000080700000| PB 0x0000000080700000| Complete |  0
|   8|0x0000000080800000, 0x0000000080900000, 0x0000000080900000|100%| O|  |TAMS 0x0000000080800000| PB 0x0000000080800000| Untracked |  0
|   9|0x0000000080900000, 0x0000000080a00000, 0x0000000080a00000|100%| O|  |TAMS 0x0000000080900000| PB 0x0000000080900000| Untracked |  0
|  10|0x0000000080a00000, 0x0000000080b00000, 0x0000000080b00000|100%| O|  |TAMS 0x0000000080a00000| PB 0x0000000080a00000| Untracked |  0
|  11|0x0000000080b00000, 0x0000000080c00000, 0x0000000080c00000|100%| O|  |TAMS 0x0000000080b00000| PB 0x0000000080b00000| Untracked |  0
|  12|0x0000000080c00000, 0x0000000080d00000, 0x0000000080d00000|100%| O|  |TAMS 0x0000000080c00000| PB 0x0000000080c00000| Untracked |  0
|  13|0x0000000080d00000, 0x0000000080e00000, 0x0000000080e00000|100%| O|  |TAMS 0x0000000080d00000| PB 0x0000000080d00000| Untracked |  0
|  14|0x0000000080e00000, 0x0000000080f00000, 0x0000000080f00000|100%| O|  |TAMS 0x0000000080e00000| PB 0x0000000080e00000| Untracked |  0
|  15|0x0000000080f00000, 0x0000000081000000, 0x0000000081000000|100%| O|  |TAMS 0x0000000080f00000| PB 0x0000000080f00000| Untracked |  0
|  16|0x0000000081000000, 0x0000000081100000, 0x0000000081100000|100%| O|  |TAMS 0x0000000081000000| PB 0x0000000081000000| Untracked |  0
|  17|0x0000000081100000, 0x0000000081200000, 0x0000000081200000|100%| O|  |TAMS 0x0000000081100000| PB 0x0000000081100000| Untracked |  0
|  18|0x0000000081200000, 0x0000000081300000, 0x0000000081300000|100%| O|  |TAMS 0x0000000081200000| PB 0x0000000081200000| Untracked |  0
|  19|0x0000000081300000, 0x0000000081400000, 0x0000000081400000|100%| O|  |TAMS 0x0000000081300000| PB 0x0000000081300000| Untracked |  0
|  20|0x0000000081400000, 0x0000000081500000, 0x0000000081500000|100%| O|  |TAMS 0x0000000081400000| PB 0x0000000081400000| Untracked |  0
|  21|0x0000000081500000, 0x0000000081600000, 0x0000000081600000|100%| O|  |TAMS 0x0000000081500000| PB 0x0000000081500000| Untracked |  0
|  22|0x0000000081600000, 0x0000000081700000, 0x0000000081700000|100%| O|  |TAMS 0x0000000081600000| PB 0x0000000081600000| Untracked |  0
|  23|0x0000000081700000, 0x0000000081800000, 0x0000000081800000|100%| O|  |TAMS 0x0000000081700000| PB 0x0000000081700000| Untracked |  0
|  24|0x0000000081800000, 0x0000000081900000, 0x0000000081900000|100%| O|  |TAMS 0x0000000081800000| PB 0x0000000081800000| Untracked |  0
|  25|0x0000000081900000, 0x0000000081a00000, 0x0000000081a00000|100%| O|  |TAMS 0x0000000081900000| PB 0x0000000081900000| Untracked |  0
|  26|0x0000000081a00000, 0x0000000081b00000, 0x0000000081b00000|100%| O|  |TAMS 0x0000000081a00000| PB 0x0000000081a00000| Untracked |  0
|  27|0x0000000081b00000, 0x0000000081c00000, 0x0000000081c00000|100%| O|  |TAMS 0x0000000081b00000| PB 0x0000000081b00000| Untracked |  0
|  28|0x0000000081c00000, 0x0000000081d00000, 0x0000000081d00000|100%| O|  |TAMS 0x0000000081c00000| PB 0x0000000081c00000| Untracked |  0
|  29|0x0000000081d00000, 0x0000000081e00000, 0x0000000081e00000|100%| O|  |TAMS 0x0000000081d00000| PB 0x0000000081d00000| Untracked |  0
|  30|0x0000000081e00000, 0x0000000081f00000, 0x0000000081f00000|100%| O|  |TAMS 0x0000000081e00000| PB 0x0000000081e00000| Untracked |  0
|  31|0x0000000081f00000, 0x0000000082000000, 0x0000000082000000|100%| O|  |TAMS 0x0000000081f00000| PB 0x0000000081f00000| Untracked |  0
|  32|0x0000000082000000, 0x0000000082100000, 0x0000000082100000|100%| O|  |TAMS 0x0000000082000000| PB 0x0000000082000000| Untracked |  0
|  33|0x0000000082100000, 0x0000000082200000, 0x0000000082200000|100%|HS|  |TAMS 0x0000000082100000| PB 0x0000000082100000| Complete |  0
|  34|0x0000000082200000, 0x0000000082300000, 0x0000000082300000|100%|HS|  |TAMS 0x0000000082200000| PB 0x0000000082200000| Complete |  0
|  35|0x0000000082300000, 0x0000000082400000, 0x0000000082400000|100%|HS|  |TAMS 0x0000000082300000| PB 0x0000000082300000| Complete |  0
|  36|0x0000000082400000, 0x0000000082500000, 0x0000000082500000|100%|HC|  |TAMS 0x0000000082400000| PB 0x0000000082400000| Complete |  0
|  37|0x0000000082500000, 0x0000000082600000, 0x0000000082600000|100%|HS|  |TAMS 0x0000000082500000| PB 0x0000000082500000| Complete |  0
|  38|0x0000000082600000, 0x0000000082700000, 0x0000000082700000|100%|HC|  |TAMS 0x0000000082600000| PB 0x0000000082600000| Complete |  0
|  39|0x0000000082700000, 0x0000000082800000, 0x0000000082800000|100%|HS|  |TAMS 0x0000000082700000| PB 0x0000000082700000| Complete |  0
|  40|0x0000000082800000, 0x0000000082900000, 0x0000000082900000|100%| O|  |TAMS 0x0000000082800000| PB 0x0000000082800000| Untracked |  0
|  41|0x0000000082900000, 0x0000000082a00000, 0x0000000082a00000|100%| O|  |TAMS 0x0000000082900000| PB 0x0000000082900000| Untracked |  0
|  42|0x0000000082a00000, 0x0000000082b00000, 0x0000000082b00000|100%| O|  |TAMS 0x0000000082a00000| PB 0x0000000082a00000| Untracked |  0
|  43|0x0000000082b00000, 0x0000000082c00000, 0x0000000082c00000|100%| O|  |TAMS 0x0000000082b00000| PB 0x0000000082b00000| Untracked |  0
|  44|0x0000000082c00000, 0x0000000082d00000, 0x0000000082d00000|100%|HS|  |TAMS 0x0000000082c00000| PB 0x0000000082c00000| Complete |  0
|  45|0x0000000082d00000, 0x0000000082e00000, 0x0000000082e00000|100%| O|  |TAMS 0x0000000082d00000| PB 0x0000000082d00000| Untracked |  0
|  46|0x0000000082e00000, 0x0000000082f00000, 0x0000000082f00000|100%|HS|  |TAMS 0x0000000082e00000| PB 0x0000000082e00000| Complete |  0
|  47|0x0000000082f00000, 0x0000000083000000, 0x0000000083000000|100%|HS|  |TAMS 0x0000000082f00000| PB 0x0000000082f00000| Complete |  0
|  48|0x0000000083000000, 0x0000000083100000, 0x0000000083100000|100%| O|  |TAMS 0x0000000083000000| PB 0x0000000083000000| Untracked |  0
|  49|0x0000000083100000, 0x0000000083200000, 0x0000000083200000|100%| O|  |TAMS 0x0000000083100000| PB 0x0000000083100000| Untracked |  0
|  50|0x0000000083200000, 0x0000000083300000, 0x0000000083300000|100%| O|  |TAMS 0x0000000083200000| PB 0x0000000083200000| Untracked |  0
|  51|0x0000000083300000, 0x0000000083400000, 0x0000000083400000|100%|HS|  |TAMS 0x0000000083300000| PB 0x0000000083300000| Complete |  0
|  52|0x0000000083400000, 0x0000000083500000, 0x0000000083500000|100%|HC|  |TAMS 0x0000000083400000| PB 0x0000000083400000| Complete |  0
|  53|0x0000000083500000, 0x0000000083600000, 0x0000000083600000|100%|HC|  |TAMS 0x0000000083500000| PB 0x0000000083500000| Complete |  0
|  54|0x0000000083600000, 0x0000000083700000, 0x0000000083700000|100%| O|  |TAMS 0x0000000083600000| PB 0x0000000083600000| Untracked |  0
|  55|0x0000000083700000, 0x0000000083800000, 0x0000000083800000|100%| O|  |TAMS 0x0000000083700000| PB 0x0000000083700000| Untracked |  0
|  56|0x0000000083800000, 0x0000000083900000, 0x0000000083900000|100%| O|  |TAMS 0x0000000083800000| PB 0x0000000083800000| Untracked |  0
|  57|0x0000000083900000, 0x0000000083a00000, 0x0000000083a00000|100%| O|  |TAMS 0x0000000083900000| PB 0x0000000083900000| Untracked |  0
|  58|0x0000000083a00000, 0x0000000083b00000, 0x0000000083b00000|100%| O|  |TAMS 0x0000000083a00000| PB 0x0000000083a00000| Untracked |  0
|  59|0x0000000083b00000, 0x0000000083c00000, 0x0000000083c00000|100%| O|  |TAMS 0x0000000083b00000| PB 0x0000000083b00000| Untracked |  0
|  60|0x0000000083c00000, 0x0000000083d00000, 0x0000000083d00000|100%| O|  |TAMS 0x0000000083c00000| PB 0x0000000083c00000| Untracked |  0
|  61|0x0000000083d00000, 0x0000000083e00000, 0x0000000083e00000|100%| O|  |TAMS 0x0000000083d00000| PB 0x0000000083d00000| Untracked |  0
|  62|0x0000000083e00000, 0x0000000083f00000, 0x0000000083f00000|100%| O|  |TAMS 0x0000000083e00000| PB 0x0000000083e00000| Untracked |  0
|  63|0x0000000083f00000, 0x0000000084000000, 0x0000000084000000|100%| O|  |TAMS 0x0000000083f00000| PB 0x0000000083f00000| Untracked |  0
|  64|0x0000000084000000, 0x0000000084100000, 0x0000000084100000|100%| O|  |TAMS 0x0000000084000000| PB 0x0000000084000000| Untracked |  0
|  65|0x0000000084100000, 0x0000000084200000, 0x0000000084200000|100%| O|  |TAMS 0x0000000084100000| PB 0x0000000084100000| Untracked |  0
|  66|0x0000000084200000, 0x0000000084300000, 0x0000000084300000|100%| O|  |TAMS 0x0000000084200000| PB 0x0000000084200000| Untracked |  0
|  67|0x0000000084300000, 0x0000000084400000, 0x0000000084400000|100%| O|  |TAMS 0x0000000084300000| PB 0x0000000084300000| Untracked |  0
|  68|0x0000000084400000, 0x0000000084500000, 0x0000000084500000|100%| O|  |TAMS 0x0000000084400000| PB 0x0000000084400000| Untracked |  0
|  69|0x0000000084500000, 0x0000000084600000, 0x0000000084600000|100%| O|  |TAMS 0x0000000084500000| PB 0x0000000084500000| Untracked |  0
|  70|0x0000000084600000, 0x0000000084700000, 0x0000000084700000|100%| O|  |TAMS 0x0000000084600000| PB 0x0000000084600000| Untracked |  0
|  71|0x0000000084700000, 0x0000000084800000, 0x0000000084800000|100%| O|  |TAMS 0x0000000084700000| PB 0x0000000084700000| Untracked |  0
|  72|0x0000000084800000, 0x0000000084900000, 0x0000000084900000|100%| O|  |TAMS 0x0000000084800000| PB 0x0000000084800000| Untracked |  0
|  73|0x0000000084900000, 0x0000000084a00000, 0x0000000084a00000|100%| O|  |TAMS 0x0000000084900000| PB 0x0000000084900000| Untracked |  0
|  74|0x0000000084a00000, 0x0000000084b00000, 0x0000000084b00000|100%|HS|  |TAMS 0x0000000084a00000| PB 0x0000000084a00000| Complete |  0
|  75|0x0000000084b00000, 0x0000000084c00000, 0x0000000084c00000|100%|HS|  |TAMS 0x0000000084b00000| PB 0x0000000084b00000| Complete |  0
|  76|0x0000000084c00000, 0x0000000084d00000, 0x0000000084d00000|100%|HC|  |TAMS 0x0000000084c00000| PB 0x0000000084c00000| Complete |  0
|  77|0x0000000084d00000, 0x0000000084e00000, 0x0000000084e00000|100%|HC|  |TAMS 0x0000000084d00000| PB 0x0000000084d00000| Complete |  0
|  78|0x0000000084e00000, 0x0000000084f00000, 0x0000000084f00000|100%| O|  |TAMS 0x0000000084e00000| PB 0x0000000084e00000| Untracked |  0
|  79|0x0000000084f00000, 0x0000000085000000, 0x0000000085000000|100%| O|  |TAMS 0x0000000084f00000| PB 0x0000000084f00000| Untracked |  0
|  80|0x0000000085000000, 0x0000000085100000, 0x0000000085100000|100%| O|  |TAMS 0x0000000085000000| PB 0x0000000085000000| Untracked |  0
|  81|0x0000000085100000, 0x0000000085200000, 0x0000000085200000|100%| O|  |TAMS 0x0000000085100000| PB 0x0000000085100000| Untracked |  0
|  82|0x0000000085200000, 0x0000000085300000, 0x0000000085300000|100%| O|  |TAMS 0x0000000085200000| PB 0x0000000085200000| Untracked |  0
|  83|0x0000000085300000, 0x0000000085300000, 0x0000000085400000|  0%| F|  |TAMS 0x0000000085300000| PB 0x0000000085300000| Untracked |  0
|  84|0x0000000085400000, 0x0000000085400000, 0x0000000085500000|  0%| F|  |TAMS 0x0000000085400000| PB 0x0000000085400000| Untracked |  0
|  85|0x0000000085500000, 0x0000000085600000, 0x0000000085600000|100%| O|  |TAMS 0x0000000085500000| PB 0x0000000085500000| Untracked |  0
|  86|0x0000000085600000, 0x0000000085700000, 0x0000000085700000|100%| O|  |TAMS 0x0000000085600000| PB 0x0000000085600000| Untracked |  0
|  87|0x0000000085700000, 0x0000000085800000, 0x0000000085800000|100%| O|  |TAMS 0x0000000085700000| PB 0x0000000085700000| Untracked |  0
|  88|0x0000000085800000, 0x0000000085900000, 0x0000000085900000|100%| O|  |TAMS 0x0000000085800000| PB 0x0000000085800000| Untracked |  0
|  89|0x0000000085900000, 0x0000000085a00000, 0x0000000085a00000|100%| O|  |TAMS 0x0000000085900000| PB 0x0000000085900000| Untracked |  0
|  90|0x0000000085a00000, 0x0000000085b00000, 0x0000000085b00000|100%| O|  |TAMS 0x0000000085a00000| PB 0x0000000085a00000| Untracked |  0
|  91|0x0000000085b00000, 0x0000000085c00000, 0x0000000085c00000|100%| O|  |TAMS 0x0000000085b00000| PB 0x0000000085b00000| Untracked |  0
|  92|0x0000000085c00000, 0x0000000085d00000, 0x0000000085d00000|100%| O|  |TAMS 0x0000000085c00000| PB 0x0000000085c00000| Untracked |  0
|  93|0x0000000085d00000, 0x0000000085e00000, 0x0000000085e00000|100%| O|  |TAMS 0x0000000085d00000| PB 0x0000000085d00000| Untracked |  0
|  94|0x0000000085e00000, 0x0000000085f00000, 0x0000000085f00000|100%| O|  |TAMS 0x0000000085e00000| PB 0x0000000085e00000| Untracked |  0
|  95|0x0000000085f00000, 0x0000000086000000, 0x0000000086000000|100%| O|  |TAMS 0x0000000085f00000| PB 0x0000000085f00000| Untracked |  0
|  96|0x0000000086000000, 0x0000000086100000, 0x0000000086100000|100%| O|  |TAMS 0x0000000086000000| PB 0x0000000086000000| Untracked |  0
|  97|0x0000000086100000, 0x0000000086200000, 0x0000000086200000|100%| O|  |TAMS 0x0000000086100000| PB 0x0000000086100000| Untracked |  0
|  98|0x0000000086200000, 0x0000000086300000, 0x0000000086300000|100%| O|  |TAMS 0x0000000086200000| PB 0x0000000086200000| Untracked |  0
|  99|0x0000000086300000, 0x0000000086400000, 0x0000000086400000|100%| O|  |TAMS 0x0000000086300000| PB 0x0000000086300000| Untracked |  0
| 100|0x0000000086400000, 0x0000000086500000, 0x0000000086500000|100%| O|  |TAMS 0x0000000086400000| PB 0x0000000086400000| Untracked |  0
| 101|0x0000000086500000, 0x0000000086600000, 0x0000000086600000|100%| O|  |TAMS 0x0000000086500000| PB 0x0000000086500000| Untracked |  0
| 102|0x0000000086600000, 0x0000000086700000, 0x0000000086700000|100%| O|  |TAMS 0x0000000086600000| PB 0x0000000086600000| Untracked |  0
| 103|0x0000000086700000, 0x0000000086800000, 0x0000000086800000|100%| O|  |TAMS 0x0000000086700000| PB 0x0000000086700000| Untracked |  0
| 104|0x0000000086800000, 0x0000000086900000, 0x0000000086900000|100%| O|  |TAMS 0x0000000086800000| PB 0x0000000086800000| Untracked |  0
| 105|0x0000000086900000, 0x0000000086a00000, 0x0000000086a00000|100%| O|  |TAMS 0x0000000086900000| PB 0x0000000086900000| Untracked |  0
| 106|0x0000000086a00000, 0x0000000086b00000, 0x0000000086b00000|100%| O|  |TAMS 0x0000000086a00000| PB 0x0000000086a00000| Untracked |  0
| 107|0x0000000086b00000, 0x0000000086c00000, 0x0000000086c00000|100%| O|  |TAMS 0x0000000086b00000| PB 0x0000000086b00000| Untracked |  0
| 108|0x0000000086c00000, 0x0000000086d00000, 0x0000000086d00000|100%| O|  |TAMS 0x0000000086c00000| PB 0x0000000086c00000| Untracked |  0
| 109|0x0000000086d00000, 0x0000000086e00000, 0x0000000086e00000|100%| O|  |TAMS 0x0000000086d00000| PB 0x0000000086d00000| Untracked |  0
| 110|0x0000000086e00000, 0x0000000086f00000, 0x0000000086f00000|100%| O|  |TAMS 0x0000000086e00000| PB 0x0000000086e00000| Untracked |  0
| 111|0x0000000086f00000, 0x0000000087000000, 0x0000000087000000|100%| O|  |TAMS 0x0000000086f00000| PB 0x0000000086f00000| Untracked |  0
| 112|0x0000000087000000, 0x0000000087100000, 0x0000000087100000|100%| O|  |TAMS 0x0000000087000000| PB 0x0000000087000000| Untracked |  0
| 113|0x0000000087100000, 0x0000000087200000, 0x0000000087200000|100%| O|  |TAMS 0x0000000087100000| PB 0x0000000087100000| Untracked |  0
| 114|0x0000000087200000, 0x0000000087300000, 0x0000000087300000|100%| O|  |TAMS 0x0000000087200000| PB 0x0000000087200000| Untracked |  0
| 115|0x0000000087300000, 0x0000000087400000, 0x0000000087400000|100%| O|  |TAMS 0x0000000087300000| PB 0x0000000087300000| Untracked |  0
| 116|0x0000000087400000, 0x0000000087500000, 0x0000000087500000|100%| O|  |TAMS 0x0000000087400000| PB 0x0000000087400000| Untracked |  0
| 117|0x0000000087500000, 0x0000000087600000, 0x0000000087600000|100%| O|  |TAMS 0x0000000087500000| PB 0x0000000087500000| Untracked |  0
| 118|0x0000000087600000, 0x0000000087700000, 0x0000000087700000|100%| O|  |TAMS 0x0000000087600000| PB 0x0000000087600000| Untracked |  0
| 119|0x0000000087700000, 0x0000000087800000, 0x0000000087800000|100%| O|  |TAMS 0x0000000087700000| PB 0x0000000087700000| Untracked |  0
| 120|0x0000000087800000, 0x0000000087900000, 0x0000000087900000|100%| O|  |TAMS 0x0000000087800000| PB 0x0000000087800000| Untracked |  0
| 121|0x0000000087900000, 0x0000000087a00000, 0x0000000087a00000|100%| O|  |TAMS 0x0000000087900000| PB 0x0000000087900000| Untracked |  0
| 122|0x0000000087a00000, 0x0000000087b00000, 0x0000000087b00000|100%| O|  |TAMS 0x0000000087a00000| PB 0x0000000087a00000| Untracked |  0
| 123|0x0000000087b00000, 0x0000000087c00000, 0x0000000087c00000|100%| O|  |TAMS 0x0000000087b00000| PB 0x0000000087b00000| Untracked |  0
| 124|0x0000000087c00000, 0x0000000087d00000, 0x0000000087d00000|100%| O|  |TAMS 0x0000000087c00000| PB 0x0000000087c00000| Untracked |  0
| 125|0x0000000087d00000, 0x0000000087e00000, 0x0000000087e00000|100%| O|  |TAMS 0x0000000087d00000| PB 0x0000000087d00000| Untracked |  0
| 126|0x0000000087e00000, 0x0000000087f00000, 0x0000000087f00000|100%| O|  |TAMS 0x0000000087e00000| PB 0x0000000087e00000| Untracked |  0
| 127|0x0000000087f00000, 0x0000000088000000, 0x0000000088000000|100%| O|  |TAMS 0x0000000087f00000| PB 0x0000000087f00000| Untracked |  0
| 128|0x0000000088000000, 0x0000000088000000, 0x0000000088100000|  0%| F|  |TAMS 0x0000000088000000| PB 0x0000000088000000| Untracked |  0
| 129|0x0000000088100000, 0x0000000088200000, 0x0000000088200000|100%| O|  |TAMS 0x0000000088100000| PB 0x0000000088100000| Untracked |  0
| 130|0x0000000088200000, 0x0000000088300000, 0x0000000088300000|100%| O|  |TAMS 0x0000000088200000| PB 0x0000000088200000| Untracked |  0
| 131|0x0000000088300000, 0x0000000088300000, 0x0000000088400000|  0%| F|  |TAMS 0x0000000088300000| PB 0x0000000088300000| Untracked |  0
| 132|0x0000000088400000, 0x0000000088500000, 0x0000000088500000|100%| O|  |TAMS 0x0000000088400000| PB 0x0000000088400000| Untracked |  0
| 133|0x0000000088500000, 0x0000000088600000, 0x0000000088600000|100%| O|  |TAMS 0x0000000088500000| PB 0x0000000088500000| Untracked |  0
| 134|0x0000000088600000, 0x0000000088700000, 0x0000000088700000|100%| O|  |TAMS 0x0000000088600000| PB 0x0000000088600000| Untracked |  0
| 135|0x0000000088700000, 0x0000000088800000, 0x0000000088800000|100%| O|  |TAMS 0x0000000088700000| PB 0x0000000088700000| Untracked |  0
| 136|0x0000000088800000, 0x0000000088900000, 0x0000000088900000|100%| O|  |TAMS 0x0000000088800000| PB 0x0000000088800000| Untracked |  0
| 137|0x0000000088900000, 0x0000000088900000, 0x0000000088a00000|  0%| F|  |TAMS 0x0000000088900000| PB 0x0000000088900000| Untracked |  0
| 138|0x0000000088a00000, 0x0000000088b00000, 0x0000000088b00000|100%| O|  |TAMS 0x0000000088a00000| PB 0x0000000088a00000| Untracked |  0
| 139|0x0000000088b00000, 0x0000000088c00000, 0x0000000088c00000|100%| O|  |TAMS 0x0000000088b00000| PB 0x0000000088b00000| Untracked |  0
| 140|0x0000000088c00000, 0x0000000088d00000, 0x0000000088d00000|100%| O|  |TAMS 0x0000000088c00000| PB 0x0000000088c00000| Untracked |  0
| 141|0x0000000088d00000, 0x0000000088e00000, 0x0000000088e00000|100%| O|  |TAMS 0x0000000088d00000| PB 0x0000000088d00000| Untracked |  0
| 142|0x0000000088e00000, 0x0000000088f00000, 0x0000000088f00000|100%| O|  |TAMS 0x0000000088e00000| PB 0x0000000088e00000| Untracked |  0
| 143|0x0000000088f00000, 0x0000000089000000, 0x0000000089000000|100%|HS|  |TAMS 0x0000000088f00000| PB 0x0000000088f00000| Complete |  0
| 144|0x0000000089000000, 0x0000000089100000, 0x0000000089100000|100%|HS|  |TAMS 0x0000000089000000| PB 0x0000000089000000| Complete |  0
| 145|0x0000000089100000, 0x0000000089200000, 0x0000000089200000|100%| O|  |TAMS 0x0000000089100000| PB 0x0000000089100000| Untracked |  0
| 146|0x0000000089200000, 0x0000000089300000, 0x0000000089300000|100%| O|  |TAMS 0x0000000089200000| PB 0x0000000089200000| Untracked |  0
| 147|0x0000000089300000, 0x0000000089300000, 0x0000000089400000|  0%| F|  |TAMS 0x0000000089300000| PB 0x0000000089300000| Untracked |  0
| 148|0x0000000089400000, 0x0000000089500000, 0x0000000089500000|100%|HS|  |TAMS 0x0000000089400000| PB 0x0000000089400000| Complete |  0
| 149|0x0000000089500000, 0x0000000089600000, 0x0000000089600000|100%| O|  |TAMS 0x0000000089500000| PB 0x0000000089500000| Untracked |  0
| 150|0x0000000089600000, 0x0000000089700000, 0x0000000089700000|100%| O|  |TAMS 0x0000000089600000| PB 0x0000000089600000| Untracked |  0
| 151|0x0000000089700000, 0x0000000089800000, 0x0000000089800000|100%| O|  |TAMS 0x0000000089700000| PB 0x0000000089700000| Untracked |  0
| 152|0x0000000089800000, 0x0000000089900000, 0x0000000089900000|100%| O|  |TAMS 0x0000000089800000| PB 0x0000000089800000| Untracked |  0
| 153|0x0000000089900000, 0x0000000089a00000, 0x0000000089a00000|100%| O|  |TAMS 0x0000000089900000| PB 0x0000000089900000| Untracked |  0
| 154|0x0000000089a00000, 0x0000000089b00000, 0x0000000089b00000|100%| O|  |TAMS 0x0000000089a00000| PB 0x0000000089a00000| Untracked |  0
| 155|0x0000000089b00000, 0x0000000089c00000, 0x0000000089c00000|100%| O|  |TAMS 0x0000000089b00000| PB 0x0000000089b00000| Untracked |  0
| 156|0x0000000089c00000, 0x0000000089c00000, 0x0000000089d00000|  0%| F|  |TAMS 0x0000000089c00000| PB 0x0000000089c00000| Untracked |  0
| 157|0x0000000089d00000, 0x0000000089e00000, 0x0000000089e00000|100%| O|  |TAMS 0x0000000089d00000| PB 0x0000000089d00000| Untracked |  0
| 158|0x0000000089e00000, 0x0000000089f00000, 0x0000000089f00000|100%| O|  |TAMS 0x0000000089e00000| PB 0x0000000089e00000| Untracked |  0
| 159|0x0000000089f00000, 0x000000008a000000, 0x000000008a000000|100%| O|  |TAMS 0x0000000089f00000| PB 0x0000000089f00000| Untracked |  0
| 160|0x000000008a000000, 0x000000008a100000, 0x000000008a100000|100%| O|  |TAMS 0x000000008a000000| PB 0x000000008a000000| Untracked |  0
| 161|0x000000008a100000, 0x000000008a200000, 0x000000008a200000|100%| O|  |TAMS 0x000000008a100000| PB 0x000000008a100000| Untracked |  0
| 162|0x000000008a200000, 0x000000008a300000, 0x000000008a300000|100%| O|  |TAMS 0x000000008a200000| PB 0x000000008a200000| Untracked |  0
| 163|0x000000008a300000, 0x000000008a400000, 0x000000008a400000|100%| O|  |TAMS 0x000000008a300000| PB 0x000000008a300000| Untracked |  0
| 164|0x000000008a400000, 0x000000008a500000, 0x000000008a500000|100%| O|  |TAMS 0x000000008a400000| PB 0x000000008a400000| Untracked |  0
| 165|0x000000008a500000, 0x000000008a600000, 0x000000008a600000|100%| O|  |TAMS 0x000000008a500000| PB 0x000000008a500000| Untracked |  0
| 166|0x000000008a600000, 0x000000008a700000, 0x000000008a700000|100%| O|  |TAMS 0x000000008a600000| PB 0x000000008a600000| Untracked |  0
| 167|0x000000008a700000, 0x000000008a800000, 0x000000008a800000|100%| O|  |TAMS 0x000000008a700000| PB 0x000000008a700000| Untracked |  0
| 168|0x000000008a800000, 0x000000008a800000, 0x000000008a900000|  0%| F|  |TAMS 0x000000008a800000| PB 0x000000008a800000| Untracked |  0
| 169|0x000000008a900000, 0x000000008aa00000, 0x000000008aa00000|100%|HS|  |TAMS 0x000000008a900000| PB 0x000000008a900000| Complete |  0
| 170|0x000000008aa00000, 0x000000008ab00000, 0x000000008ab00000|100%| O|  |TAMS 0x000000008aa00000| PB 0x000000008aa00000| Untracked |  0
| 171|0x000000008ab00000, 0x000000008ac00000, 0x000000008ac00000|100%| O|  |TAMS 0x000000008ab00000| PB 0x000000008ab00000| Untracked |  0
| 172|0x000000008ac00000, 0x000000008ad00000, 0x000000008ad00000|100%|HS|  |TAMS 0x000000008ac00000| PB 0x000000008ac00000| Complete |  0
| 173|0x000000008ad00000, 0x000000008ae00000, 0x000000008ae00000|100%|HC|  |TAMS 0x000000008ad00000| PB 0x000000008ad00000| Complete |  0
| 174|0x000000008ae00000, 0x000000008af00000, 0x000000008af00000|100%|HS|  |TAMS 0x000000008ae00000| PB 0x000000008ae00000| Complete |  0
| 175|0x000000008af00000, 0x000000008b000000, 0x000000008b000000|100%|HS|  |TAMS 0x000000008af00000| PB 0x000000008af00000| Complete |  0
| 176|0x000000008b000000, 0x000000008b100000, 0x000000008b100000|100%|HC|  |TAMS 0x000000008b000000| PB 0x000000008b000000| Complete |  0
| 177|0x000000008b100000, 0x000000008b200000, 0x000000008b200000|100%|HC|  |TAMS 0x000000008b100000| PB 0x000000008b100000| Complete |  0
| 178|0x000000008b200000, 0x000000008b300000, 0x000000008b300000|100%|HC|  |TAMS 0x000000008b200000| PB 0x000000008b200000| Complete |  0
| 179|0x000000008b300000, 0x000000008b400000, 0x000000008b400000|100%|HS|  |TAMS 0x000000008b300000| PB 0x000000008b300000| Complete |  0
| 180|0x000000008b400000, 0x000000008b500000, 0x000000008b500000|100%|HC|  |TAMS 0x000000008b400000| PB 0x000000008b400000| Complete |  0
| 181|0x000000008b500000, 0x000000008b600000, 0x000000008b600000|100%|HS|  |TAMS 0x000000008b500000| PB 0x000000008b500000| Complete |  0
| 182|0x000000008b600000, 0x000000008b700000, 0x000000008b700000|100%|HC|  |TAMS 0x000000008b600000| PB 0x000000008b600000| Complete |  0
| 183|0x000000008b700000, 0x000000008b800000, 0x000000008b800000|100%|HC|  |TAMS 0x000000008b700000| PB 0x000000008b700000| Complete |  0
| 184|0x000000008b800000, 0x000000008b900000, 0x000000008b900000|100%|HC|  |TAMS 0x000000008b800000| PB 0x000000008b800000| Complete |  0
| 185|0x000000008b900000, 0x000000008ba00000, 0x000000008ba00000|100%|HS|  |TAMS 0x000000008b900000| PB 0x000000008b900000| Complete |  0
| 186|0x000000008ba00000, 0x000000008bb00000, 0x000000008bb00000|100%|HS|  |TAMS 0x000000008ba00000| PB 0x000000008ba00000| Complete |  0
| 187|0x000000008bb00000, 0x000000008bc00000, 0x000000008bc00000|100%|HS|  |TAMS 0x000000008bb00000| PB 0x000000008bb00000| Complete |  0
| 188|0x000000008bc00000, 0x000000008bd00000, 0x000000008bd00000|100%|HS|  |TAMS 0x000000008bc00000| PB 0x000000008bc00000| Complete |  0
| 189|0x000000008bd00000, 0x000000008be00000, 0x000000008be00000|100%|HS|  |TAMS 0x000000008bd00000| PB 0x000000008bd00000| Complete |  0
| 190|0x000000008be00000, 0x000000008bf00000, 0x000000008bf00000|100%|HC|  |TAMS 0x000000008be00000| PB 0x000000008be00000| Complete |  0
| 191|0x000000008bf00000, 0x000000008c000000, 0x000000008c000000|100%| O|  |TAMS 0x000000008bf00000| PB 0x000000008bf00000| Untracked |  0
| 192|0x000000008c000000, 0x000000008c100000, 0x000000008c100000|100%| O|  |TAMS 0x000000008c000000| PB 0x000000008c000000| Untracked |  0
| 193|0x000000008c100000, 0x000000008c200000, 0x000000008c200000|100%|HS|  |TAMS 0x000000008c100000| PB 0x000000008c100000| Complete |  0
| 194|0x000000008c200000, 0x000000008c300000, 0x000000008c300000|100%|HC|  |TAMS 0x000000008c200000| PB 0x000000008c200000| Complete |  0
| 195|0x000000008c300000, 0x000000008c400000, 0x000000008c400000|100%|HC|  |TAMS 0x000000008c300000| PB 0x000000008c300000| Complete |  0
| 196|0x000000008c400000, 0x000000008c500000, 0x000000008c500000|100%|HS|  |TAMS 0x000000008c400000| PB 0x000000008c400000| Complete |  0
| 197|0x000000008c500000, 0x000000008c600000, 0x000000008c600000|100%|HC|  |TAMS 0x000000008c500000| PB 0x000000008c500000| Complete |  0
| 198|0x000000008c600000, 0x000000008c700000, 0x000000008c700000|100%|HS|  |TAMS 0x000000008c600000| PB 0x000000008c600000| Complete |  0
| 199|0x000000008c700000, 0x000000008c800000, 0x000000008c800000|100%|HC|  |TAMS 0x000000008c700000| PB 0x000000008c700000| Complete |  0
| 200|0x000000008c800000, 0x000000008c900000, 0x000000008c900000|100%|HS|  |TAMS 0x000000008c800000| PB 0x000000008c800000| Complete |  0
| 201|0x000000008c900000, 0x000000008ca00000, 0x000000008ca00000|100%|HC|  |TAMS 0x000000008c900000| PB 0x000000008c900000| Complete |  0
| 202|0x000000008ca00000, 0x000000008cb00000, 0x000000008cb00000|100%|HS|  |TAMS 0x000000008ca00000| PB 0x000000008ca00000| Complete |  0
| 203|0x000000008cb00000, 0x000000008cc00000, 0x000000008cc00000|100%|HC|  |TAMS 0x000000008cb00000| PB 0x000000008cb00000| Complete |  0
| 204|0x000000008cc00000, 0x000000008cd00000, 0x000000008cd00000|100%|HC|  |TAMS 0x000000008cc00000| PB 0x000000008cc00000| Complete |  0
| 205|0x000000008cd00000, 0x000000008ce00000, 0x000000008ce00000|100%| O|  |TAMS 0x000000008cd00000| PB 0x000000008cd00000| Untracked |  0
| 206|0x000000008ce00000, 0x000000008cf00000, 0x000000008cf00000|100%| O|  |TAMS 0x000000008ce00000| PB 0x000000008ce00000| Untracked |  0
| 207|0x000000008cf00000, 0x000000008d000000, 0x000000008d000000|100%|HS|  |TAMS 0x000000008cf00000| PB 0x000000008cf00000| Complete |  0
| 208|0x000000008d000000, 0x000000008d100000, 0x000000008d100000|100%|HC|  |TAMS 0x000000008d000000| PB 0x000000008d000000| Complete |  0
| 209|0x000000008d100000, 0x000000008d200000, 0x000000008d200000|100%| O|  |TAMS 0x000000008d100000| PB 0x000000008d100000| Untracked |  0
| 210|0x000000008d200000, 0x000000008d300000, 0x000000008d300000|100%|HS|  |TAMS 0x000000008d200000| PB 0x000000008d200000| Complete |  0
| 211|0x000000008d300000, 0x000000008d400000, 0x000000008d400000|100%|HC|  |TAMS 0x000000008d300000| PB 0x000000008d300000| Complete |  0
| 212|0x000000008d400000, 0x000000008d500000, 0x000000008d500000|100%|HS|  |TAMS 0x000000008d400000| PB 0x000000008d400000| Complete |  0
| 213|0x000000008d500000, 0x000000008d600000, 0x000000008d600000|100%| O|  |TAMS 0x000000008d500000| PB 0x000000008d500000| Untracked |  0
| 214|0x000000008d600000, 0x000000008d700000, 0x000000008d700000|100%| O|  |TAMS 0x000000008d600000| PB 0x000000008d600000| Untracked |  0
| 215|0x000000008d700000, 0x000000008d800000, 0x000000008d800000|100%| O|  |TAMS 0x000000008d700000| PB 0x000000008d700000| Untracked |  0
| 216|0x000000008d800000, 0x000000008d900000, 0x000000008d900000|100%| O|  |TAMS 0x000000008d800000| PB 0x000000008d800000| Untracked |  0
| 217|0x000000008d900000, 0x000000008da00000, 0x000000008da00000|100%|HS|  |TAMS 0x000000008d900000| PB 0x000000008d900000| Complete |  0
| 218|0x000000008da00000, 0x000000008db00000, 0x000000008db00000|100%| O|  |TAMS 0x000000008da00000| PB 0x000000008da00000| Untracked |  0
| 219|0x000000008db00000, 0x000000008dc00000, 0x000000008dc00000|100%|HS|  |TAMS 0x000000008db00000| PB 0x000000008db00000| Complete |  0
| 220|0x000000008dc00000, 0x000000008dd00000, 0x000000008dd00000|100%|HC|  |TAMS 0x000000008dc00000| PB 0x000000008dc00000| Complete |  0
| 221|0x000000008dd00000, 0x000000008de00000, 0x000000008de00000|100%|HS|  |TAMS 0x000000008dd00000| PB 0x000000008dd00000| Complete |  0
| 222|0x000000008de00000, 0x000000008df00000, 0x000000008df00000|100%|HC|  |TAMS 0x000000008de00000| PB 0x000000008de00000| Complete |  0
| 223|0x000000008df00000, 0x000000008e000000, 0x000000008e000000|100%|HS|  |TAMS 0x000000008df00000| PB 0x000000008df00000| Complete |  0
| 224|0x000000008e000000, 0x000000008e100000, 0x000000008e100000|100%| O|  |TAMS 0x000000008e000000| PB 0x000000008e000000| Untracked |  0
| 225|0x000000008e100000, 0x000000008e200000, 0x000000008e200000|100%|HS|  |TAMS 0x000000008e100000| PB 0x000000008e100000| Complete |  0
| 226|0x000000008e200000, 0x000000008e300000, 0x000000008e300000|100%|HS|  |TAMS 0x000000008e200000| PB 0x000000008e200000| Complete |  0
| 227|0x000000008e300000, 0x000000008e400000, 0x000000008e400000|100%|HS|  |TAMS 0x000000008e300000| PB 0x000000008e300000| Complete |  0
| 228|0x000000008e400000, 0x000000008e500000, 0x000000008e500000|100%| O|  |TAMS 0x000000008e400000| PB 0x000000008e400000| Untracked |  0
| 229|0x000000008e500000, 0x000000008e600000, 0x000000008e600000|100%| O|  |TAMS 0x000000008e500000| PB 0x000000008e500000| Untracked |  0
| 230|0x000000008e600000, 0x000000008e700000, 0x000000008e700000|100%| O|  |TAMS 0x000000008e600000| PB 0x000000008e600000| Untracked |  0
| 231|0x000000008e700000, 0x000000008e800000, 0x000000008e800000|100%| O|  |TAMS 0x000000008e700000| PB 0x000000008e700000| Untracked |  0
| 232|0x000000008e800000, 0x000000008e900000, 0x000000008e900000|100%| O|  |TAMS 0x000000008e800000| PB 0x000000008e800000| Untracked |  0
| 233|0x000000008e900000, 0x000000008ea00000, 0x000000008ea00000|100%| O|  |TAMS 0x000000008e900000| PB 0x000000008e900000| Untracked |  0
| 234|0x000000008ea00000, 0x000000008eb00000, 0x000000008eb00000|100%| O|  |TAMS 0x000000008ea00000| PB 0x000000008ea00000| Untracked |  0
| 235|0x000000008eb00000, 0x000000008ec00000, 0x000000008ec00000|100%| O|  |TAMS 0x000000008eb00000| PB 0x000000008eb00000| Untracked |  0
| 236|0x000000008ec00000, 0x000000008ed00000, 0x000000008ed00000|100%| O|  |TAMS 0x000000008ec00000| PB 0x000000008ec00000| Untracked |  0
| 237|0x000000008ed00000, 0x000000008ee00000, 0x000000008ee00000|100%| O|  |TAMS 0x000000008ed00000| PB 0x000000008ed00000| Untracked |  0
| 238|0x000000008ee00000, 0x000000008ef00000, 0x000000008ef00000|100%| O|  |TAMS 0x000000008ee00000| PB 0x000000008ee00000| Untracked |  0
| 239|0x000000008ef00000, 0x000000008f000000, 0x000000008f000000|100%| O|  |TAMS 0x000000008ef00000| PB 0x000000008ef00000| Untracked |  0
| 240|0x000000008f000000, 0x000000008f100000, 0x000000008f100000|100%| O|  |TAMS 0x000000008f000000| PB 0x000000008f000000| Untracked |  0
| 241|0x000000008f100000, 0x000000008f200000, 0x000000008f200000|100%| O|  |TAMS 0x000000008f100000| PB 0x000000008f100000| Untracked |  0
| 242|0x000000008f200000, 0x000000008f300000, 0x000000008f300000|100%| O|  |TAMS 0x000000008f200000| PB 0x000000008f200000| Untracked |  0
| 243|0x000000008f300000, 0x000000008f400000, 0x000000008f400000|100%| O|  |TAMS 0x000000008f300000| PB 0x000000008f300000| Untracked |  0
| 244|0x000000008f400000, 0x000000008f500000, 0x000000008f500000|100%| O|  |TAMS 0x000000008f400000| PB 0x000000008f400000| Untracked |  0
| 245|0x000000008f500000, 0x000000008f600000, 0x000000008f600000|100%| O|  |TAMS 0x000000008f500000| PB 0x000000008f500000| Untracked |  0
| 246|0x000000008f600000, 0x000000008f700000, 0x000000008f700000|100%| O|  |TAMS 0x000000008f600000| PB 0x000000008f600000| Untracked |  0
| 247|0x000000008f700000, 0x000000008f800000, 0x000000008f800000|100%| O|  |TAMS 0x000000008f700000| PB 0x000000008f700000| Untracked |  0
| 248|0x000000008f800000, 0x000000008f900000, 0x000000008f900000|100%| O|  |TAMS 0x000000008f800000| PB 0x000000008f800000| Untracked |  0
| 249|0x000000008f900000, 0x000000008fa00000, 0x000000008fa00000|100%| O|  |TAMS 0x000000008f900000| PB 0x000000008f900000| Untracked |  0
| 250|0x000000008fa00000, 0x000000008fb00000, 0x000000008fb00000|100%| O|  |TAMS 0x000000008fa00000| PB 0x000000008fa00000| Untracked |  0
| 251|0x000000008fb00000, 0x000000008fc00000, 0x000000008fc00000|100%| O|  |TAMS 0x000000008fb00000| PB 0x000000008fb00000| Untracked |  0
| 252|0x000000008fc00000, 0x000000008fd00000, 0x000000008fd00000|100%| O|  |TAMS 0x000000008fc00000| PB 0x000000008fc00000| Untracked |  0
| 253|0x000000008fd00000, 0x000000008fe00000, 0x000000008fe00000|100%| O|  |TAMS 0x000000008fd00000| PB 0x000000008fd00000| Untracked |  0
| 254|0x000000008fe00000, 0x000000008ff00000, 0x000000008ff00000|100%| O|  |TAMS 0x000000008fe00000| PB 0x000000008fe00000| Untracked |  0
| 255|0x000000008ff00000, 0x0000000090000000, 0x0000000090000000|100%| O|  |TAMS 0x000000008ff00000| PB 0x000000008ff00000| Untracked |  0
| 256|0x0000000090000000, 0x0000000090100000, 0x0000000090100000|100%| O|  |TAMS 0x0000000090000000| PB 0x0000000090000000| Untracked |  0
| 257|0x0000000090100000, 0x0000000090200000, 0x0000000090200000|100%| O|  |TAMS 0x0000000090100000| PB 0x0000000090100000| Untracked |  0
| 258|0x0000000090200000, 0x0000000090300000, 0x0000000090300000|100%| O|  |TAMS 0x0000000090200000| PB 0x0000000090200000| Untracked |  0
| 259|0x0000000090300000, 0x0000000090400000, 0x0000000090400000|100%| O|  |TAMS 0x0000000090300000| PB 0x0000000090300000| Untracked |  0
| 260|0x0000000090400000, 0x0000000090500000, 0x0000000090500000|100%| O|  |TAMS 0x0000000090400000| PB 0x0000000090400000| Untracked |  0
| 261|0x0000000090500000, 0x0000000090600000, 0x0000000090600000|100%| O|  |TAMS 0x0000000090500000| PB 0x0000000090500000| Untracked |  0
| 262|0x0000000090600000, 0x0000000090700000, 0x0000000090700000|100%|HS|  |TAMS 0x0000000090600000| PB 0x0000000090600000| Complete |  0
| 263|0x0000000090700000, 0x0000000090800000, 0x0000000090800000|100%|HC|  |TAMS 0x0000000090700000| PB 0x0000000090700000| Complete |  0
| 264|0x0000000090800000, 0x0000000090900000, 0x0000000090900000|100%|HC|  |TAMS 0x0000000090800000| PB 0x0000000090800000| Complete |  0
| 265|0x0000000090900000, 0x0000000090a00000, 0x0000000090a00000|100%|HC|  |TAMS 0x0000000090900000| PB 0x0000000090900000| Complete |  0
| 266|0x0000000090a00000, 0x0000000090b00000, 0x0000000090b00000|100%| O|  |TAMS 0x0000000090a00000| PB 0x0000000090a00000| Untracked |  0
| 267|0x0000000090b00000, 0x0000000090c00000, 0x0000000090c00000|100%| O|  |TAMS 0x0000000090b00000| PB 0x0000000090b00000| Untracked |  0
| 268|0x0000000090c00000, 0x0000000090d00000, 0x0000000090d00000|100%|HS|  |TAMS 0x0000000090c00000| PB 0x0000000090c00000| Complete |  0
| 269|0x0000000090d00000, 0x0000000090e00000, 0x0000000090e00000|100%|HC|  |TAMS 0x0000000090d00000| PB 0x0000000090d00000| Complete |  0
| 270|0x0000000090e00000, 0x0000000090f00000, 0x0000000090f00000|100%| O|  |TAMS 0x0000000090e00000| PB 0x0000000090e00000| Untracked |  0
| 271|0x0000000090f00000, 0x0000000091000000, 0x0000000091000000|100%| O|  |TAMS 0x0000000090f00000| PB 0x0000000090f00000| Untracked |  0
| 272|0x0000000091000000, 0x0000000091100000, 0x0000000091100000|100%| O|  |TAMS 0x0000000091000000| PB 0x0000000091000000| Untracked |  0
| 273|0x0000000091100000, 0x0000000091200000, 0x0000000091200000|100%| O|  |TAMS 0x0000000091100000| PB 0x0000000091100000| Untracked |  0
| 274|0x0000000091200000, 0x0000000091300000, 0x0000000091300000|100%| O|  |TAMS 0x0000000091200000| PB 0x0000000091200000| Untracked |  0
| 275|0x0000000091300000, 0x0000000091400000, 0x0000000091400000|100%| O|  |TAMS 0x0000000091300000| PB 0x0000000091300000| Untracked |  0
| 276|0x0000000091400000, 0x0000000091500000, 0x0000000091500000|100%|HS|  |TAMS 0x0000000091400000| PB 0x0000000091400000| Complete |  0
| 277|0x0000000091500000, 0x0000000091600000, 0x0000000091600000|100%|HC|  |TAMS 0x0000000091500000| PB 0x0000000091500000| Complete |  0
| 278|0x0000000091600000, 0x0000000091700000, 0x0000000091700000|100%|HC|  |TAMS 0x0000000091600000| PB 0x0000000091600000| Complete |  0
| 279|0x0000000091700000, 0x0000000091800000, 0x0000000091800000|100%| O|  |TAMS 0x0000000091700000| PB 0x0000000091700000| Untracked |  0
| 280|0x0000000091800000, 0x0000000091900000, 0x0000000091900000|100%| O|  |TAMS 0x0000000091800000| PB 0x0000000091800000| Untracked |  0
| 281|0x0000000091900000, 0x0000000091a00000, 0x0000000091a00000|100%| O|  |TAMS 0x0000000091900000| PB 0x0000000091900000| Untracked |  0
| 282|0x0000000091a00000, 0x0000000091b00000, 0x0000000091b00000|100%|HS|  |TAMS 0x0000000091a00000| PB 0x0000000091a00000| Complete |  0
| 283|0x0000000091b00000, 0x0000000091c00000, 0x0000000091c00000|100%|HC|  |TAMS 0x0000000091b00000| PB 0x0000000091b00000| Complete |  0
| 284|0x0000000091c00000, 0x0000000091d00000, 0x0000000091d00000|100%| O|  |TAMS 0x0000000091c00000| PB 0x0000000091c00000| Untracked |  0
| 285|0x0000000091d00000, 0x0000000091e00000, 0x0000000091e00000|100%| O|  |TAMS 0x0000000091d00000| PB 0x0000000091d00000| Untracked |  0
| 286|0x0000000091e00000, 0x0000000091f00000, 0x0000000091f00000|100%| O|  |TAMS 0x0000000091e00000| PB 0x0000000091e00000| Untracked |  0
| 287|0x0000000091f00000, 0x0000000092000000, 0x0000000092000000|100%|HS|  |TAMS 0x0000000091f00000| PB 0x0000000091f00000| Complete |  0
| 288|0x0000000092000000, 0x0000000092100000, 0x0000000092100000|100%|HC|  |TAMS 0x0000000092000000| PB 0x0000000092000000| Complete |  0
| 289|0x0000000092100000, 0x0000000092200000, 0x0000000092200000|100%| O|  |TAMS 0x0000000092100000| PB 0x0000000092100000| Untracked |  0
| 290|0x0000000092200000, 0x0000000092300000, 0x0000000092300000|100%| O|  |TAMS 0x0000000092200000| PB 0x0000000092200000| Untracked |  0
| 291|0x0000000092300000, 0x0000000092400000, 0x0000000092400000|100%| O|  |TAMS 0x0000000092300000| PB 0x0000000092300000| Untracked |  0
| 292|0x0000000092400000, 0x0000000092500000, 0x0000000092500000|100%|HS|  |TAMS 0x0000000092400000| PB 0x0000000092400000| Complete |  0
| 293|0x0000000092500000, 0x0000000092600000, 0x0000000092600000|100%|HC|  |TAMS 0x0000000092500000| PB 0x0000000092500000| Complete |  0
| 294|0x0000000092600000, 0x0000000092700000, 0x0000000092700000|100%| O|  |TAMS 0x0000000092600000| PB 0x0000000092600000| Untracked |  0
| 295|0x0000000092700000, 0x0000000092800000, 0x0000000092800000|100%| O|  |TAMS 0x0000000092700000| PB 0x0000000092700000| Untracked |  0
| 296|0x0000000092800000, 0x0000000092900000, 0x0000000092900000|100%| O|  |TAMS 0x0000000092800000| PB 0x0000000092800000| Untracked |  0
| 297|0x0000000092900000, 0x0000000092a00000, 0x0000000092a00000|100%| O|  |TAMS 0x0000000092900000| PB 0x0000000092900000| Untracked |  0
| 298|0x0000000092a00000, 0x0000000092b00000, 0x0000000092b00000|100%| O|  |TAMS 0x0000000092a00000| PB 0x0000000092a00000| Untracked |  0
| 299|0x0000000092b00000, 0x0000000092c00000, 0x0000000092c00000|100%| O|  |TAMS 0x0000000092b00000| PB 0x0000000092b00000| Untracked |  0
| 300|0x0000000092c00000, 0x0000000092d00000, 0x0000000092d00000|100%|HS|  |TAMS 0x0000000092c00000| PB 0x0000000092c00000| Complete |  0
| 301|0x0000000092d00000, 0x0000000092e00000, 0x0000000092e00000|100%|HC|  |TAMS 0x0000000092d00000| PB 0x0000000092d00000| Complete |  0
| 302|0x0000000092e00000, 0x0000000092f00000, 0x0000000092f00000|100%|HC|  |TAMS 0x0000000092e00000| PB 0x0000000092e00000| Complete |  0
| 303|0x0000000092f00000, 0x0000000093000000, 0x0000000093000000|100%| O|  |TAMS 0x0000000092f00000| PB 0x0000000092f00000| Untracked |  0
| 304|0x0000000093000000, 0x0000000093000000, 0x0000000093100000|  0%| F|  |TAMS 0x0000000093000000| PB 0x0000000093000000| Untracked |  0
| 305|0x0000000093100000, 0x0000000093100000, 0x0000000093200000|  0%| F|  |TAMS 0x0000000093100000| PB 0x0000000093100000| Untracked |  0
| 306|0x0000000093200000, 0x0000000093300000, 0x0000000093300000|100%| O|  |TAMS 0x0000000093200000| PB 0x0000000093200000| Untracked |  0
| 307|0x0000000093300000, 0x0000000093400000, 0x0000000093400000|100%| O|  |TAMS 0x0000000093300000| PB 0x0000000093300000| Untracked |  0
| 308|0x0000000093400000, 0x0000000093500000, 0x0000000093500000|100%| O|  |TAMS 0x0000000093400000| PB 0x0000000093400000| Untracked |  0
| 309|0x0000000093500000, 0x0000000093600000, 0x0000000093600000|100%| O|  |TAMS 0x0000000093500000| PB 0x0000000093500000| Untracked |  0
| 310|0x0000000093600000, 0x0000000093700000, 0x0000000093700000|100%| O|  |TAMS 0x0000000093600000| PB 0x0000000093600000| Untracked |  0
| 311|0x0000000093700000, 0x0000000093800000, 0x0000000093800000|100%| O|  |TAMS 0x0000000093700000| PB 0x0000000093700000| Untracked |  0
| 312|0x0000000093800000, 0x0000000093900000, 0x0000000093900000|100%| O|  |TAMS 0x0000000093800000| PB 0x0000000093800000| Untracked |  0
| 313|0x0000000093900000, 0x0000000093a00000, 0x0000000093a00000|100%| O|  |TAMS 0x0000000093900000| PB 0x0000000093900000| Untracked |  0
| 314|0x0000000093a00000, 0x0000000093b00000, 0x0000000093b00000|100%|HS|  |TAMS 0x0000000093a00000| PB 0x0000000093a00000| Complete |  0
| 315|0x0000000093b00000, 0x0000000093c00000, 0x0000000093c00000|100%|HC|  |TAMS 0x0000000093b00000| PB 0x0000000093b00000| Complete |  0
| 316|0x0000000093c00000, 0x0000000093d00000, 0x0000000093d00000|100%|HS|  |TAMS 0x0000000093c00000| PB 0x0000000093c00000| Complete |  0
| 317|0x0000000093d00000, 0x0000000093e00000, 0x0000000093e00000|100%|HC|  |TAMS 0x0000000093d00000| PB 0x0000000093d00000| Complete |  0
| 318|0x0000000093e00000, 0x0000000093f00000, 0x0000000093f00000|100%|HS|  |TAMS 0x0000000093e00000| PB 0x0000000093e00000| Complete |  0
| 319|0x0000000093f00000, 0x0000000094000000, 0x0000000094000000|100%|HS|  |TAMS 0x0000000093f00000| PB 0x0000000093f00000| Complete |  0
| 320|0x0000000094000000, 0x0000000094100000, 0x0000000094100000|100%|HC|  |TAMS 0x0000000094000000| PB 0x0000000094000000| Complete |  0
| 321|0x0000000094100000, 0x0000000094200000, 0x0000000094200000|100%|HC|  |TAMS 0x0000000094100000| PB 0x0000000094100000| Complete |  0
| 322|0x0000000094200000, 0x0000000094300000, 0x0000000094300000|100%|HC|  |TAMS 0x0000000094200000| PB 0x0000000094200000| Complete |  0
| 323|0x0000000094300000, 0x0000000094400000, 0x0000000094400000|100%|HS|  |TAMS 0x0000000094300000| PB 0x0000000094300000| Complete |  0
| 324|0x0000000094400000, 0x0000000094400000, 0x0000000094500000|  0%| F|  |TAMS 0x0000000094400000| PB 0x0000000094400000| Untracked |  0
| 325|0x0000000094500000, 0x0000000094600000, 0x0000000094600000|100%| O|  |TAMS 0x0000000094500000| PB 0x0000000094500000| Untracked |  0
| 326|0x0000000094600000, 0x0000000094700000, 0x0000000094700000|100%| O|  |TAMS 0x0000000094600000| PB 0x0000000094600000| Untracked |  0
| 327|0x0000000094700000, 0x0000000094800000, 0x0000000094800000|100%| O|  |TAMS 0x0000000094700000| PB 0x0000000094700000| Untracked |  0
| 328|0x0000000094800000, 0x0000000094900000, 0x0000000094900000|100%| O|  |TAMS 0x0000000094800000| PB 0x0000000094800000| Untracked |  0
| 329|0x0000000094900000, 0x0000000094a00000, 0x0000000094a00000|100%|HS|  |TAMS 0x0000000094900000| PB 0x0000000094900000| Complete |  0
| 330|0x0000000094a00000, 0x0000000094b00000, 0x0000000094b00000|100%|HC|  |TAMS 0x0000000094a00000| PB 0x0000000094a00000| Complete |  0
| 331|0x0000000094b00000, 0x0000000094c00000, 0x0000000094c00000|100%|HS|  |TAMS 0x0000000094b00000| PB 0x0000000094b00000| Complete |  0
| 332|0x0000000094c00000, 0x0000000094d00000, 0x0000000094d00000|100%| O|  |TAMS 0x0000000094c00000| PB 0x0000000094c00000| Untracked |  0
| 333|0x0000000094d00000, 0x0000000094e00000, 0x0000000094e00000|100%| O|  |TAMS 0x0000000094d00000| PB 0x0000000094d00000| Untracked |  0
| 334|0x0000000094e00000, 0x0000000094f00000, 0x0000000094f00000|100%| O|  |TAMS 0x0000000094e00000| PB 0x0000000094e00000| Untracked |  0
| 335|0x0000000094f00000, 0x0000000095000000, 0x0000000095000000|100%| O|  |TAMS 0x0000000094f00000| PB 0x0000000094f00000| Untracked |  0
| 336|0x0000000095000000, 0x0000000095100000, 0x0000000095100000|100%| O|  |TAMS 0x0000000095000000| PB 0x0000000095000000| Untracked |  0
| 337|0x0000000095100000, 0x0000000095200000, 0x0000000095200000|100%| O|  |TAMS 0x0000000095100000| PB 0x0000000095100000| Untracked |  0
| 338|0x0000000095200000, 0x0000000095300000, 0x0000000095300000|100%| O|  |TAMS 0x0000000095200000| PB 0x0000000095200000| Untracked |  0
| 339|0x0000000095300000, 0x0000000095400000, 0x0000000095400000|100%| O|  |TAMS 0x0000000095300000| PB 0x0000000095300000| Untracked |  0
| 340|0x0000000095400000, 0x0000000095500000, 0x0000000095500000|100%| O|  |TAMS 0x0000000095400000| PB 0x0000000095400000| Untracked |  0
| 341|0x0000000095500000, 0x0000000095600000, 0x0000000095600000|100%| O|  |TAMS 0x0000000095500000| PB 0x0000000095500000| Untracked |  0
| 342|0x0000000095600000, 0x0000000095700000, 0x0000000095700000|100%| O|  |TAMS 0x0000000095600000| PB 0x0000000095600000| Untracked |  0
| 343|0x0000000095700000, 0x0000000095800000, 0x0000000095800000|100%| O|  |TAMS 0x0000000095700000| PB 0x0000000095700000| Untracked |  0
| 344|0x0000000095800000, 0x0000000095900000, 0x0000000095900000|100%| O|  |TAMS 0x0000000095800000| PB 0x0000000095800000| Untracked |  0
| 345|0x0000000095900000, 0x0000000095a00000, 0x0000000095a00000|100%| O|  |TAMS 0x0000000095900000| PB 0x0000000095900000| Untracked |  0
| 346|0x0000000095a00000, 0x0000000095b00000, 0x0000000095b00000|100%| O|  |TAMS 0x0000000095a00000| PB 0x0000000095a00000| Untracked |  0
| 347|0x0000000095b00000, 0x0000000095c00000, 0x0000000095c00000|100%| O|  |TAMS 0x0000000095b00000| PB 0x0000000095b00000| Untracked |  0
| 348|0x0000000095c00000, 0x0000000095d00000, 0x0000000095d00000|100%| O|  |TAMS 0x0000000095c00000| PB 0x0000000095c00000| Untracked |  0
| 349|0x0000000095d00000, 0x0000000095e00000, 0x0000000095e00000|100%| O|  |TAMS 0x0000000095d00000| PB 0x0000000095d00000| Untracked |  0
| 350|0x0000000095e00000, 0x0000000095f00000, 0x0000000095f00000|100%| O|  |TAMS 0x0000000095e00000| PB 0x0000000095e00000| Untracked |  0
| 351|0x0000000095f00000, 0x0000000096000000, 0x0000000096000000|100%| O|  |TAMS 0x0000000095f00000| PB 0x0000000095f00000| Untracked |  0
| 352|0x0000000096000000, 0x0000000096100000, 0x0000000096100000|100%| O|  |TAMS 0x0000000096000000| PB 0x0000000096000000| Untracked |  0
| 353|0x0000000096100000, 0x0000000096200000, 0x0000000096200000|100%| O|  |TAMS 0x0000000096100000| PB 0x0000000096100000| Untracked |  0
| 354|0x0000000096200000, 0x0000000096300000, 0x0000000096300000|100%| O|  |TAMS 0x0000000096200000| PB 0x0000000096200000| Untracked |  0
| 355|0x0000000096300000, 0x0000000096400000, 0x0000000096400000|100%| O|  |TAMS 0x0000000096300000| PB 0x0000000096300000| Untracked |  0
| 356|0x0000000096400000, 0x0000000096500000, 0x0000000096500000|100%| O|  |TAMS 0x0000000096400000| PB 0x0000000096400000| Untracked |  0
| 357|0x0000000096500000, 0x0000000096600000, 0x0000000096600000|100%| O|  |TAMS 0x0000000096500000| PB 0x0000000096500000| Untracked |  0
| 358|0x0000000096600000, 0x0000000096700000, 0x0000000096700000|100%| O|  |TAMS 0x0000000096600000| PB 0x0000000096600000| Untracked |  0
| 359|0x0000000096700000, 0x0000000096800000, 0x0000000096800000|100%| O|  |TAMS 0x0000000096700000| PB 0x0000000096700000| Untracked |  0
| 360|0x0000000096800000, 0x0000000096900000, 0x0000000096900000|100%| O|  |TAMS 0x0000000096800000| PB 0x0000000096800000| Untracked |  0
| 361|0x0000000096900000, 0x0000000096a00000, 0x0000000096a00000|100%| O|  |TAMS 0x0000000096900000| PB 0x0000000096900000| Untracked |  0
| 362|0x0000000096a00000, 0x0000000096b00000, 0x0000000096b00000|100%| O|  |TAMS 0x0000000096a00000| PB 0x0000000096a00000| Untracked |  0
| 363|0x0000000096b00000, 0x0000000096c00000, 0x0000000096c00000|100%| O|  |TAMS 0x0000000096b00000| PB 0x0000000096b00000| Untracked |  0
| 364|0x0000000096c00000, 0x0000000096d00000, 0x0000000096d00000|100%| O|  |TAMS 0x0000000096c00000| PB 0x0000000096c00000| Untracked |  0
| 365|0x0000000096d00000, 0x0000000096e00000, 0x0000000096e00000|100%| O|  |TAMS 0x0000000096d00000| PB 0x0000000096d00000| Untracked |  0
| 366|0x0000000096e00000, 0x0000000096f00000, 0x0000000096f00000|100%| O|  |TAMS 0x0000000096e00000| PB 0x0000000096e00000| Untracked |  0
| 367|0x0000000096f00000, 0x0000000097000000, 0x0000000097000000|100%| O|  |TAMS 0x0000000096f00000| PB 0x0000000096f00000| Untracked |  0
| 368|0x0000000097000000, 0x0000000097100000, 0x0000000097100000|100%| O|  |TAMS 0x0000000097000000| PB 0x0000000097000000| Untracked |  0
| 369|0x0000000097100000, 0x0000000097200000, 0x0000000097200000|100%| O|  |TAMS 0x0000000097100000| PB 0x0000000097100000| Untracked |  0
| 370|0x0000000097200000, 0x0000000097300000, 0x0000000097300000|100%| O|  |TAMS 0x0000000097200000| PB 0x0000000097200000| Untracked |  0
| 371|0x0000000097300000, 0x0000000097400000, 0x0000000097400000|100%| O|  |TAMS 0x0000000097300000| PB 0x0000000097300000| Untracked |  0
| 372|0x0000000097400000, 0x0000000097500000, 0x0000000097500000|100%| O|  |TAMS 0x0000000097400000| PB 0x0000000097400000| Untracked |  0
| 373|0x0000000097500000, 0x0000000097600000, 0x0000000097600000|100%| O|  |TAMS 0x0000000097500000| PB 0x0000000097500000| Untracked |  0
| 374|0x0000000097600000, 0x0000000097700000, 0x0000000097700000|100%| O|  |TAMS 0x0000000097600000| PB 0x0000000097600000| Untracked |  0
| 375|0x0000000097700000, 0x0000000097700000, 0x0000000097800000|  0%| F|  |TAMS 0x0000000097700000| PB 0x0000000097700000| Untracked |  0
| 376|0x0000000097800000, 0x0000000097900000, 0x0000000097900000|100%| O|  |TAMS 0x0000000097800000| PB 0x0000000097800000| Untracked |  0
| 377|0x0000000097900000, 0x0000000097a00000, 0x0000000097a00000|100%| O|  |TAMS 0x0000000097900000| PB 0x0000000097900000| Untracked |  0
| 378|0x0000000097a00000, 0x0000000097b00000, 0x0000000097b00000|100%| O|  |TAMS 0x0000000097a00000| PB 0x0000000097a00000| Untracked |  0
| 379|0x0000000097b00000, 0x0000000097b00000, 0x0000000097c00000|  0%| F|  |TAMS 0x0000000097b00000| PB 0x0000000097b00000| Untracked |  0
| 380|0x0000000097c00000, 0x0000000097d00000, 0x0000000097d00000|100%|HS|  |TAMS 0x0000000097c00000| PB 0x0000000097c00000| Complete |  0
| 381|0x0000000097d00000, 0x0000000097e00000, 0x0000000097e00000|100%| O|  |TAMS 0x0000000097d00000| PB 0x0000000097d00000| Untracked |  0
| 382|0x0000000097e00000, 0x0000000097f00000, 0x0000000097f00000|100%| O|  |TAMS 0x0000000097e00000| PB 0x0000000097e00000| Untracked |  0
| 383|0x0000000097f00000, 0x0000000098000000, 0x0000000098000000|100%| O|  |TAMS 0x0000000097f00000| PB 0x0000000097f00000| Untracked |  0
| 384|0x0000000098000000, 0x0000000098100000, 0x0000000098100000|100%| O|  |TAMS 0x0000000098000000| PB 0x0000000098000000| Untracked |  0
| 385|0x0000000098100000, 0x0000000098100000, 0x0000000098200000|  0%| F|  |TAMS 0x0000000098100000| PB 0x0000000098100000| Untracked |  0
| 386|0x0000000098200000, 0x0000000098300000, 0x0000000098300000|100%|HS|  |TAMS 0x0000000098200000| PB 0x0000000098200000| Complete |  0
| 387|0x0000000098300000, 0x0000000098400000, 0x0000000098400000|100%|HC|  |TAMS 0x0000000098300000| PB 0x0000000098300000| Complete |  0
| 388|0x0000000098400000, 0x0000000098500000, 0x0000000098500000|100%| O|  |TAMS 0x0000000098400000| PB 0x0000000098400000| Untracked |  0
| 389|0x0000000098500000, 0x0000000098600000, 0x0000000098600000|100%| O|  |TAMS 0x0000000098500000| PB 0x0000000098500000| Untracked |  0
| 390|0x0000000098600000, 0x0000000098700000, 0x0000000098700000|100%| O|  |TAMS 0x0000000098600000| PB 0x0000000098600000| Untracked |  0
| 391|0x0000000098700000, 0x0000000098700000, 0x0000000098800000|  0%| F|  |TAMS 0x0000000098700000| PB 0x0000000098700000| Untracked |  0
| 392|0x0000000098800000, 0x0000000098900000, 0x0000000098900000|100%| O|  |TAMS 0x0000000098800000| PB 0x0000000098800000| Untracked |  0
| 393|0x0000000098900000, 0x0000000098a00000, 0x0000000098a00000|100%| O|  |TAMS 0x0000000098900000| PB 0x0000000098900000| Untracked |  0
| 394|0x0000000098a00000, 0x0000000098b00000, 0x0000000098b00000|100%| O|  |TAMS 0x0000000098a00000| PB 0x0000000098a00000| Untracked |  0
| 395|0x0000000098b00000, 0x0000000098c00000, 0x0000000098c00000|100%|HS|  |TAMS 0x0000000098b00000| PB 0x0000000098b00000| Complete |  0
| 396|0x0000000098c00000, 0x0000000098d00000, 0x0000000098d00000|100%|HC|  |TAMS 0x0000000098c00000| PB 0x0000000098c00000| Complete |  0
| 397|0x0000000098d00000, 0x0000000098e00000, 0x0000000098e00000|100%|HC|  |TAMS 0x0000000098d00000| PB 0x0000000098d00000| Complete |  0
| 398|0x0000000098e00000, 0x0000000098f00000, 0x0000000098f00000|100%|HS|  |TAMS 0x0000000098e00000| PB 0x0000000098e00000| Complete |  0
| 399|0x0000000098f00000, 0x0000000099000000, 0x0000000099000000|100%|HC|  |TAMS 0x0000000098f00000| PB 0x0000000098f00000| Complete |  0
| 400|0x0000000099000000, 0x0000000099100000, 0x0000000099100000|100%|HC|  |TAMS 0x0000000099000000| PB 0x0000000099000000| Complete |  0
| 401|0x0000000099100000, 0x0000000099200000, 0x0000000099200000|100%|HC|  |TAMS 0x0000000099100000| PB 0x0000000099100000| Complete |  0
| 402|0x0000000099200000, 0x0000000099300000, 0x0000000099300000|100%| O|  |TAMS 0x0000000099200000| PB 0x0000000099200000| Untracked |  0
| 403|0x0000000099300000, 0x0000000099400000, 0x0000000099400000|100%| O|  |TAMS 0x0000000099300000| PB 0x0000000099300000| Untracked |  0
| 404|0x0000000099400000, 0x0000000099500000, 0x0000000099500000|100%| O|  |TAMS 0x0000000099400000| PB 0x0000000099400000| Untracked |  0
| 405|0x0000000099500000, 0x0000000099600000, 0x0000000099600000|100%|HS|  |TAMS 0x0000000099500000| PB 0x0000000099500000| Complete |  0
| 406|0x0000000099600000, 0x0000000099700000, 0x0000000099700000|100%|HC|  |TAMS 0x0000000099600000| PB 0x0000000099600000| Complete |  0
| 407|0x0000000099700000, 0x0000000099800000, 0x0000000099800000|100%|HS|  |TAMS 0x0000000099700000| PB 0x0000000099700000| Complete |  0
| 408|0x0000000099800000, 0x0000000099900000, 0x0000000099900000|100%|HC|  |TAMS 0x0000000099800000| PB 0x0000000099800000| Complete |  0
| 409|0x0000000099900000, 0x0000000099a00000, 0x0000000099a00000|100%| O|  |TAMS 0x0000000099900000| PB 0x0000000099900000| Untracked |  0
| 410|0x0000000099a00000, 0x0000000099b00000, 0x0000000099b00000|100%| O|  |TAMS 0x0000000099a00000| PB 0x0000000099a00000| Untracked |  0
| 411|0x0000000099b00000, 0x0000000099c00000, 0x0000000099c00000|100%|HS|  |TAMS 0x0000000099b00000| PB 0x0000000099b00000| Complete |  0
| 412|0x0000000099c00000, 0x0000000099d00000, 0x0000000099d00000|100%|HC|  |TAMS 0x0000000099c00000| PB 0x0000000099c00000| Complete |  0
| 413|0x0000000099d00000, 0x0000000099e00000, 0x0000000099e00000|100%|HS|  |TAMS 0x0000000099d00000| PB 0x0000000099d00000| Complete |  0
| 414|0x0000000099e00000, 0x0000000099f00000, 0x0000000099f00000|100%|HC|  |TAMS 0x0000000099e00000| PB 0x0000000099e00000| Complete |  0
| 415|0x0000000099f00000, 0x000000009a000000, 0x000000009a000000|100%|HC|  |TAMS 0x0000000099f00000| PB 0x0000000099f00000| Complete |  0
| 416|0x000000009a000000, 0x000000009a100000, 0x000000009a100000|100%|HC|  |TAMS 0x000000009a000000| PB 0x000000009a000000| Complete |  0
| 417|0x000000009a100000, 0x000000009a200000, 0x000000009a200000|100%| O|  |TAMS 0x000000009a100000| PB 0x000000009a100000| Untracked |  0
| 418|0x000000009a200000, 0x000000009a300000, 0x000000009a300000|100%|HS|  |TAMS 0x000000009a200000| PB 0x000000009a200000| Complete |  0
| 419|0x000000009a300000, 0x000000009a400000, 0x000000009a400000|100%|HS|  |TAMS 0x000000009a300000| PB 0x000000009a300000| Complete |  0
| 420|0x000000009a400000, 0x000000009a500000, 0x000000009a500000|100%|HS|  |TAMS 0x000000009a400000| PB 0x000000009a400000| Complete |  0
| 421|0x000000009a500000, 0x000000009a600000, 0x000000009a600000|100%|HS|  |TAMS 0x000000009a500000| PB 0x000000009a500000| Complete |  0
| 422|0x000000009a600000, 0x000000009a700000, 0x000000009a700000|100%|HS|  |TAMS 0x000000009a600000| PB 0x000000009a600000| Complete |  0
| 423|0x000000009a700000, 0x000000009a800000, 0x000000009a800000|100%|HS|  |TAMS 0x000000009a700000| PB 0x000000009a700000| Complete |  0
| 424|0x000000009a800000, 0x000000009a900000, 0x000000009a900000|100%|HS|  |TAMS 0x000000009a800000| PB 0x000000009a800000| Complete |  0
| 425|0x000000009a900000, 0x000000009aa00000, 0x000000009aa00000|100%| O|  |TAMS 0x000000009a900000| PB 0x000000009a900000| Untracked |  0
| 426|0x000000009aa00000, 0x000000009ab00000, 0x000000009ab00000|100%| O|  |TAMS 0x000000009aa00000| PB 0x000000009aa00000| Untracked |  0
| 427|0x000000009ab00000, 0x000000009ac00000, 0x000000009ac00000|100%| O|  |TAMS 0x000000009ab00000| PB 0x000000009ab00000| Untracked |  0
| 428|0x000000009ac00000, 0x000000009ad00000, 0x000000009ad00000|100%| O|  |TAMS 0x000000009ac00000| PB 0x000000009ac00000| Untracked |  0
| 429|0x000000009ad00000, 0x000000009ae00000, 0x000000009ae00000|100%| O|  |TAMS 0x000000009ad00000| PB 0x000000009ad00000| Untracked |  0
| 430|0x000000009ae00000, 0x000000009af00000, 0x000000009af00000|100%| O|  |TAMS 0x000000009ae00000| PB 0x000000009ae00000| Untracked |  0
| 431|0x000000009af00000, 0x000000009b000000, 0x000000009b000000|100%| O|  |TAMS 0x000000009af00000| PB 0x000000009af00000| Untracked |  0
| 432|0x000000009b000000, 0x000000009b100000, 0x000000009b100000|100%| O|  |TAMS 0x000000009b000000| PB 0x000000009b000000| Untracked |  0
| 433|0x000000009b100000, 0x000000009b200000, 0x000000009b200000|100%| O|  |TAMS 0x000000009b100000| PB 0x000000009b100000| Untracked |  0
| 434|0x000000009b200000, 0x000000009b300000, 0x000000009b300000|100%|HS|  |TAMS 0x000000009b200000| PB 0x000000009b200000| Complete |  0
| 435|0x000000009b300000, 0x000000009b400000, 0x000000009b400000|100%|HC|  |TAMS 0x000000009b300000| PB 0x000000009b300000| Complete |  0
| 436|0x000000009b400000, 0x000000009b500000, 0x000000009b500000|100%| O|  |TAMS 0x000000009b400000| PB 0x000000009b400000| Untracked |  0
| 437|0x000000009b500000, 0x000000009b600000, 0x000000009b600000|100%| O|  |TAMS 0x000000009b500000| PB 0x000000009b500000| Untracked |  0
| 438|0x000000009b600000, 0x000000009b700000, 0x000000009b700000|100%| O|  |TAMS 0x000000009b600000| PB 0x000000009b600000| Untracked |  0
| 439|0x000000009b700000, 0x000000009b800000, 0x000000009b800000|100%| O|  |TAMS 0x000000009b700000| PB 0x000000009b700000| Untracked |  0
| 440|0x000000009b800000, 0x000000009b900000, 0x000000009b900000|100%| O|  |TAMS 0x000000009b800000| PB 0x000000009b800000| Untracked |  0
| 441|0x000000009b900000, 0x000000009ba00000, 0x000000009ba00000|100%|HS|  |TAMS 0x000000009b900000| PB 0x000000009b900000| Complete |  0
| 442|0x000000009ba00000, 0x000000009bb00000, 0x000000009bb00000|100%|HC|  |TAMS 0x000000009ba00000| PB 0x000000009ba00000| Complete |  0
| 443|0x000000009bb00000, 0x000000009bc00000, 0x000000009bc00000|100%|HC|  |TAMS 0x000000009bb00000| PB 0x000000009bb00000| Complete |  0
| 444|0x000000009bc00000, 0x000000009bd00000, 0x000000009bd00000|100%|HS|  |TAMS 0x000000009bc00000| PB 0x000000009bc00000| Complete |  0
| 445|0x000000009bd00000, 0x000000009be00000, 0x000000009be00000|100%|HC|  |TAMS 0x000000009bd00000| PB 0x000000009bd00000| Complete |  0
| 446|0x000000009be00000, 0x000000009bf00000, 0x000000009bf00000|100%|HS|  |TAMS 0x000000009be00000| PB 0x000000009be00000| Complete |  0
| 447|0x000000009bf00000, 0x000000009c000000, 0x000000009c000000|100%|HC|  |TAMS 0x000000009bf00000| PB 0x000000009bf00000| Complete |  0
| 448|0x000000009c000000, 0x000000009c100000, 0x000000009c100000|100%|HS|  |TAMS 0x000000009c000000| PB 0x000000009c000000| Complete |  0
| 449|0x000000009c100000, 0x000000009c200000, 0x000000009c200000|100%|HC|  |TAMS 0x000000009c100000| PB 0x000000009c100000| Complete |  0
| 450|0x000000009c200000, 0x000000009c300000, 0x000000009c300000|100%|HS|  |TAMS 0x000000009c200000| PB 0x000000009c200000| Complete |  0
| 451|0x000000009c300000, 0x000000009c400000, 0x000000009c400000|100%|HC|  |TAMS 0x000000009c300000| PB 0x000000009c300000| Complete |  0
| 452|0x000000009c400000, 0x000000009c500000, 0x000000009c500000|100%| O|  |TAMS 0x000000009c400000| PB 0x000000009c400000| Untracked |  0
| 453|0x000000009c500000, 0x000000009c600000, 0x000000009c600000|100%| O|  |TAMS 0x000000009c500000| PB 0x000000009c500000| Untracked |  0
| 454|0x000000009c600000, 0x000000009c700000, 0x000000009c700000|100%| O|  |TAMS 0x000000009c600000| PB 0x000000009c600000| Untracked |  0
| 455|0x000000009c700000, 0x000000009c800000, 0x000000009c800000|100%| O|  |TAMS 0x000000009c700000| PB 0x000000009c700000| Untracked |  0
| 456|0x000000009c800000, 0x000000009c900000, 0x000000009c900000|100%|HS|  |TAMS 0x000000009c800000| PB 0x000000009c800000| Complete |  0
| 457|0x000000009c900000, 0x000000009ca00000, 0x000000009ca00000|100%| O|  |TAMS 0x000000009c900000| PB 0x000000009c900000| Untracked |  0
| 458|0x000000009ca00000, 0x000000009cb00000, 0x000000009cb00000|100%| O|  |TAMS 0x000000009ca00000| PB 0x000000009ca00000| Untracked |  0
| 459|0x000000009cb00000, 0x000000009cc00000, 0x000000009cc00000|100%| O|  |TAMS 0x000000009cb00000| PB 0x000000009cb00000| Untracked |  0
| 460|0x000000009cc00000, 0x000000009cd00000, 0x000000009cd00000|100%| O|  |TAMS 0x000000009cc00000| PB 0x000000009cc00000| Untracked |  0
| 461|0x000000009cd00000, 0x000000009ce00000, 0x000000009ce00000|100%| O|  |TAMS 0x000000009cd00000| PB 0x000000009cd00000| Untracked |  0
| 462|0x000000009ce00000, 0x000000009cf00000, 0x000000009cf00000|100%| O|  |TAMS 0x000000009ce00000| PB 0x000000009ce00000| Untracked |  0
| 463|0x000000009cf00000, 0x000000009d000000, 0x000000009d000000|100%| O|  |TAMS 0x000000009cf00000| PB 0x000000009cf00000| Untracked |  0
| 464|0x000000009d000000, 0x000000009d100000, 0x000000009d100000|100%| O|  |TAMS 0x000000009d000000| PB 0x000000009d000000| Untracked |  0
| 465|0x000000009d100000, 0x000000009d200000, 0x000000009d200000|100%| O|  |TAMS 0x000000009d100000| PB 0x000000009d100000| Untracked |  0
| 466|0x000000009d200000, 0x000000009d300000, 0x000000009d300000|100%| O|  |TAMS 0x000000009d200000| PB 0x000000009d200000| Untracked |  0
| 467|0x000000009d300000, 0x000000009d400000, 0x000000009d400000|100%| O|  |TAMS 0x000000009d300000| PB 0x000000009d300000| Untracked |  0
| 468|0x000000009d400000, 0x000000009d500000, 0x000000009d500000|100%| O|  |TAMS 0x000000009d400000| PB 0x000000009d400000| Untracked |  0
| 469|0x000000009d500000, 0x000000009d600000, 0x000000009d600000|100%| O|  |TAMS 0x000000009d500000| PB 0x000000009d500000| Untracked |  0
| 470|0x000000009d600000, 0x000000009d700000, 0x000000009d700000|100%| O|  |TAMS 0x000000009d600000| PB 0x000000009d600000| Untracked |  0
| 471|0x000000009d700000, 0x000000009d800000, 0x000000009d800000|100%| O|  |TAMS 0x000000009d700000| PB 0x000000009d700000| Untracked |  0
| 472|0x000000009d800000, 0x000000009d900000, 0x000000009d900000|100%| O|  |TAMS 0x000000009d800000| PB 0x000000009d800000| Untracked |  0
| 473|0x000000009d900000, 0x000000009da00000, 0x000000009da00000|100%| O|  |TAMS 0x000000009d900000| PB 0x000000009d900000| Untracked |  0
| 474|0x000000009da00000, 0x000000009db00000, 0x000000009db00000|100%| O|  |TAMS 0x000000009da00000| PB 0x000000009da00000| Untracked |  0
| 475|0x000000009db00000, 0x000000009dc00000, 0x000000009dc00000|100%| O|  |TAMS 0x000000009db00000| PB 0x000000009db00000| Untracked |  0
| 476|0x000000009dc00000, 0x000000009dd00000, 0x000000009dd00000|100%| O|  |TAMS 0x000000009dc00000| PB 0x000000009dc00000| Untracked |  0
| 477|0x000000009dd00000, 0x000000009de00000, 0x000000009de00000|100%| O|  |TAMS 0x000000009dd00000| PB 0x000000009dd00000| Untracked |  0
| 478|0x000000009de00000, 0x000000009df00000, 0x000000009df00000|100%| O|  |TAMS 0x000000009de00000| PB 0x000000009de00000| Untracked |  0
| 479|0x000000009df00000, 0x000000009e000000, 0x000000009e000000|100%| O|  |TAMS 0x000000009df00000| PB 0x000000009df00000| Untracked |  0
| 480|0x000000009e000000, 0x000000009e100000, 0x000000009e100000|100%| O|  |TAMS 0x000000009e000000| PB 0x000000009e000000| Untracked |  0
| 481|0x000000009e100000, 0x000000009e200000, 0x000000009e200000|100%| O|  |TAMS 0x000000009e100000| PB 0x000000009e100000| Untracked |  0
| 482|0x000000009e200000, 0x000000009e300000, 0x000000009e300000|100%| O|  |TAMS 0x000000009e200000| PB 0x000000009e200000| Untracked |  0
| 483|0x000000009e300000, 0x000000009e400000, 0x000000009e400000|100%| O|  |TAMS 0x000000009e300000| PB 0x000000009e300000| Untracked |  0
| 484|0x000000009e400000, 0x000000009e500000, 0x000000009e500000|100%| O|  |TAMS 0x000000009e400000| PB 0x000000009e400000| Untracked |  0
| 485|0x000000009e500000, 0x000000009e600000, 0x000000009e600000|100%| O|  |TAMS 0x000000009e500000| PB 0x000000009e500000| Untracked |  0
| 486|0x000000009e600000, 0x000000009e700000, 0x000000009e700000|100%| O|  |TAMS 0x000000009e600000| PB 0x000000009e600000| Untracked |  0
| 487|0x000000009e700000, 0x000000009e800000, 0x000000009e800000|100%| O|  |TAMS 0x000000009e700000| PB 0x000000009e700000| Untracked |  0
| 488|0x000000009e800000, 0x000000009e900000, 0x000000009e900000|100%| O|  |TAMS 0x000000009e800000| PB 0x000000009e800000| Untracked |  0
| 489|0x000000009e900000, 0x000000009ea00000, 0x000000009ea00000|100%| O|  |TAMS 0x000000009e900000| PB 0x000000009e900000| Untracked |  0
| 490|0x000000009ea00000, 0x000000009eb00000, 0x000000009eb00000|100%| O|  |TAMS 0x000000009ea00000| PB 0x000000009ea00000| Untracked |  0
| 491|0x000000009eb00000, 0x000000009ec00000, 0x000000009ec00000|100%| O|  |TAMS 0x000000009eb00000| PB 0x000000009eb00000| Untracked |  0
| 492|0x000000009ec00000, 0x000000009ed00000, 0x000000009ed00000|100%| O|  |TAMS 0x000000009ec00000| PB 0x000000009ec00000| Untracked |  0
| 493|0x000000009ed00000, 0x000000009ee00000, 0x000000009ee00000|100%| O|  |TAMS 0x000000009ed00000| PB 0x000000009ed00000| Untracked |  0
| 494|0x000000009ee00000, 0x000000009ef00000, 0x000000009ef00000|100%| O|  |TAMS 0x000000009ee00000| PB 0x000000009ee00000| Untracked |  0
| 495|0x000000009ef00000, 0x000000009f000000, 0x000000009f000000|100%| O|  |TAMS 0x000000009ef00000| PB 0x000000009ef00000| Untracked |  0
| 496|0x000000009f000000, 0x000000009f100000, 0x000000009f100000|100%| O|  |TAMS 0x000000009f000000| PB 0x000000009f000000| Untracked |  0
| 497|0x000000009f100000, 0x000000009f200000, 0x000000009f200000|100%| O|  |TAMS 0x000000009f100000| PB 0x000000009f100000| Untracked |  0
| 498|0x000000009f200000, 0x000000009f300000, 0x000000009f300000|100%| O|  |TAMS 0x000000009f200000| PB 0x000000009f200000| Untracked |  0
| 499|0x000000009f300000, 0x000000009f400000, 0x000000009f400000|100%| O|  |TAMS 0x000000009f300000| PB 0x000000009f300000| Untracked |  0
| 500|0x000000009f400000, 0x000000009f500000, 0x000000009f500000|100%| O|  |TAMS 0x000000009f400000| PB 0x000000009f400000| Untracked |  0
| 501|0x000000009f500000, 0x000000009f600000, 0x000000009f600000|100%| O|  |TAMS 0x000000009f500000| PB 0x000000009f500000| Untracked |  0
| 502|0x000000009f600000, 0x000000009f700000, 0x000000009f700000|100%| O|  |TAMS 0x000000009f600000| PB 0x000000009f600000| Untracked |  0
| 503|0x000000009f700000, 0x000000009f800000, 0x000000009f800000|100%| O|  |TAMS 0x000000009f700000| PB 0x000000009f700000| Untracked |  0
| 504|0x000000009f800000, 0x000000009f900000, 0x000000009f900000|100%| O|  |TAMS 0x000000009f800000| PB 0x000000009f800000| Untracked |  0
| 505|0x000000009f900000, 0x000000009fa00000, 0x000000009fa00000|100%| O|  |TAMS 0x000000009f900000| PB 0x000000009f900000| Untracked |  0
| 506|0x000000009fa00000, 0x000000009fb00000, 0x000000009fb00000|100%| O|  |TAMS 0x000000009fa00000| PB 0x000000009fa00000| Untracked |  0
| 507|0x000000009fb00000, 0x000000009fc00000, 0x000000009fc00000|100%| O|  |TAMS 0x000000009fb00000| PB 0x000000009fb00000| Untracked |  0
| 508|0x000000009fc00000, 0x000000009fd00000, 0x000000009fd00000|100%| O|  |TAMS 0x000000009fc00000| PB 0x000000009fc00000| Untracked |  0
| 509|0x000000009fd00000, 0x000000009fe00000, 0x000000009fe00000|100%| O|  |TAMS 0x000000009fd00000| PB 0x000000009fd00000| Untracked |  0
| 510|0x000000009fe00000, 0x000000009ff00000, 0x000000009ff00000|100%| O|  |TAMS 0x000000009fe00000| PB 0x000000009fe00000| Untracked |  0
| 511|0x000000009ff00000, 0x00000000a0000000, 0x00000000a0000000|100%| O|  |TAMS 0x000000009ff00000| PB 0x000000009ff00000| Untracked |  0
| 512|0x00000000a0000000, 0x00000000a0100000, 0x00000000a0100000|100%| O|  |TAMS 0x00000000a0000000| PB 0x00000000a0000000| Untracked |  0
| 513|0x00000000a0100000, 0x00000000a0200000, 0x00000000a0200000|100%| O|  |TAMS 0x00000000a0100000| PB 0x00000000a0100000| Untracked |  0
| 514|0x00000000a0200000, 0x00000000a0300000, 0x00000000a0300000|100%| O|  |TAMS 0x00000000a0200000| PB 0x00000000a0200000| Untracked |  0
| 515|0x00000000a0300000, 0x00000000a0400000, 0x00000000a0400000|100%| O|  |TAMS 0x00000000a0300000| PB 0x00000000a0300000| Untracked |  0
| 516|0x00000000a0400000, 0x00000000a0500000, 0x00000000a0500000|100%| O|  |TAMS 0x00000000a0400000| PB 0x00000000a0400000| Untracked |  0
| 517|0x00000000a0500000, 0x00000000a0600000, 0x00000000a0600000|100%| O|  |TAMS 0x00000000a0500000| PB 0x00000000a0500000| Untracked |  0
| 518|0x00000000a0600000, 0x00000000a0700000, 0x00000000a0700000|100%| O|  |TAMS 0x00000000a0600000| PB 0x00000000a0600000| Untracked |  0
| 519|0x00000000a0700000, 0x00000000a0800000, 0x00000000a0800000|100%| O|  |TAMS 0x00000000a0700000| PB 0x00000000a0700000| Untracked |  0
| 520|0x00000000a0800000, 0x00000000a0900000, 0x00000000a0900000|100%| O|  |TAMS 0x00000000a0800000| PB 0x00000000a0800000| Untracked |  0
| 521|0x00000000a0900000, 0x00000000a0a00000, 0x00000000a0a00000|100%| O|  |TAMS 0x00000000a0900000| PB 0x00000000a0900000| Untracked |  0
| 522|0x00000000a0a00000, 0x00000000a0b00000, 0x00000000a0b00000|100%| O|  |TAMS 0x00000000a0a00000| PB 0x00000000a0a00000| Untracked |  0
| 523|0x00000000a0b00000, 0x00000000a0c00000, 0x00000000a0c00000|100%| O|  |TAMS 0x00000000a0b00000| PB 0x00000000a0b00000| Untracked |  0
| 524|0x00000000a0c00000, 0x00000000a0d00000, 0x00000000a0d00000|100%| O|  |TAMS 0x00000000a0c00000| PB 0x00000000a0c00000| Untracked |  0
| 525|0x00000000a0d00000, 0x00000000a0e00000, 0x00000000a0e00000|100%| O|  |TAMS 0x00000000a0d00000| PB 0x00000000a0d00000| Untracked |  0
| 526|0x00000000a0e00000, 0x00000000a0f00000, 0x00000000a0f00000|100%| O|  |TAMS 0x00000000a0e00000| PB 0x00000000a0e00000| Untracked |  0
| 527|0x00000000a0f00000, 0x00000000a1000000, 0x00000000a1000000|100%| O|  |TAMS 0x00000000a0f00000| PB 0x00000000a0f00000| Untracked |  0
| 528|0x00000000a1000000, 0x00000000a1100000, 0x00000000a1100000|100%| O|  |TAMS 0x00000000a1000000| PB 0x00000000a1000000| Untracked |  0
| 529|0x00000000a1100000, 0x00000000a1200000, 0x00000000a1200000|100%| O|  |TAMS 0x00000000a1100000| PB 0x00000000a1100000| Untracked |  0
| 530|0x00000000a1200000, 0x00000000a1300000, 0x00000000a1300000|100%| O|  |TAMS 0x00000000a1200000| PB 0x00000000a1200000| Untracked |  0
| 531|0x00000000a1300000, 0x00000000a1400000, 0x00000000a1400000|100%| O|  |TAMS 0x00000000a1300000| PB 0x00000000a1300000| Untracked |  0
| 532|0x00000000a1400000, 0x00000000a1500000, 0x00000000a1500000|100%| O|  |TAMS 0x00000000a1400000| PB 0x00000000a1400000| Untracked |  0
| 533|0x00000000a1500000, 0x00000000a1600000, 0x00000000a1600000|100%| O|  |TAMS 0x00000000a1500000| PB 0x00000000a1500000| Untracked |  0
| 534|0x00000000a1600000, 0x00000000a1700000, 0x00000000a1700000|100%| O|  |TAMS 0x00000000a1600000| PB 0x00000000a1600000| Untracked |  0
| 535|0x00000000a1700000, 0x00000000a1800000, 0x00000000a1800000|100%| O|  |TAMS 0x00000000a1700000| PB 0x00000000a1700000| Untracked |  0
| 536|0x00000000a1800000, 0x00000000a1900000, 0x00000000a1900000|100%| O|  |TAMS 0x00000000a1800000| PB 0x00000000a1800000| Untracked |  0
| 537|0x00000000a1900000, 0x00000000a1a00000, 0x00000000a1a00000|100%| O|  |TAMS 0x00000000a1900000| PB 0x00000000a1900000| Untracked |  0
| 538|0x00000000a1a00000, 0x00000000a1b00000, 0x00000000a1b00000|100%| O|  |TAMS 0x00000000a1a00000| PB 0x00000000a1a00000| Untracked |  0
| 539|0x00000000a1b00000, 0x00000000a1c00000, 0x00000000a1c00000|100%| O|  |TAMS 0x00000000a1b00000| PB 0x00000000a1b00000| Untracked |  0
| 540|0x00000000a1c00000, 0x00000000a1d00000, 0x00000000a1d00000|100%| O|  |TAMS 0x00000000a1c00000| PB 0x00000000a1c00000| Untracked |  0
| 541|0x00000000a1d00000, 0x00000000a1e00000, 0x00000000a1e00000|100%| O|  |TAMS 0x00000000a1d00000| PB 0x00000000a1d00000| Untracked |  0
| 542|0x00000000a1e00000, 0x00000000a1f00000, 0x00000000a1f00000|100%| S|CS|TAMS 0x00000000a1e00000| PB 0x00000000a1e00000| Complete |  0
| 543|0x00000000a1f00000, 0x00000000a2000000, 0x00000000a2000000|100%| S|CS|TAMS 0x00000000a1f00000| PB 0x00000000a1f00000| Complete |  0
| 544|0x00000000a2000000, 0x00000000a2100000, 0x00000000a2100000|100%| S|CS|TAMS 0x00000000a2000000| PB 0x00000000a2000000| Complete |  0
| 545|0x00000000a2100000, 0x00000000a2200000, 0x00000000a2200000|100%| S|CS|TAMS 0x00000000a2100000| PB 0x00000000a2100000| Complete |  0
| 546|0x00000000a2200000, 0x00000000a2300000, 0x00000000a2300000|100%| S|CS|TAMS 0x00000000a2200000| PB 0x00000000a2200000| Complete |  0
| 547|0x00000000a2300000, 0x00000000a2400000, 0x00000000a2400000|100%| S|CS|TAMS 0x00000000a2300000| PB 0x00000000a2300000| Complete |  0
| 548|0x00000000a2400000, 0x00000000a2500000, 0x00000000a2500000|100%| S|CS|TAMS 0x00000000a2400000| PB 0x00000000a2400000| Complete |  0
| 549|0x00000000a2500000, 0x00000000a2600000, 0x00000000a2600000|100%| S|CS|TAMS 0x00000000a2500000| PB 0x00000000a2500000| Complete |  0
| 550|0x00000000a2600000, 0x00000000a2700000, 0x00000000a2700000|100%| S|CS|TAMS 0x00000000a2600000| PB 0x00000000a2600000| Complete |  0
| 551|0x00000000a2700000, 0x00000000a2800000, 0x00000000a2800000|100%| S|CS|TAMS 0x00000000a2700000| PB 0x00000000a2700000| Complete |  0
| 552|0x00000000a2800000, 0x00000000a2900000, 0x00000000a2900000|100%| S|CS|TAMS 0x00000000a2800000| PB 0x00000000a2800000| Complete |  0
| 553|0x00000000a2900000, 0x00000000a2a00000, 0x00000000a2a00000|100%| S|CS|TAMS 0x00000000a2900000| PB 0x00000000a2900000| Complete |  0
| 554|0x00000000a2a00000, 0x00000000a2b00000, 0x00000000a2b00000|100%| S|CS|TAMS 0x00000000a2a00000| PB 0x00000000a2a00000| Complete |  0
| 555|0x00000000a2b00000, 0x00000000a2c00000, 0x00000000a2c00000|100%| S|CS|TAMS 0x00000000a2b00000| PB 0x00000000a2b00000| Complete |  0
| 556|0x00000000a2c00000, 0x00000000a2d00000, 0x00000000a2d00000|100%| S|CS|TAMS 0x00000000a2c00000| PB 0x00000000a2c00000| Complete |  0
| 557|0x00000000a2d00000, 0x00000000a2e00000, 0x00000000a2e00000|100%| S|CS|TAMS 0x00000000a2d00000| PB 0x00000000a2d00000| Complete |  0
| 558|0x00000000a2e00000, 0x00000000a2f00000, 0x00000000a2f00000|100%| S|CS|TAMS 0x00000000a2e00000| PB 0x00000000a2e00000| Complete |  0
| 559|0x00000000a2f00000, 0x00000000a3000000, 0x00000000a3000000|100%| S|CS|TAMS 0x00000000a2f00000| PB 0x00000000a2f00000| Complete |  0
| 560|0x00000000a3000000, 0x00000000a3100000, 0x00000000a3100000|100%| S|CS|TAMS 0x00000000a3000000| PB 0x00000000a3000000| Complete |  0
| 561|0x00000000a3100000, 0x00000000a3200000, 0x00000000a3200000|100%| S|CS|TAMS 0x00000000a3100000| PB 0x00000000a3100000| Complete |  0
| 562|0x00000000a3200000, 0x00000000a3300000, 0x00000000a3300000|100%| S|CS|TAMS 0x00000000a3200000| PB 0x00000000a3200000| Complete |  0
| 563|0x00000000a3300000, 0x00000000a3400000, 0x00000000a3400000|100%| S|CS|TAMS 0x00000000a3300000| PB 0x00000000a3300000| Complete |  0
| 564|0x00000000a3400000, 0x00000000a3500000, 0x00000000a3500000|100%| S|CS|TAMS 0x00000000a3400000| PB 0x00000000a3400000| Complete |  0
| 565|0x00000000a3500000, 0x00000000a3600000, 0x00000000a3600000|100%| S|CS|TAMS 0x00000000a3500000| PB 0x00000000a3500000| Complete |  0
| 566|0x00000000a3600000, 0x00000000a3700000, 0x00000000a3700000|100%| S|CS|TAMS 0x00000000a3600000| PB 0x00000000a3600000| Complete |  0
| 567|0x00000000a3700000, 0x00000000a3800000, 0x00000000a3800000|100%| S|CS|TAMS 0x00000000a3700000| PB 0x00000000a3700000| Complete |  0
| 568|0x00000000a3800000, 0x00000000a3900000, 0x00000000a3900000|100%| S|CS|TAMS 0x00000000a3800000| PB 0x00000000a3800000| Complete |  0
| 569|0x00000000a3900000, 0x00000000a3900000, 0x00000000a3a00000|  0%| F|  |TAMS 0x00000000a3900000| PB 0x00000000a3900000| Untracked |  0
| 570|0x00000000a3a00000, 0x00000000a3a00000, 0x00000000a3b00000|  0%| F|  |TAMS 0x00000000a3a00000| PB 0x00000000a3a00000| Untracked |  0
| 571|0x00000000a3b00000, 0x00000000a3b00000, 0x00000000a3c00000|  0%| F|  |TAMS 0x00000000a3b00000| PB 0x00000000a3b00000| Untracked |  0
| 572|0x00000000a3c00000, 0x00000000a3c00000, 0x00000000a3d00000|  0%| F|  |TAMS 0x00000000a3c00000| PB 0x00000000a3c00000| Untracked |  0
| 573|0x00000000a3d00000, 0x00000000a3d00000, 0x00000000a3e00000|  0%| F|  |TAMS 0x00000000a3d00000| PB 0x00000000a3d00000| Untracked |  0
| 574|0x00000000a3e00000, 0x00000000a3e00000, 0x00000000a3f00000|  0%| F|  |TAMS 0x00000000a3e00000| PB 0x00000000a3e00000| Untracked |  0
| 575|0x00000000a3f00000, 0x00000000a3f00000, 0x00000000a4000000|  0%| F|  |TAMS 0x00000000a3f00000| PB 0x00000000a3f00000| Untracked |  0
| 576|0x00000000a4000000, 0x00000000a4000000, 0x00000000a4100000|  0%| F|  |TAMS 0x00000000a4000000| PB 0x00000000a4000000| Untracked |  0
| 577|0x00000000a4100000, 0x00000000a4100000, 0x00000000a4200000|  0%| F|  |TAMS 0x00000000a4100000| PB 0x00000000a4100000| Untracked |  0
| 578|0x00000000a4200000, 0x00000000a4200000, 0x00000000a4300000|  0%| F|  |TAMS 0x00000000a4200000| PB 0x00000000a4200000| Untracked |  0
| 579|0x00000000a4300000, 0x00000000a4300000, 0x00000000a4400000|  0%| F|  |TAMS 0x00000000a4300000| PB 0x00000000a4300000| Untracked |  0
| 580|0x00000000a4400000, 0x00000000a4400000, 0x00000000a4500000|  0%| F|  |TAMS 0x00000000a4400000| PB 0x00000000a4400000| Untracked |  0
| 581|0x00000000a4500000, 0x00000000a4500000, 0x00000000a4600000|  0%| F|  |TAMS 0x00000000a4500000| PB 0x00000000a4500000| Untracked |  0
| 582|0x00000000a4600000, 0x00000000a4600000, 0x00000000a4700000|  0%| F|  |TAMS 0x00000000a4600000| PB 0x00000000a4600000| Untracked |  0
| 583|0x00000000a4700000, 0x00000000a4700000, 0x00000000a4800000|  0%| F|  |TAMS 0x00000000a4700000| PB 0x00000000a4700000| Untracked |  0
| 584|0x00000000a4800000, 0x00000000a4800000, 0x00000000a4900000|  0%| F|  |TAMS 0x00000000a4800000| PB 0x00000000a4800000| Untracked |  0
| 585|0x00000000a4900000, 0x00000000a4900000, 0x00000000a4a00000|  0%| F|  |TAMS 0x00000000a4900000| PB 0x00000000a4900000| Untracked |  0
| 586|0x00000000a4a00000, 0x00000000a4a00000, 0x00000000a4b00000|  0%| F|  |TAMS 0x00000000a4a00000| PB 0x00000000a4a00000| Untracked |  0
| 587|0x00000000a4b00000, 0x00000000a4b00000, 0x00000000a4c00000|  0%| F|  |TAMS 0x00000000a4b00000| PB 0x00000000a4b00000| Untracked |  0
| 588|0x00000000a4c00000, 0x00000000a4c00000, 0x00000000a4d00000|  0%| F|  |TAMS 0x00000000a4c00000| PB 0x00000000a4c00000| Untracked |  0
| 589|0x00000000a4d00000, 0x00000000a4d00000, 0x00000000a4e00000|  0%| F|  |TAMS 0x00000000a4d00000| PB 0x00000000a4d00000| Untracked |  0
| 590|0x00000000a4e00000, 0x00000000a4e00000, 0x00000000a4f00000|  0%| F|  |TAMS 0x00000000a4e00000| PB 0x00000000a4e00000| Untracked |  0
| 591|0x00000000a4f00000, 0x00000000a4f00000, 0x00000000a5000000|  0%| F|  |TAMS 0x00000000a4f00000| PB 0x00000000a4f00000| Untracked |  0
| 592|0x00000000a5000000, 0x00000000a5000000, 0x00000000a5100000|  0%| F|  |TAMS 0x00000000a5000000| PB 0x00000000a5000000| Untracked |  0
| 593|0x00000000a5100000, 0x00000000a5100000, 0x00000000a5200000|  0%| F|  |TAMS 0x00000000a5100000| PB 0x00000000a5100000| Untracked |  0
| 594|0x00000000a5200000, 0x00000000a5200000, 0x00000000a5300000|  0%| F|  |TAMS 0x00000000a5200000| PB 0x00000000a5200000| Untracked |  0
| 595|0x00000000a5300000, 0x00000000a5300000, 0x00000000a5400000|  0%| F|  |TAMS 0x00000000a5300000| PB 0x00000000a5300000| Untracked |  0
| 596|0x00000000a5400000, 0x00000000a5400000, 0x00000000a5500000|  0%| F|  |TAMS 0x00000000a5400000| PB 0x00000000a5400000| Untracked |  0
| 597|0x00000000a5500000, 0x00000000a5500000, 0x00000000a5600000|  0%| F|  |TAMS 0x00000000a5500000| PB 0x00000000a5500000| Untracked |  0
| 598|0x00000000a5600000, 0x00000000a5600000, 0x00000000a5700000|  0%| F|  |TAMS 0x00000000a5600000| PB 0x00000000a5600000| Untracked |  0
| 599|0x00000000a5700000, 0x00000000a5700000, 0x00000000a5800000|  0%| F|  |TAMS 0x00000000a5700000| PB 0x00000000a5700000| Untracked |  0
| 600|0x00000000a5800000, 0x00000000a5800000, 0x00000000a5900000|  0%| F|  |TAMS 0x00000000a5800000| PB 0x00000000a5800000| Untracked |  0
| 601|0x00000000a5900000, 0x00000000a5900000, 0x00000000a5a00000|  0%| F|  |TAMS 0x00000000a5900000| PB 0x00000000a5900000| Untracked |  0
| 602|0x00000000a5a00000, 0x00000000a5a00000, 0x00000000a5b00000|  0%| F|  |TAMS 0x00000000a5a00000| PB 0x00000000a5a00000| Untracked |  0
| 603|0x00000000a5b00000, 0x00000000a5b00000, 0x00000000a5c00000|  0%| F|  |TAMS 0x00000000a5b00000| PB 0x00000000a5b00000| Untracked |  0
| 604|0x00000000a5c00000, 0x00000000a5c00000, 0x00000000a5d00000|  0%| F|  |TAMS 0x00000000a5c00000| PB 0x00000000a5c00000| Untracked |  0
| 605|0x00000000a5d00000, 0x00000000a5d00000, 0x00000000a5e00000|  0%| F|  |TAMS 0x00000000a5d00000| PB 0x00000000a5d00000| Untracked |  0
| 606|0x00000000a5e00000, 0x00000000a5e00000, 0x00000000a5f00000|  0%| F|  |TAMS 0x00000000a5e00000| PB 0x00000000a5e00000| Untracked |  0
| 607|0x00000000a5f00000, 0x00000000a5f00000, 0x00000000a6000000|  0%| F|  |TAMS 0x00000000a5f00000| PB 0x00000000a5f00000| Untracked |  0
| 608|0x00000000a6000000, 0x00000000a6000000, 0x00000000a6100000|  0%| F|  |TAMS 0x00000000a6000000| PB 0x00000000a6000000| Untracked |  0
| 609|0x00000000a6100000, 0x00000000a6100000, 0x00000000a6200000|  0%| F|  |TAMS 0x00000000a6100000| PB 0x00000000a6100000| Untracked |  0
| 610|0x00000000a6200000, 0x00000000a6200000, 0x00000000a6300000|  0%| F|  |TAMS 0x00000000a6200000| PB 0x00000000a6200000| Untracked |  0
| 611|0x00000000a6300000, 0x00000000a6300000, 0x00000000a6400000|  0%| F|  |TAMS 0x00000000a6300000| PB 0x00000000a6300000| Untracked |  0
| 612|0x00000000a6400000, 0x00000000a6400000, 0x00000000a6500000|  0%| F|  |TAMS 0x00000000a6400000| PB 0x00000000a6400000| Untracked |  0
| 613|0x00000000a6500000, 0x00000000a6500000, 0x00000000a6600000|  0%| F|  |TAMS 0x00000000a6500000| PB 0x00000000a6500000| Untracked |  0
| 614|0x00000000a6600000, 0x00000000a6600000, 0x00000000a6700000|  0%| F|  |TAMS 0x00000000a6600000| PB 0x00000000a6600000| Untracked |  0
| 615|0x00000000a6700000, 0x00000000a6700000, 0x00000000a6800000|  0%| F|  |TAMS 0x00000000a6700000| PB 0x00000000a6700000| Untracked |  0
| 616|0x00000000a6800000, 0x00000000a6800000, 0x00000000a6900000|  0%| F|  |TAMS 0x00000000a6800000| PB 0x00000000a6800000| Untracked |  0
| 617|0x00000000a6900000, 0x00000000a6900000, 0x00000000a6a00000|  0%| F|  |TAMS 0x00000000a6900000| PB 0x00000000a6900000| Untracked |  0
| 618|0x00000000a6a00000, 0x00000000a6a00000, 0x00000000a6b00000|  0%| F|  |TAMS 0x00000000a6a00000| PB 0x00000000a6a00000| Untracked |  0
| 619|0x00000000a6b00000, 0x00000000a6b00000, 0x00000000a6c00000|  0%| F|  |TAMS 0x00000000a6b00000| PB 0x00000000a6b00000| Untracked |  0
| 620|0x00000000a6c00000, 0x00000000a6c00000, 0x00000000a6d00000|  0%| F|  |TAMS 0x00000000a6c00000| PB 0x00000000a6c00000| Untracked |  0
| 621|0x00000000a6d00000, 0x00000000a6d00000, 0x00000000a6e00000|  0%| F|  |TAMS 0x00000000a6d00000| PB 0x00000000a6d00000| Untracked |  0
| 622|0x00000000a6e00000, 0x00000000a6e00000, 0x00000000a6f00000|  0%| F|  |TAMS 0x00000000a6e00000| PB 0x00000000a6e00000| Untracked |  0
| 623|0x00000000a6f00000, 0x00000000a6f00000, 0x00000000a7000000|  0%| F|  |TAMS 0x00000000a6f00000| PB 0x00000000a6f00000| Untracked |  0
| 624|0x00000000a7000000, 0x00000000a7000000, 0x00000000a7100000|  0%| F|  |TAMS 0x00000000a7000000| PB 0x00000000a7000000| Untracked |  0
| 625|0x00000000a7100000, 0x00000000a7100000, 0x00000000a7200000|  0%| F|  |TAMS 0x00000000a7100000| PB 0x00000000a7100000| Untracked |  0
| 626|0x00000000a7200000, 0x00000000a7200000, 0x00000000a7300000|  0%| F|  |TAMS 0x00000000a7200000| PB 0x00000000a7200000| Untracked |  0
| 627|0x00000000a7300000, 0x00000000a7300000, 0x00000000a7400000|  0%| F|  |TAMS 0x00000000a7300000| PB 0x00000000a7300000| Untracked |  0
| 628|0x00000000a7400000, 0x00000000a7400000, 0x00000000a7500000|  0%| F|  |TAMS 0x00000000a7400000| PB 0x00000000a7400000| Untracked |  0
| 629|0x00000000a7500000, 0x00000000a7500000, 0x00000000a7600000|  0%| F|  |TAMS 0x00000000a7500000| PB 0x00000000a7500000| Untracked |  0
| 630|0x00000000a7600000, 0x00000000a7600000, 0x00000000a7700000|  0%| F|  |TAMS 0x00000000a7600000| PB 0x00000000a7600000| Untracked |  0
| 631|0x00000000a7700000, 0x00000000a7700000, 0x00000000a7800000|  0%| F|  |TAMS 0x00000000a7700000| PB 0x00000000a7700000| Untracked |  0
| 632|0x00000000a7800000, 0x00000000a7800000, 0x00000000a7900000|  0%| F|  |TAMS 0x00000000a7800000| PB 0x00000000a7800000| Untracked |  0
| 633|0x00000000a7900000, 0x00000000a7900000, 0x00000000a7a00000|  0%| F|  |TAMS 0x00000000a7900000| PB 0x00000000a7900000| Untracked |  0
| 634|0x00000000a7a00000, 0x00000000a7a00000, 0x00000000a7b00000|  0%| F|  |TAMS 0x00000000a7a00000| PB 0x00000000a7a00000| Untracked |  0
| 635|0x00000000a7b00000, 0x00000000a7b00000, 0x00000000a7c00000|  0%| F|  |TAMS 0x00000000a7b00000| PB 0x00000000a7b00000| Untracked |  0
| 636|0x00000000a7c00000, 0x00000000a7c00000, 0x00000000a7d00000|  0%| F|  |TAMS 0x00000000a7c00000| PB 0x00000000a7c00000| Untracked |  0
| 637|0x00000000a7d00000, 0x00000000a7d00000, 0x00000000a7e00000|  0%| F|  |TAMS 0x00000000a7d00000| PB 0x00000000a7d00000| Untracked |  0
| 638|0x00000000a7e00000, 0x00000000a7e00000, 0x00000000a7f00000|  0%| F|  |TAMS 0x00000000a7e00000| PB 0x00000000a7e00000| Untracked |  0
| 639|0x00000000a7f00000, 0x00000000a7f00000, 0x00000000a8000000|  0%| F|  |TAMS 0x00000000a7f00000| PB 0x00000000a7f00000| Untracked |  0
| 640|0x00000000a8000000, 0x00000000a8000000, 0x00000000a8100000|  0%| F|  |TAMS 0x00000000a8000000| PB 0x00000000a8000000| Untracked |  0
| 641|0x00000000a8100000, 0x00000000a8100000, 0x00000000a8200000|  0%| F|  |TAMS 0x00000000a8100000| PB 0x00000000a8100000| Untracked |  0
| 642|0x00000000a8200000, 0x00000000a8200000, 0x00000000a8300000|  0%| F|  |TAMS 0x00000000a8200000| PB 0x00000000a8200000| Untracked |  0
| 643|0x00000000a8300000, 0x00000000a8300000, 0x00000000a8400000|  0%| F|  |TAMS 0x00000000a8300000| PB 0x00000000a8300000| Untracked |  0
| 644|0x00000000a8400000, 0x00000000a8400000, 0x00000000a8500000|  0%| F|  |TAMS 0x00000000a8400000| PB 0x00000000a8400000| Untracked |  0
| 645|0x00000000a8500000, 0x00000000a8500000, 0x00000000a8600000|  0%| F|  |TAMS 0x00000000a8500000| PB 0x00000000a8500000| Untracked |  0
| 646|0x00000000a8600000, 0x00000000a8600000, 0x00000000a8700000|  0%| F|  |TAMS 0x00000000a8600000| PB 0x00000000a8600000| Untracked |  0
| 647|0x00000000a8700000, 0x00000000a8700000, 0x00000000a8800000|  0%| F|  |TAMS 0x00000000a8700000| PB 0x00000000a8700000| Untracked |  0
| 648|0x00000000a8800000, 0x00000000a8800000, 0x00000000a8900000|  0%| F|  |TAMS 0x00000000a8800000| PB 0x00000000a8800000| Untracked |  0
| 649|0x00000000a8900000, 0x00000000a8900000, 0x00000000a8a00000|  0%| F|  |TAMS 0x00000000a8900000| PB 0x00000000a8900000| Untracked |  0
| 650|0x00000000a8a00000, 0x00000000a8a00000, 0x00000000a8b00000|  0%| F|  |TAMS 0x00000000a8a00000| PB 0x00000000a8a00000| Untracked |  0
| 651|0x00000000a8b00000, 0x00000000a8b00000, 0x00000000a8c00000|  0%| F|  |TAMS 0x00000000a8b00000| PB 0x00000000a8b00000| Untracked |  0
| 652|0x00000000a8c00000, 0x00000000a8c00000, 0x00000000a8d00000|  0%| F|  |TAMS 0x00000000a8c00000| PB 0x00000000a8c00000| Untracked |  0
| 653|0x00000000a8d00000, 0x00000000a8d00000, 0x00000000a8e00000|  0%| F|  |TAMS 0x00000000a8d00000| PB 0x00000000a8d00000| Untracked |  0
| 654|0x00000000a8e00000, 0x00000000a8e00000, 0x00000000a8f00000|  0%| F|  |TAMS 0x00000000a8e00000| PB 0x00000000a8e00000| Untracked |  0
| 655|0x00000000a8f00000, 0x00000000a8f00000, 0x00000000a9000000|  0%| F|  |TAMS 0x00000000a8f00000| PB 0x00000000a8f00000| Untracked |  0
| 656|0x00000000a9000000, 0x00000000a9000000, 0x00000000a9100000|  0%| F|  |TAMS 0x00000000a9000000| PB 0x00000000a9000000| Untracked |  0
| 657|0x00000000a9100000, 0x00000000a9100000, 0x00000000a9200000|  0%| F|  |TAMS 0x00000000a9100000| PB 0x00000000a9100000| Untracked |  0
| 658|0x00000000a9200000, 0x00000000a9200000, 0x00000000a9300000|  0%| F|  |TAMS 0x00000000a9200000| PB 0x00000000a9200000| Untracked |  0
| 659|0x00000000a9300000, 0x00000000a9300000, 0x00000000a9400000|  0%| F|  |TAMS 0x00000000a9300000| PB 0x00000000a9300000| Untracked |  0
| 660|0x00000000a9400000, 0x00000000a9400000, 0x00000000a9500000|  0%| F|  |TAMS 0x00000000a9400000| PB 0x00000000a9400000| Untracked |  0
| 661|0x00000000a9500000, 0x00000000a9500000, 0x00000000a9600000|  0%| F|  |TAMS 0x00000000a9500000| PB 0x00000000a9500000| Untracked |  0
| 662|0x00000000a9600000, 0x00000000a9600000, 0x00000000a9700000|  0%| F|  |TAMS 0x00000000a9600000| PB 0x00000000a9600000| Untracked |  0
| 663|0x00000000a9700000, 0x00000000a9700000, 0x00000000a9800000|  0%| F|  |TAMS 0x00000000a9700000| PB 0x00000000a9700000| Untracked |  0
| 664|0x00000000a9800000, 0x00000000a9800000, 0x00000000a9900000|  0%| F|  |TAMS 0x00000000a9800000| PB 0x00000000a9800000| Untracked |  0
| 665|0x00000000a9900000, 0x00000000a9900000, 0x00000000a9a00000|  0%| F|  |TAMS 0x00000000a9900000| PB 0x00000000a9900000| Untracked |  0
| 666|0x00000000a9a00000, 0x00000000a9a00000, 0x00000000a9b00000|  0%| F|  |TAMS 0x00000000a9a00000| PB 0x00000000a9a00000| Untracked |  0
| 667|0x00000000a9b00000, 0x00000000a9b00000, 0x00000000a9c00000|  0%| F|  |TAMS 0x00000000a9b00000| PB 0x00000000a9b00000| Untracked |  0
| 668|0x00000000a9c00000, 0x00000000a9c00000, 0x00000000a9d00000|  0%| F|  |TAMS 0x00000000a9c00000| PB 0x00000000a9c00000| Untracked |  0
| 669|0x00000000a9d00000, 0x00000000a9d00000, 0x00000000a9e00000|  0%| F|  |TAMS 0x00000000a9d00000| PB 0x00000000a9d00000| Untracked |  0
| 670|0x00000000a9e00000, 0x00000000a9e00000, 0x00000000a9f00000|  0%| F|  |TAMS 0x00000000a9e00000| PB 0x00000000a9e00000| Untracked |  0
| 671|0x00000000a9f00000, 0x00000000a9f00000, 0x00000000aa000000|  0%| F|  |TAMS 0x00000000a9f00000| PB 0x00000000a9f00000| Untracked |  0
| 672|0x00000000aa000000, 0x00000000aa000000, 0x00000000aa100000|  0%| F|  |TAMS 0x00000000aa000000| PB 0x00000000aa000000| Untracked |  0
| 673|0x00000000aa100000, 0x00000000aa100000, 0x00000000aa200000|  0%| F|  |TAMS 0x00000000aa100000| PB 0x00000000aa100000| Untracked |  0
| 674|0x00000000aa200000, 0x00000000aa200000, 0x00000000aa300000|  0%| F|  |TAMS 0x00000000aa200000| PB 0x00000000aa200000| Untracked |  0
| 675|0x00000000aa300000, 0x00000000aa300000, 0x00000000aa400000|  0%| F|  |TAMS 0x00000000aa300000| PB 0x00000000aa300000| Untracked |  0
| 676|0x00000000aa400000, 0x00000000aa400000, 0x00000000aa500000|  0%| F|  |TAMS 0x00000000aa400000| PB 0x00000000aa400000| Untracked |  0
| 677|0x00000000aa500000, 0x00000000aa500000, 0x00000000aa600000|  0%| F|  |TAMS 0x00000000aa500000| PB 0x00000000aa500000| Untracked |  0
| 678|0x00000000aa600000, 0x00000000aa600000, 0x00000000aa700000|  0%| F|  |TAMS 0x00000000aa600000| PB 0x00000000aa600000| Untracked |  0
| 679|0x00000000aa700000, 0x00000000aa700000, 0x00000000aa800000|  0%| F|  |TAMS 0x00000000aa700000| PB 0x00000000aa700000| Untracked |  0
| 680|0x00000000aa800000, 0x00000000aa800000, 0x00000000aa900000|  0%| F|  |TAMS 0x00000000aa800000| PB 0x00000000aa800000| Untracked |  0
| 681|0x00000000aa900000, 0x00000000aa900000, 0x00000000aaa00000|  0%| F|  |TAMS 0x00000000aa900000| PB 0x00000000aa900000| Untracked |  0
| 682|0x00000000aaa00000, 0x00000000aaa00000, 0x00000000aab00000|  0%| F|  |TAMS 0x00000000aaa00000| PB 0x00000000aaa00000| Untracked |  0
| 683|0x00000000aab00000, 0x00000000aab00000, 0x00000000aac00000|  0%| F|  |TAMS 0x00000000aab00000| PB 0x00000000aab00000| Untracked |  0
| 684|0x00000000aac00000, 0x00000000aac00000, 0x00000000aad00000|  0%| F|  |TAMS 0x00000000aac00000| PB 0x00000000aac00000| Untracked |  0
| 685|0x00000000aad00000, 0x00000000aad00000, 0x00000000aae00000|  0%| F|  |TAMS 0x00000000aad00000| PB 0x00000000aad00000| Untracked |  0
| 686|0x00000000aae00000, 0x00000000aae00000, 0x00000000aaf00000|  0%| F|  |TAMS 0x00000000aae00000| PB 0x00000000aae00000| Untracked |  0
| 687|0x00000000aaf00000, 0x00000000aaf00000, 0x00000000ab000000|  0%| F|  |TAMS 0x00000000aaf00000| PB 0x00000000aaf00000| Untracked |  0
| 688|0x00000000ab000000, 0x00000000ab000000, 0x00000000ab100000|  0%| F|  |TAMS 0x00000000ab000000| PB 0x00000000ab000000| Untracked |  0
| 689|0x00000000ab100000, 0x00000000ab100000, 0x00000000ab200000|  0%| F|  |TAMS 0x00000000ab100000| PB 0x00000000ab100000| Untracked |  0
| 690|0x00000000ab200000, 0x00000000ab200000, 0x00000000ab300000|  0%| F|  |TAMS 0x00000000ab200000| PB 0x00000000ab200000| Untracked |  0
| 691|0x00000000ab300000, 0x00000000ab300000, 0x00000000ab400000|  0%| F|  |TAMS 0x00000000ab300000| PB 0x00000000ab300000| Untracked |  0
| 692|0x00000000ab400000, 0x00000000ab400000, 0x00000000ab500000|  0%| F|  |TAMS 0x00000000ab400000| PB 0x00000000ab400000| Untracked |  0
| 693|0x00000000ab500000, 0x00000000ab500000, 0x00000000ab600000|  0%| F|  |TAMS 0x00000000ab500000| PB 0x00000000ab500000| Untracked |  0
| 694|0x00000000ab600000, 0x00000000ab600000, 0x00000000ab700000|  0%| F|  |TAMS 0x00000000ab600000| PB 0x00000000ab600000| Untracked |  0
| 695|0x00000000ab700000, 0x00000000ab700000, 0x00000000ab800000|  0%| F|  |TAMS 0x00000000ab700000| PB 0x00000000ab700000| Untracked |  0
| 696|0x00000000ab800000, 0x00000000ab800000, 0x00000000ab900000|  0%| F|  |TAMS 0x00000000ab800000| PB 0x00000000ab800000| Untracked |  0
| 697|0x00000000ab900000, 0x00000000ab900000, 0x00000000aba00000|  0%| F|  |TAMS 0x00000000ab900000| PB 0x00000000ab900000| Untracked |  0
| 698|0x00000000aba00000, 0x00000000aba00000, 0x00000000abb00000|  0%| F|  |TAMS 0x00000000aba00000| PB 0x00000000aba00000| Untracked |  0
| 699|0x00000000abb00000, 0x00000000abb00000, 0x00000000abc00000|  0%| F|  |TAMS 0x00000000abb00000| PB 0x00000000abb00000| Untracked |  0
| 700|0x00000000abc00000, 0x00000000abc00000, 0x00000000abd00000|  0%| F|  |TAMS 0x00000000abc00000| PB 0x00000000abc00000| Untracked |  0
| 701|0x00000000abd00000, 0x00000000abd00000, 0x00000000abe00000|  0%| F|  |TAMS 0x00000000abd00000| PB 0x00000000abd00000| Untracked |  0
| 702|0x00000000abe00000, 0x00000000abe00000, 0x00000000abf00000|  0%| F|  |TAMS 0x00000000abe00000| PB 0x00000000abe00000| Untracked |  0
| 703|0x00000000abf00000, 0x00000000abf00000, 0x00000000ac000000|  0%| F|  |TAMS 0x00000000abf00000| PB 0x00000000abf00000| Untracked |  0
| 704|0x00000000ac000000, 0x00000000ac000000, 0x00000000ac100000|  0%| F|  |TAMS 0x00000000ac000000| PB 0x00000000ac000000| Untracked |  0
| 705|0x00000000ac100000, 0x00000000ac100000, 0x00000000ac200000|  0%| F|  |TAMS 0x00000000ac100000| PB 0x00000000ac100000| Untracked |  0
| 706|0x00000000ac200000, 0x00000000ac200000, 0x00000000ac300000|  0%| F|  |TAMS 0x00000000ac200000| PB 0x00000000ac200000| Untracked |  0
| 707|0x00000000ac300000, 0x00000000ac300000, 0x00000000ac400000|  0%| F|  |TAMS 0x00000000ac300000| PB 0x00000000ac300000| Untracked |  0
| 708|0x00000000ac400000, 0x00000000ac400000, 0x00000000ac500000|  0%| F|  |TAMS 0x00000000ac400000| PB 0x00000000ac400000| Untracked |  0
| 709|0x00000000ac500000, 0x00000000ac500000, 0x00000000ac600000|  0%| F|  |TAMS 0x00000000ac500000| PB 0x00000000ac500000| Untracked |  0
| 710|0x00000000ac600000, 0x00000000ac600000, 0x00000000ac700000|  0%| F|  |TAMS 0x00000000ac600000| PB 0x00000000ac600000| Untracked |  0
| 711|0x00000000ac700000, 0x00000000ac700000, 0x00000000ac800000|  0%| F|  |TAMS 0x00000000ac700000| PB 0x00000000ac700000| Untracked |  0
| 712|0x00000000ac800000, 0x00000000ac800000, 0x00000000ac900000|  0%| F|  |TAMS 0x00000000ac800000| PB 0x00000000ac800000| Untracked |  0
| 713|0x00000000ac900000, 0x00000000ac900000, 0x00000000aca00000|  0%| F|  |TAMS 0x00000000ac900000| PB 0x00000000ac900000| Untracked |  0
| 714|0x00000000aca00000, 0x00000000aca00000, 0x00000000acb00000|  0%| F|  |TAMS 0x00000000aca00000| PB 0x00000000aca00000| Untracked |  0
| 715|0x00000000acb00000, 0x00000000acb00000, 0x00000000acc00000|  0%| F|  |TAMS 0x00000000acb00000| PB 0x00000000acb00000| Untracked |  0
| 716|0x00000000acc00000, 0x00000000acc00000, 0x00000000acd00000|  0%| F|  |TAMS 0x00000000acc00000| PB 0x00000000acc00000| Untracked |  0
| 717|0x00000000acd00000, 0x00000000acd00000, 0x00000000ace00000|  0%| F|  |TAMS 0x00000000acd00000| PB 0x00000000acd00000| Untracked |  0
| 718|0x00000000ace00000, 0x00000000ace00000, 0x00000000acf00000|  0%| F|  |TAMS 0x00000000ace00000| PB 0x00000000ace00000| Untracked |  0
| 719|0x00000000acf00000, 0x00000000acf00000, 0x00000000ad000000|  0%| F|  |TAMS 0x00000000acf00000| PB 0x00000000acf00000| Untracked |  0
| 720|0x00000000ad000000, 0x00000000ad000000, 0x00000000ad100000|  0%| F|  |TAMS 0x00000000ad000000| PB 0x00000000ad000000| Untracked |  0
| 721|0x00000000ad100000, 0x00000000ad100000, 0x00000000ad200000|  0%| F|  |TAMS 0x00000000ad100000| PB 0x00000000ad100000| Untracked |  0
| 722|0x00000000ad200000, 0x00000000ad200000, 0x00000000ad300000|  0%| F|  |TAMS 0x00000000ad200000| PB 0x00000000ad200000| Untracked |  0
| 723|0x00000000ad300000, 0x00000000ad300000, 0x00000000ad400000|  0%| F|  |TAMS 0x00000000ad300000| PB 0x00000000ad300000| Untracked |  0
| 724|0x00000000ad400000, 0x00000000ad400000, 0x00000000ad500000|  0%| F|  |TAMS 0x00000000ad400000| PB 0x00000000ad400000| Untracked |  0
| 725|0x00000000ad500000, 0x00000000ad500000, 0x00000000ad600000|  0%| F|  |TAMS 0x00000000ad500000| PB 0x00000000ad500000| Untracked |  0
| 726|0x00000000ad600000, 0x00000000ad600000, 0x00000000ad700000|  0%| F|  |TAMS 0x00000000ad600000| PB 0x00000000ad600000| Untracked |  0
| 727|0x00000000ad700000, 0x00000000ad700000, 0x00000000ad800000|  0%| F|  |TAMS 0x00000000ad700000| PB 0x00000000ad700000| Untracked |  0
| 728|0x00000000ad800000, 0x00000000ad800000, 0x00000000ad900000|  0%| F|  |TAMS 0x00000000ad800000| PB 0x00000000ad800000| Untracked |  0
| 729|0x00000000ad900000, 0x00000000ad900000, 0x00000000ada00000|  0%| F|  |TAMS 0x00000000ad900000| PB 0x00000000ad900000| Untracked |  0
| 730|0x00000000ada00000, 0x00000000ada00000, 0x00000000adb00000|  0%| F|  |TAMS 0x00000000ada00000| PB 0x00000000ada00000| Untracked |  0
| 731|0x00000000adb00000, 0x00000000adb00000, 0x00000000adc00000|  0%| F|  |TAMS 0x00000000adb00000| PB 0x00000000adb00000| Untracked |  0
| 732|0x00000000adc00000, 0x00000000adc00000, 0x00000000add00000|  0%| F|  |TAMS 0x00000000adc00000| PB 0x00000000adc00000| Untracked |  0
| 733|0x00000000add00000, 0x00000000add00000, 0x00000000ade00000|  0%| F|  |TAMS 0x00000000add00000| PB 0x00000000add00000| Untracked |  0
| 734|0x00000000ade00000, 0x00000000ade00000, 0x00000000adf00000|  0%| F|  |TAMS 0x00000000ade00000| PB 0x00000000ade00000| Untracked |  0
| 735|0x00000000adf00000, 0x00000000adf00000, 0x00000000ae000000|  0%| F|  |TAMS 0x00000000adf00000| PB 0x00000000adf00000| Untracked |  0
| 736|0x00000000ae000000, 0x00000000ae000000, 0x00000000ae100000|  0%| F|  |TAMS 0x00000000ae000000| PB 0x00000000ae000000| Untracked |  0
|1940|0x00000000f9400000, 0x00000000f9480000, 0x00000000f9500000| 50%| O|  |TAMS 0x00000000f9400000| PB 0x00000000f9400000| Untracked |  0
|1941|0x00000000f9500000, 0x00000000f9600000, 0x00000000f9600000|100%| O|  |TAMS 0x00000000f9500000| PB 0x00000000f9500000| Untracked |  0
|1942|0x00000000f9600000, 0x00000000f9700000, 0x00000000f9700000|100%| O|  |TAMS 0x00000000f9600000| PB 0x00000000f9600000| Untracked |  0
|1943|0x00000000f9700000, 0x00000000f9800000, 0x00000000f9800000|100%| O|  |TAMS 0x00000000f9700000| PB 0x00000000f9700000| Untracked |  0
|1944|0x00000000f9800000, 0x00000000f9900000, 0x00000000f9900000|100%| O|  |TAMS 0x00000000f9800000| PB 0x00000000f9800000| Untracked |  0
|1945|0x00000000f9900000, 0x00000000f9a00000, 0x00000000f9a00000|100%| O|  |TAMS 0x00000000f9900000| PB 0x00000000f9900000| Untracked |  0
|1946|0x00000000f9a00000, 0x00000000f9b00000, 0x00000000f9b00000|100%| O|  |TAMS 0x00000000f9a00000| PB 0x00000000f9a00000| Untracked |  0
|1947|0x00000000f9b00000, 0x00000000f9c00000, 0x00000000f9c00000|100%| O|  |TAMS 0x00000000f9b00000| PB 0x00000000f9b00000| Untracked |  0
|1948|0x00000000f9c00000, 0x00000000f9d00000, 0x00000000f9d00000|100%| O|  |TAMS 0x00000000f9c00000| PB 0x00000000f9c00000| Untracked |  0
|1949|0x00000000f9d00000, 0x00000000f9e00000, 0x00000000f9e00000|100%| O|  |TAMS 0x00000000f9d00000| PB 0x00000000f9d00000| Untracked |  0
|1950|0x00000000f9e00000, 0x00000000f9f00000, 0x00000000f9f00000|100%| O|  |TAMS 0x00000000f9e00000| PB 0x00000000f9e00000| Untracked |  0
|1951|0x00000000f9f00000, 0x00000000fa000000, 0x00000000fa000000|100%| O|  |TAMS 0x00000000f9f00000| PB 0x00000000f9f00000| Untracked |  0
|1952|0x00000000fa000000, 0x00000000fa100000, 0x00000000fa100000|100%| O|  |TAMS 0x00000000fa000000| PB 0x00000000fa000000| Untracked |  0
|1953|0x00000000fa100000, 0x00000000fa200000, 0x00000000fa200000|100%| O|  |TAMS 0x00000000fa100000| PB 0x00000000fa100000| Untracked |  0
|1954|0x00000000fa200000, 0x00000000fa300000, 0x00000000fa300000|100%| O|  |TAMS 0x00000000fa200000| PB 0x00000000fa200000| Untracked |  0
|1955|0x00000000fa300000, 0x00000000fa400000, 0x00000000fa400000|100%| O|  |TAMS 0x00000000fa300000| PB 0x00000000fa300000| Untracked |  0
|1956|0x00000000fa400000, 0x00000000fa500000, 0x00000000fa500000|100%| O|  |TAMS 0x00000000fa400000| PB 0x00000000fa400000| Untracked |  0
|1957|0x00000000fa500000, 0x00000000fa600000, 0x00000000fa600000|100%| O|  |TAMS 0x00000000fa500000| PB 0x00000000fa500000| Untracked |  0
|1958|0x00000000fa600000, 0x00000000fa700000, 0x00000000fa700000|100%| O|  |TAMS 0x00000000fa600000| PB 0x00000000fa600000| Untracked |  0
|1959|0x00000000fa700000, 0x00000000fa800000, 0x00000000fa800000|100%| O|  |TAMS 0x00000000fa700000| PB 0x00000000fa700000| Untracked |  0
|1960|0x00000000fa800000, 0x00000000fa900000, 0x00000000fa900000|100%| O|  |TAMS 0x00000000fa800000| PB 0x00000000fa800000| Untracked |  0
|1961|0x00000000fa900000, 0x00000000faa00000, 0x00000000faa00000|100%| O|  |TAMS 0x00000000fa900000| PB 0x00000000fa900000| Untracked |  0
|1962|0x00000000faa00000, 0x00000000fab00000, 0x00000000fab00000|100%| O|  |TAMS 0x00000000faa00000| PB 0x00000000faa00000| Untracked |  0
|1963|0x00000000fab00000, 0x00000000fab00000, 0x00000000fac00000|  0%| F|  |TAMS 0x00000000fab00000| PB 0x00000000fab00000| Untracked |  0
|1964|0x00000000fac00000, 0x00000000fac00000, 0x00000000fad00000|  0%| F|  |TAMS 0x00000000fac00000| PB 0x00000000fac00000| Untracked |  0
|1965|0x00000000fad00000, 0x00000000fad00000, 0x00000000fae00000|  0%| F|  |TAMS 0x00000000fad00000| PB 0x00000000fad00000| Untracked |  0
|1966|0x00000000fae00000, 0x00000000fae00000, 0x00000000faf00000|  0%| F|  |TAMS 0x00000000fae00000| PB 0x00000000fae00000| Untracked |  0
|1967|0x00000000faf00000, 0x00000000faf00000, 0x00000000fb000000|  0%| F|  |TAMS 0x00000000faf00000| PB 0x00000000faf00000| Untracked |  0
|1968|0x00000000fb000000, 0x00000000fb000000, 0x00000000fb100000|  0%| F|  |TAMS 0x00000000fb000000| PB 0x00000000fb000000| Untracked |  0
|1969|0x00000000fb100000, 0x00000000fb100000, 0x00000000fb200000|  0%| F|  |TAMS 0x00000000fb100000| PB 0x00000000fb100000| Untracked |  0
|1970|0x00000000fb200000, 0x00000000fb200000, 0x00000000fb300000|  0%| F|  |TAMS 0x00000000fb200000| PB 0x00000000fb200000| Untracked |  0
|1971|0x00000000fb300000, 0x00000000fb300000, 0x00000000fb400000|  0%| F|  |TAMS 0x00000000fb300000| PB 0x00000000fb300000| Untracked |  0
|1972|0x00000000fb400000, 0x00000000fb400000, 0x00000000fb500000|  0%| F|  |TAMS 0x00000000fb400000| PB 0x00000000fb400000| Untracked |  0
|1973|0x00000000fb500000, 0x00000000fb500000, 0x00000000fb600000|  0%| F|  |TAMS 0x00000000fb500000| PB 0x00000000fb500000| Untracked |  0
|1974|0x00000000fb600000, 0x00000000fb600000, 0x00000000fb700000|  0%| F|  |TAMS 0x00000000fb600000| PB 0x00000000fb600000| Untracked |  0
|1975|0x00000000fb700000, 0x00000000fb700000, 0x00000000fb800000|  0%| F|  |TAMS 0x00000000fb700000| PB 0x00000000fb700000| Untracked |  0
|1976|0x00000000fb800000, 0x00000000fb800000, 0x00000000fb900000|  0%| F|  |TAMS 0x00000000fb800000| PB 0x00000000fb800000| Untracked |  0
|1977|0x00000000fb900000, 0x00000000fb900000, 0x00000000fba00000|  0%| F|  |TAMS 0x00000000fb900000| PB 0x00000000fb900000| Untracked |  0
|1978|0x00000000fba00000, 0x00000000fba00000, 0x00000000fbb00000|  0%| F|  |TAMS 0x00000000fba00000| PB 0x00000000fba00000| Untracked |  0
|1979|0x00000000fbb00000, 0x00000000fbb00000, 0x00000000fbc00000|  0%| F|  |TAMS 0x00000000fbb00000| PB 0x00000000fbb00000| Untracked |  0
|1980|0x00000000fbc00000, 0x00000000fbc00000, 0x00000000fbd00000|  0%| F|  |TAMS 0x00000000fbc00000| PB 0x00000000fbc00000| Untracked |  0
|1981|0x00000000fbd00000, 0x00000000fbd00000, 0x00000000fbe00000|  0%| F|  |TAMS 0x00000000fbd00000| PB 0x00000000fbd00000| Untracked |  0
|1982|0x00000000fbe00000, 0x00000000fbe00000, 0x00000000fbf00000|  0%| F|  |TAMS 0x00000000fbe00000| PB 0x00000000fbe00000| Untracked |  0
|1983|0x00000000fbf00000, 0x00000000fbf00000, 0x00000000fc000000|  0%| F|  |TAMS 0x00000000fbf00000| PB 0x00000000fbf00000| Untracked |  0
|1984|0x00000000fc000000, 0x00000000fc000000, 0x00000000fc100000|  0%| F|  |TAMS 0x00000000fc000000| PB 0x00000000fc000000| Untracked |  0
|1985|0x00000000fc100000, 0x00000000fc100000, 0x00000000fc200000|  0%| F|  |TAMS 0x00000000fc100000| PB 0x00000000fc100000| Untracked |  0
|1986|0x00000000fc200000, 0x00000000fc200000, 0x00000000fc300000|  0%| F|  |TAMS 0x00000000fc200000| PB 0x00000000fc200000| Untracked |  0
|1987|0x00000000fc300000, 0x00000000fc300000, 0x00000000fc400000|  0%| F|  |TAMS 0x00000000fc300000| PB 0x00000000fc300000| Untracked |  0
|1988|0x00000000fc400000, 0x00000000fc400000, 0x00000000fc500000|  0%| F|  |TAMS 0x00000000fc400000| PB 0x00000000fc400000| Untracked |  0
|1989|0x00000000fc500000, 0x00000000fc500000, 0x00000000fc600000|  0%| F|  |TAMS 0x00000000fc500000| PB 0x00000000fc500000| Untracked |  0
|1990|0x00000000fc600000, 0x00000000fc600000, 0x00000000fc700000|  0%| F|  |TAMS 0x00000000fc600000| PB 0x00000000fc600000| Untracked |  0
|1991|0x00000000fc700000, 0x00000000fc700000, 0x00000000fc800000|  0%| F|  |TAMS 0x00000000fc700000| PB 0x00000000fc700000| Untracked |  0
|1992|0x00000000fc800000, 0x00000000fc800000, 0x00000000fc900000|  0%| F|  |TAMS 0x00000000fc800000| PB 0x00000000fc800000| Untracked |  0
|1993|0x00000000fc900000, 0x00000000fc900000, 0x00000000fca00000|  0%| F|  |TAMS 0x00000000fc900000| PB 0x00000000fc900000| Untracked |  0
|1994|0x00000000fca00000, 0x00000000fca00000, 0x00000000fcb00000|  0%| F|  |TAMS 0x00000000fca00000| PB 0x00000000fca00000| Untracked |  0
|1995|0x00000000fcb00000, 0x00000000fcb00000, 0x00000000fcc00000|  0%| F|  |TAMS 0x00000000fcb00000| PB 0x00000000fcb00000| Untracked |  0
|1996|0x00000000fcc00000, 0x00000000fcc00000, 0x00000000fcd00000|  0%| F|  |TAMS 0x00000000fcc00000| PB 0x00000000fcc00000| Untracked |  0
|1997|0x00000000fcd00000, 0x00000000fcd00000, 0x00000000fce00000|  0%| F|  |TAMS 0x00000000fcd00000| PB 0x00000000fcd00000| Untracked |  0
|1998|0x00000000fce00000, 0x00000000fce00000, 0x00000000fcf00000|  0%| F|  |TAMS 0x00000000fce00000| PB 0x00000000fce00000| Untracked |  0
|1999|0x00000000fcf00000, 0x00000000fcf00000, 0x00000000fd000000|  0%| F|  |TAMS 0x00000000fcf00000| PB 0x00000000fcf00000| Untracked |  0
|2000|0x00000000fd000000, 0x00000000fd100000, 0x00000000fd100000|100%| O|  |TAMS 0x00000000fd000000| PB 0x00000000fd000000| Untracked |  0
|2001|0x00000000fd100000, 0x00000000fd200000, 0x00000000fd200000|100%| O|  |TAMS 0x00000000fd100000| PB 0x00000000fd100000| Untracked |  0
|2002|0x00000000fd200000, 0x00000000fd300000, 0x00000000fd300000|100%| O|  |TAMS 0x00000000fd200000| PB 0x00000000fd200000| Untracked |  0
|2003|0x00000000fd300000, 0x00000000fd400000, 0x00000000fd400000|100%| O|  |TAMS 0x00000000fd300000| PB 0x00000000fd300000| Untracked |  0
|2004|0x00000000fd400000, 0x00000000fd500000, 0x00000000fd500000|100%| O|  |TAMS 0x00000000fd400000| PB 0x00000000fd400000| Untracked |  0
|2005|0x00000000fd500000, 0x00000000fd600000, 0x00000000fd600000|100%| O|  |TAMS 0x00000000fd500000| PB 0x00000000fd500000| Untracked |  0
|2006|0x00000000fd600000, 0x00000000fd700000, 0x00000000fd700000|100%| O|  |TAMS 0x00000000fd600000| PB 0x00000000fd600000| Untracked |  0
|2007|0x00000000fd700000, 0x00000000fd800000, 0x00000000fd800000|100%| O|  |TAMS 0x00000000fd700000| PB 0x00000000fd700000| Untracked |  0
|2008|0x00000000fd800000, 0x00000000fd900000, 0x00000000fd900000|100%| O|  |TAMS 0x00000000fd800000| PB 0x00000000fd800000| Untracked |  0
|2009|0x00000000fd900000, 0x00000000fda00000, 0x00000000fda00000|100%| O|  |TAMS 0x00000000fd900000| PB 0x00000000fd900000| Untracked |  0
|2010|0x00000000fda00000, 0x00000000fdb00000, 0x00000000fdb00000|100%| O|  |TAMS 0x00000000fda00000| PB 0x00000000fda00000| Untracked |  0
|2011|0x00000000fdb00000, 0x00000000fdc00000, 0x00000000fdc00000|100%| O|  |TAMS 0x00000000fdb00000| PB 0x00000000fdb00000| Untracked |  0
|2012|0x00000000fdc00000, 0x00000000fdd00000, 0x00000000fdd00000|100%| O|  |TAMS 0x00000000fdc00000| PB 0x00000000fdc00000| Untracked |  0
|2013|0x00000000fdd00000, 0x00000000fde00000, 0x00000000fde00000|100%| O|  |TAMS 0x00000000fdd00000| PB 0x00000000fdd00000| Untracked |  0
|2014|0x00000000fde00000, 0x00000000fdf00000, 0x00000000fdf00000|100%| O|  |TAMS 0x00000000fde00000| PB 0x00000000fde00000| Untracked |  0
|2015|0x00000000fdf00000, 0x00000000fe000000, 0x00000000fe000000|100%| O|  |TAMS 0x00000000fdf00000| PB 0x00000000fdf00000| Untracked |  0
|2016|0x00000000fe000000, 0x00000000fe100000, 0x00000000fe100000|100%| O|  |TAMS 0x00000000fe000000| PB 0x00000000fe000000| Untracked |  0
|2017|0x00000000fe100000, 0x00000000fe100000, 0x00000000fe200000|  0%| F|  |TAMS 0x00000000fe100000| PB 0x00000000fe100000| Untracked |  0
|2018|0x00000000fe200000, 0x00000000fe300000, 0x00000000fe300000|100%| O|  |TAMS 0x00000000fe200000| PB 0x00000000fe200000| Untracked |  0
|2019|0x00000000fe300000, 0x00000000fe400000, 0x00000000fe400000|100%| O|  |TAMS 0x00000000fe300000| PB 0x00000000fe300000| Untracked |  0
|2020|0x00000000fe400000, 0x00000000fe400000, 0x00000000fe500000|  0%| F|  |TAMS 0x00000000fe400000| PB 0x00000000fe400000| Untracked |  0
|2021|0x00000000fe500000, 0x00000000fe500000, 0x00000000fe600000|  0%| F|  |TAMS 0x00000000fe500000| PB 0x00000000fe500000| Untracked |  0
|2022|0x00000000fe600000, 0x00000000fe700000, 0x00000000fe700000|100%| O|  |TAMS 0x00000000fe600000| PB 0x00000000fe600000| Untracked |  0
|2023|0x00000000fe700000, 0x00000000fe800000, 0x00000000fe800000|100%| O|  |TAMS 0x00000000fe700000| PB 0x00000000fe700000| Untracked |  0
|2024|0x00000000fe800000, 0x00000000fe900000, 0x00000000fe900000|100%| O|  |TAMS 0x00000000fe800000| PB 0x00000000fe800000| Untracked |  0
|2025|0x00000000fe900000, 0x00000000fea00000, 0x00000000fea00000|100%| O|  |TAMS 0x00000000fe900000| PB 0x00000000fe900000| Untracked |  0
|2026|0x00000000fea00000, 0x00000000feb00000, 0x00000000feb00000|100%| O|  |TAMS 0x00000000fea00000| PB 0x00000000fea00000| Untracked |  0
|2027|0x00000000feb00000, 0x00000000fec00000, 0x00000000fec00000|100%| O|  |TAMS 0x00000000feb00000| PB 0x00000000feb00000| Untracked |  0
|2028|0x00000000fec00000, 0x00000000fed00000, 0x00000000fed00000|100%| O|  |TAMS 0x00000000fec00000| PB 0x00000000fec00000| Untracked |  0
|2029|0x00000000fed00000, 0x00000000fee00000, 0x00000000fee00000|100%| O|  |TAMS 0x00000000fed00000| PB 0x00000000fed00000| Untracked |  0
|2030|0x00000000fee00000, 0x00000000fef00000, 0x00000000fef00000|100%| O|  |TAMS 0x00000000fee00000| PB 0x00000000fee00000| Untracked |  0
|2031|0x00000000fef00000, 0x00000000ff000000, 0x00000000ff000000|100%| O|  |TAMS 0x00000000fef00000| PB 0x00000000fef00000| Untracked |  0
|2032|0x00000000ff000000, 0x00000000ff100000, 0x00000000ff100000|100%| O|  |TAMS 0x00000000ff000000| PB 0x00000000ff000000| Untracked |  0
|2033|0x00000000ff100000, 0x00000000ff200000, 0x00000000ff200000|100%| O|  |TAMS 0x00000000ff100000| PB 0x00000000ff100000| Untracked |  0
|2034|0x00000000ff200000, 0x00000000ff300000, 0x00000000ff300000|100%| O|  |TAMS 0x00000000ff200000| PB 0x00000000ff200000| Untracked |  0
|2035|0x00000000ff300000, 0x00000000ff400000, 0x00000000ff400000|100%| O|  |TAMS 0x00000000ff300000| PB 0x00000000ff300000| Untracked |  0
|2036|0x00000000ff400000, 0x00000000ff500000, 0x00000000ff500000|100%| O|  |TAMS 0x00000000ff400000| PB 0x00000000ff400000| Untracked |  0
|2037|0x00000000ff500000, 0x00000000ff600000, 0x00000000ff600000|100%| O|  |TAMS 0x00000000ff500000| PB 0x00000000ff500000| Untracked |  0
|2038|0x00000000ff600000, 0x00000000ff700000, 0x00000000ff700000|100%| O|  |TAMS 0x00000000ff600000| PB 0x00000000ff600000| Untracked |  0
|2039|0x00000000ff700000, 0x00000000ff700000, 0x00000000ff800000|  0%| F|  |TAMS 0x00000000ff700000| PB 0x00000000ff700000| Untracked |  0
|2040|0x00000000ff800000, 0x00000000ff800000, 0x00000000ff900000|  0%| F|  |TAMS 0x00000000ff800000| PB 0x00000000ff800000| Untracked |  0
|2041|0x00000000ff900000, 0x00000000ff900000, 0x00000000ffa00000|  0%| F|  |TAMS 0x00000000ff900000| PB 0x00000000ff900000| Untracked |  0
|2042|0x00000000ffa00000, 0x00000000ffa00000, 0x00000000ffb00000|  0%| F|  |TAMS 0x00000000ffa00000| PB 0x00000000ffa00000| Untracked |  0
|2043|0x00000000ffb00000, 0x00000000ffc00000, 0x00000000ffc00000|100%| O|  |TAMS 0x00000000ffb00000| PB 0x00000000ffb00000| Untracked |  0
|2044|0x00000000ffc00000, 0x00000000ffd00000, 0x00000000ffd00000|100%| O|  |TAMS 0x00000000ffc00000| PB 0x00000000ffc00000| Untracked |  0
|2045|0x00000000ffd00000, 0x00000000ffe00000, 0x00000000ffe00000|100%| O|  |TAMS 0x00000000ffd00000| PB 0x00000000ffd00000| Untracked |  0
|2046|0x00000000ffe00000, 0x00000000fff00000, 0x00000000fff00000|100%| O|  |TAMS 0x00000000ffe00000| PB 0x00000000ffe00000| Untracked |  0
|2047|0x00000000fff00000, 0x0000000100000000, 0x0000000100000000|100%| O|  |TAMS 0x00000000fff00000| PB 0x00000000fff00000| Untracked |  0

Card table byte_map: [0x0000029e729a0000,0x0000029e72da0000] _byte_map_base: 0x0000029e725a0000

Marking Bits: (CMBitMap*) 0x0000029e5ad5cee0
 Bits: [0x0000029e72da0000, 0x0000029e74da0000)

Polling page: 0x0000029e58c40000

Metaspace:

Usage:
  Non-class:    105.08 MB used.
      Class:     17.02 MB used.
       Both:    122.10 MB used.

Virtual space:
  Non-class space:      128.00 MB reserved,     106.31 MB ( 83%) committed,  2 nodes.
      Class space:        1.00 GB reserved,      18.19 MB (  2%) committed,  1 nodes.
             Both:        1.12 GB reserved,     124.50 MB ( 11%) committed. 

Chunk freelists:
   Non-Class:  4.89 MB
       Class:  13.63 MB
        Both:  18.52 MB

MaxMetaspaceSize: unlimited
CompressedClassSpaceSize: 1.00 GB
Initial GC threshold: 21.00 MB
Current GC threshold: 207.19 MB
CDS: on
 - commit_granule_bytes: 65536.
 - commit_granule_words: 8192.
 - virtual_space_node_default_size: 8388608.
 - enlarge_chunks_in_place: 1.
 - use_allocation_guard: 0.


Internal statistics:

num_allocs_failed_limit: 6.
num_arena_births: 4358.
num_arena_deaths: 4.
num_vsnodes_births: 3.
num_vsnodes_deaths: 0.
num_space_committed: 1984.
num_space_uncommitted: 0.
num_chunks_returned_to_freelist: 12.
num_chunks_taken_from_freelist: 9626.
num_chunk_merges: 7.
num_chunk_splits: 6510.
num_chunks_enlarged: 4356.
num_inconsistent_stats: 0.

CodeHeap 'non-profiled nmethods': size=120000Kb used=11510Kb max_used=11510Kb free=108489Kb
 bounds [0x0000029e6ab20000, 0x0000029e6b670000, 0x0000029e72050000]
CodeHeap 'profiled nmethods': size=120000Kb used=32779Kb max_used=33996Kb free=87221Kb
 bounds [0x0000029e63050000, 0x0000029e65190000, 0x0000029e6a580000]
CodeHeap 'non-nmethods': size=5760Kb used=2237Kb max_used=2306Kb free=3522Kb
 bounds [0x0000029e6a580000, 0x0000029e6a7f0000, 0x0000029e6ab20000]
 total_blobs=19053 nmethods=18126 adapters=830
 compilation: enabled
              stopped_count=0, restarted_count=0
 full_count=0

Compilation events (20 events):
Event: 37.939 Thread 0x0000029e77a1e7e0 22970       2       java.util.Arrays::hashCode (60 bytes)
Event: 37.939 Thread 0x0000029e77a1e7e0 nmethod 22970 0x0000029e64c1e510 code [0x0000029e64c1e6c0, 0x0000029e64c1e8a8]
Event: 37.947 Thread 0x0000029e77a1e7e0 22971       3       com.android.tools.r8.internal.Sb::p (6 bytes)
Event: 37.948 Thread 0x0000029e77a1e7e0 nmethod 22971 0x0000029e64c38d90 code [0x0000029e64c38f40, 0x0000029e64c39198]
Event: 37.948 Thread 0x0000029e77a1e7e0 22972       3       com.android.tools.r8.internal.Sb$$Lambda/0x0000029e02105890::a (5 bytes)
Event: 37.948 Thread 0x0000029e77a1e7e0 nmethod 22972 0x0000029e63336210 code [0x0000029e63336400, 0x0000029e63336a30]
Event: 37.977 Thread 0x0000029e77a1e7e0 22974 %     3       com.android.tools.r8.graph.O4::a @ 94 (174 bytes)
Event: 37.980 Thread 0x0000029e77a1e7e0 nmethod 22974% 0x0000029e64a42b90 code [0x0000029e64a42ee0, 0x0000029e64a44540]
Event: 37.985 Thread 0x0000029e77a1e7e0 22975       3       com.android.tools.r8.internal.Dp::<init> (85 bytes)
Event: 37.988 Thread 0x0000029e77a1e7e0 nmethod 22975 0x0000029e64c8ee10 code [0x0000029e64c8efe0, 0x0000029e64c8f338]
Event: 38.006 Thread 0x0000029e77a1e7e0 22977       2       com.android.tools.r8.internal.Cj::a (30 bytes)
Event: 38.007 Thread 0x0000029e77a1e7e0 nmethod 22977 0x0000029e64771090 code [0x0000029e64771240, 0x0000029e64771438]
Event: 38.088 Thread 0x0000029e77a1e7e0 22979       1       com.android.sdklib.AndroidApiLevel::getMinorVersion (5 bytes)
Event: 38.088 Thread 0x0000029e77a1e7e0 nmethod 22979 0x0000029e6b4ac010 code [0x0000029e6b4ac1a0, 0x0000029e6b4ac268]
Event: 38.129 Thread 0x0000029e77a1e7e0 22980       3       com.android.tools.r8.graph.s0::c (73 bytes)
Event: 38.131 Thread 0x0000029e77a1e7e0 nmethod 22980 0x0000029e6496ab10 code [0x0000029e6496ad60, 0x0000029e6496b728]
Event: 38.141 Thread 0x0000029e77a1d180 nmethod 22710 0x0000029e6b655390 code [0x0000029e6b655ea0, 0x0000029e6b65f128]
Event: 38.143 Thread 0x0000029e77a1d180 22923 %     4       com.android.tools.r8.graph.J2::a @ 2 (145 bytes)
Event: 38.149 Thread 0x0000029e77a1d180 nmethod 22923% 0x0000029e6b0fae90 code [0x0000029e6b0fb040, 0x0000029e6b0fb358]
Event: 38.149 Thread 0x0000029e77a1d180 22925       4       com.android.tools.r8.dex.C::a (1016 bytes)

GC Heap History (20 events):
Event: 28.370 GC heap after
{Heap after GC invocations=51 (full 0):
 garbage-first heap   total reserved 2097152K, committed 586752K, used 260462K [0x0000000080000000, 0x0000000100000000)
  region size 1024K, 33 young (33792K), 33 survivors (33792K)
 Metaspace       used 115942K, committed 118400K, reserved 1179648K
  class space    used 15990K, committed 17216K, reserved 1048576K
}
Event: 29.476 GC heap before
{Heap before GC invocations=51 (full 0):
 garbage-first heap   total reserved 2097152K, committed 586752K, used 583022K [0x0000000080000000, 0x0000000100000000)
  region size 1024K, 270 young (276480K), 33 survivors (33792K)
 Metaspace       used 119212K, committed 121664K, reserved 1179648K
  class space    used 16661K, committed 17856K, reserved 1048576K
}
Event: 29.609 GC heap after
{Heap after GC invocations=52 (full 0):
 garbage-first heap   total reserved 2097152K, committed 699392K, used 362889K [0x0000000080000000, 0x0000000100000000)
  region size 1024K, 34 young (34816K), 34 survivors (34816K)
 Metaspace       used 119212K, committed 121664K, reserved 1179648K
  class space    used 16661K, committed 17856K, reserved 1048576K
}
Event: 29.898 GC heap before
{Heap before GC invocations=52 (full 0):
 garbage-first heap   total reserved 2097152K, committed 699392K, used 502153K [0x0000000080000000, 0x0000000100000000)
  region size 1024K, 171 young (175104K), 34 survivors (34816K)
 Metaspace       used 119311K, committed 121792K, reserved 1179648K
  class space    used 16663K, committed 17856K, reserved 1048576K
}
Event: 30.053 GC heap after
{Heap after GC invocations=53 (full 0):
 garbage-first heap   total reserved 2097152K, committed 699392K, used 431104K [0x0000000080000000, 0x0000000100000000)
  region size 1024K, 22 young (22528K), 22 survivors (22528K)
 Metaspace       used 119311K, committed 121792K, reserved 1179648K
  class space    used 16663K, committed 17856K, reserved 1048576K
}
Event: 31.156 GC heap before
{Heap before GC invocations=54 (full 0):
 garbage-first heap   total reserved 2097152K, committed 699392K, used 573440K [0x0000000080000000, 0x0000000100000000)
  region size 1024K, 168 young (172032K), 22 survivors (22528K)
 Metaspace       used 119503K, committed 121984K, reserved 1179648K
  class space    used 16691K, committed 17920K, reserved 1048576K
}
Event: 31.244 GC heap after
{Heap after GC invocations=55 (full 0):
 garbage-first heap   total reserved 2097152K, committed 699392K, used 477696K [0x0000000080000000, 0x0000000100000000)
  region size 1024K, 21 young (21504K), 21 survivors (21504K)
 Metaspace       used 119503K, committed 121984K, reserved 1179648K
  class space    used 16691K, committed 17920K, reserved 1048576K
}
Event: 31.691 GC heap before
{Heap before GC invocations=55 (full 0):
 garbage-first heap   total reserved 2097152K, committed 699392K, used 595456K [0x0000000080000000, 0x0000000100000000)
  region size 1024K, 132 young (135168K), 21 survivors (21504K)
 Metaspace       used 119927K, committed 122432K, reserved 1179648K
  class space    used 16748K, committed 17984K, reserved 1048576K
}
Event: 31.718 GC heap after
{Heap after GC invocations=56 (full 0):
 garbage-first heap   total reserved 2097152K, committed 699392K, used 481202K [0x0000000080000000, 0x0000000100000000)
  region size 1024K, 16 young (16384K), 16 survivors (16384K)
 Metaspace       used 119927K, committed 122432K, reserved 1179648K
  class space    used 16748K, committed 17984K, reserved 1048576K
}
Event: 32.363 GC heap before
{Heap before GC invocations=56 (full 0):
 garbage-first heap   total reserved 2097152K, committed 699392K, used 599986K [0x0000000080000000, 0x0000000100000000)
  region size 1024K, 133 young (136192K), 16 survivors (16384K)
 Metaspace       used 121721K, committed 124160K, reserved 1179648K
  class space    used 16970K, committed 18176K, reserved 1048576K
}
Event: 32.368 GC heap after
{Heap after GC invocations=57 (full 0):
 garbage-first heap   total reserved 2097152K, committed 699392K, used 473183K [0x0000000080000000, 0x0000000100000000)
  region size 1024K, 3 young (3072K), 3 survivors (3072K)
 Metaspace       used 121721K, committed 124160K, reserved 1179648K
  class space    used 16970K, committed 18176K, reserved 1048576K
}
Event: 34.361 GC heap before
{Heap before GC invocations=58 (full 0):
 garbage-first heap   total reserved 2097152K, committed 699392K, used 543839K [0x0000000080000000, 0x0000000100000000)
  region size 1024K, 136 young (139264K), 3 survivors (3072K)
 Metaspace       used 124288K, committed 126784K, reserved 1179648K
  class space    used 17353K, committed 18560K, reserved 1048576K
}
Event: 34.397 GC heap after
{Heap after GC invocations=59 (full 0):
 garbage-first heap   total reserved 2097152K, committed 699392K, used 420967K [0x0000000080000000, 0x0000000100000000)
  region size 1024K, 15 young (15360K), 15 survivors (15360K)
 Metaspace       used 124288K, committed 126784K, reserved 1179648K
  class space    used 17353K, committed 18560K, reserved 1048576K
}
Event: 36.202 GC heap before
{Heap before GC invocations=59 (full 0):
 garbage-first heap   total reserved 2097152K, committed 699392K, used 682087K [0x0000000080000000, 0x0000000100000000)
  region size 1024K, 190 young (194560K), 15 survivors (15360K)
 Metaspace       used 124807K, committed 127296K, reserved 1179648K
  class space    used 17397K, committed 18624K, reserved 1048576K
}
Event: 36.249 GC heap after
{Heap after GC invocations=60 (full 0):
 garbage-first heap   total reserved 2097152K, committed 726016K, used 467068K [0x0000000080000000, 0x0000000100000000)
  region size 1024K, 22 young (22528K), 22 survivors (22528K)
 Metaspace       used 124807K, committed 127296K, reserved 1179648K
  class space    used 17397K, committed 18624K, reserved 1048576K
}
Event: 36.252 GC heap before
{Heap before GC invocations=60 (full 0):
 garbage-first heap   total reserved 2097152K, committed 726016K, used 469116K [0x0000000080000000, 0x0000000100000000)
  region size 1024K, 25 young (25600K), 22 survivors (22528K)
 Metaspace       used 124807K, committed 127296K, reserved 1179648K
  class space    used 17397K, committed 18624K, reserved 1048576K
}
Event: 36.279 GC heap after
{Heap after GC invocations=61 (full 0):
 garbage-first heap   total reserved 2097152K, committed 726016K, used 470905K [0x0000000080000000, 0x0000000100000000)
  region size 1024K, 3 young (3072K), 3 survivors (3072K)
 Metaspace       used 124807K, committed 127296K, reserved 1179648K
  class space    used 17397K, committed 18624K, reserved 1048576K
}
Event: 37.464 GC heap before
{Heap before GC invocations=62 (full 0):
 garbage-first heap   total reserved 2097152K, committed 855040K, used 697209K [0x0000000080000000, 0x0000000100000000)
  region size 1024K, 171 young (175104K), 3 survivors (3072K)
 Metaspace       used 124871K, committed 127360K, reserved 1179648K
  class space    used 17401K, committed 18624K, reserved 1048576K
}
Event: 37.543 GC heap after
{Heap after GC invocations=63 (full 0):
 garbage-first heap   total reserved 2097152K, committed 855040K, used 548992K [0x0000000080000000, 0x0000000100000000)
  region size 1024K, 22 young (22528K), 22 survivors (22528K)
 Metaspace       used 124871K, committed 127360K, reserved 1179648K
  class space    used 17401K, committed 18624K, reserved 1048576K
}
Event: 38.162 GC heap before
{Heap before GC invocations=63 (full 0):
 garbage-first heap   total reserved 2097152K, committed 855040K, used 743552K [0x0000000080000000, 0x0000000100000000)
  region size 1024K, 211 young (216064K), 22 survivors (22528K)
 Metaspace       used 125029K, committed 127488K, reserved 1179648K
  class space    used 17432K, committed 18624K, reserved 1048576K
}

Dll operation events (15 events):
Event: 0.012 Loaded shared library C:\Program Files\Java\jdk-22\bin\java.dll
Event: 0.042 Loaded shared library C:\Program Files\Java\jdk-22\bin\jsvml.dll
Event: 0.081 Loaded shared library C:\Program Files\Java\jdk-22\bin\zip.dll
Event: 0.084 Loaded shared library C:\Program Files\Java\jdk-22\bin\instrument.dll
Event: 0.089 Loaded shared library C:\Program Files\Java\jdk-22\bin\net.dll
Event: 0.091 Loaded shared library C:\Program Files\Java\jdk-22\bin\nio.dll
Event: 0.093 Loaded shared library C:\Program Files\Java\jdk-22\bin\zip.dll
Event: 0.274 Loaded shared library C:\Program Files\Java\jdk-22\bin\jimage.dll
Event: 0.370 Loaded shared library C:\Program Files\Java\jdk-22\bin\verify.dll
Event: 0.430 Loaded shared library C:\Users\name\.gradle\native\1def1411415f61bf3af743bc5b6707747c0891f09f0c88961ee8f79bc544acac\windows-amd64\native-platform.dll
Event: 0.439 Loaded shared library C:\Users\name\.gradle\native\0.2.7\x86_64-windows-gnu\gradle-fileevents.dll
Event: 1.218 Loaded shared library C:\Program Files\Java\jdk-22\bin\management.dll
Event: 1.220 Loaded shared library C:\Program Files\Java\jdk-22\bin\management_ext.dll
Event: 1.339 Loaded shared library C:\Program Files\Java\jdk-22\bin\extnet.dll
Event: 1.515 Loaded shared library C:\Program Files\Java\jdk-22\bin\sunmscapi.dll

Deoptimization events (20 events):
Event: 38.159 Thread 0x0000029e478e14d0 DEOPT PACKING pc=0x0000029e64ac717f sp=0x000000b2f46fe8f0
Event: 38.159 Thread 0x0000029e478e14d0 DEOPT UNPACKING pc=0x0000029e6a5d4e42 sp=0x000000b2f46fdd58 mode 0
Event: 38.159 Thread 0x0000029e478e14d0 DEOPT PACKING pc=0x0000029e64ac717f sp=0x000000b2f46fe8f0
Event: 38.159 Thread 0x0000029e478e14d0 DEOPT UNPACKING pc=0x0000029e6a5d4e42 sp=0x000000b2f46fdd58 mode 0
Event: 38.160 Thread 0x0000029e478e21f0 DEOPT PACKING pc=0x0000029e64ac717f sp=0x000000b2f47fea20
Event: 38.160 Thread 0x0000029e478e21f0 DEOPT UNPACKING pc=0x0000029e6a5d4e42 sp=0x000000b2f47fde88 mode 0
Event: 38.160 Thread 0x0000029e478e21f0 DEOPT PACKING pc=0x0000029e64ac717f sp=0x000000b2f47fea20
Event: 38.160 Thread 0x0000029e478e21f0 DEOPT UNPACKING pc=0x0000029e6a5d4e42 sp=0x000000b2f47fde88 mode 0
Event: 38.160 Thread 0x0000029e478e14d0 DEOPT PACKING pc=0x0000029e64ac717f sp=0x000000b2f46fe8f0
Event: 38.160 Thread 0x0000029e478e14d0 DEOPT UNPACKING pc=0x0000029e6a5d4e42 sp=0x000000b2f46fdd58 mode 0
Event: 38.160 Thread 0x0000029e478e21f0 DEOPT PACKING pc=0x0000029e64ac717f sp=0x000000b2f47fea30
Event: 38.160 Thread 0x0000029e478e21f0 DEOPT UNPACKING pc=0x0000029e6a5d4e42 sp=0x000000b2f47fde98 mode 0
Event: 38.161 Thread 0x0000029e478e21f0 DEOPT PACKING pc=0x0000029e64ac717f sp=0x000000b2f47fea30
Event: 38.161 Thread 0x0000029e478e21f0 DEOPT UNPACKING pc=0x0000029e6a5d4e42 sp=0x000000b2f47fde98 mode 0
Event: 38.161 Thread 0x0000029e478e14d0 DEOPT PACKING pc=0x0000029e64ac717f sp=0x000000b2f46fe8f0
Event: 38.161 Thread 0x0000029e478e14d0 DEOPT UNPACKING pc=0x0000029e6a5d4e42 sp=0x000000b2f46fdd58 mode 0
Event: 38.161 Thread 0x0000029e478e21f0 DEOPT PACKING pc=0x0000029e64ac717f sp=0x000000b2f47fea30
Event: 38.161 Thread 0x0000029e478e21f0 DEOPT UNPACKING pc=0x0000029e6a5d4e42 sp=0x000000b2f47fde98 mode 0
Event: 38.161 Thread 0x0000029e478e21f0 DEOPT PACKING pc=0x0000029e64ac717f sp=0x000000b2f47fea30
Event: 38.161 Thread 0x0000029e478e21f0 DEOPT UNPACKING pc=0x0000029e6a5d4e42 sp=0x000000b2f47fde98 mode 0

Classes loaded (20 events):
Event: 29.020 Loading class java/util/concurrent/ConcurrentHashMap$TreeBin
Event: 29.021 Loading class java/util/concurrent/ConcurrentHashMap$TreeBin done
Event: 29.163 Loading class java/util/concurrent/ForkJoinTask$AdaptedInterruptibleCallable
Event: 29.163 Loading class java/util/concurrent/ForkJoinTask$InterruptibleTask
Event: 29.164 Loading class java/util/concurrent/ForkJoinTask$InterruptibleTask done
Event: 29.164 Loading class java/util/concurrent/ForkJoinTask$AdaptedInterruptibleCallable done
Event: 29.231 Loading class java/util/AbstractList$RandomAccessSubList
Event: 29.231 Loading class java/util/AbstractList$SubList
Event: 29.232 Loading class java/util/AbstractList$SubList done
Event: 29.232 Loading class java/util/AbstractList$RandomAccessSubList done
Event: 29.232 Loading class java/util/AbstractList$SubList$1
Event: 29.232 Loading class java/util/AbstractList$SubList$1 done
Event: 29.377 Loading class java/nio/ShortBuffer
Event: 29.377 Loading class java/nio/ShortBuffer done
Event: 29.378 Loading class java/nio/HeapShortBuffer
Event: 29.378 Loading class java/nio/HeapShortBuffer done
Event: 32.118 Loading class java/util/IdentityHashMap$EntrySet
Event: 32.118 Loading class java/util/IdentityHashMap$EntrySet done
Event: 33.308 Loading class java/util/IdentityHashMap$ValueIterator
Event: 33.308 Loading class java/util/IdentityHashMap$ValueIterator done

Classes unloaded (2 events):
Event: 32.668 Thread 0x0000029e779eb280 Unloading class 0x0000029e02128800 'java/lang/invoke/LambdaForm$DMH+0x0000029e02128800'
Event: 32.669 Thread 0x0000029e779eb280 Unloading class 0x0000029e02128400 'java/lang/invoke/LambdaForm$DMH+0x0000029e02128400'

Classes redefined (0 events):
No events

Internal exceptions (20 events):
Event: 35.499 Thread 0x0000029e517e5c50 Exception <a 'sun/nio/fs/WindowsException'{0x00000000a1125300}> (0x00000000a1125300) 
thrown [s\open\src\hotspot\share\prims\jni.cpp, line 520]
Event: 35.500 Thread 0x0000029e517e5c50 Exception <a 'sun/nio/fs/WindowsException'{0x00000000a11263b0}> (0x00000000a11263b0) 
thrown [s\open\src\hotspot\share\prims\jni.cpp, line 520]
Event: 35.514 Thread 0x0000029e517e5c50 Exception <a 'sun/nio/fs/WindowsException'{0x00000000a1015940}> (0x00000000a1015940) 
thrown [s\open\src\hotspot\share\prims\jni.cpp, line 520]
Event: 35.514 Thread 0x0000029e517e5c50 Exception <a 'sun/nio/fs/WindowsException'{0x00000000a1016ad8}> (0x00000000a1016ad8) 
thrown [s\open\src\hotspot\share\prims\jni.cpp, line 520]
Event: 35.514 Thread 0x0000029e517e5c50 Exception <a 'sun/nio/fs/WindowsException'{0x00000000a1016c78}> (0x00000000a1016c78) 
thrown [s\open\src\hotspot\share\prims\jni.cpp, line 520]
Event: 35.516 Thread 0x0000029e517e5c50 Exception <a 'sun/nio/fs/WindowsException'{0x00000000a102adc0}> (0x00000000a102adc0) 
thrown [s\open\src\hotspot\share\prims\jni.cpp, line 520]
Event: 35.537 Thread 0x0000029e517e6970 Exception <a 'sun/nio/fs/WindowsException'{0x00000000a0d03a30}> (0x00000000a0d03a30) 
thrown [s\open\src\hotspot\share\prims\jni.cpp, line 520]
Event: 35.753 Thread 0x0000029e5167b990 Exception <a 'sun/nio/fs/WindowsException'{0x000000009fcec9d0}> (0x000000009fcec9d0) 
thrown [s\open\src\hotspot\share\prims\jni.cpp, line 520]
Event: 35.754 Thread 0x0000029e52825620 Exception <a 'sun/nio/fs/WindowsException'{0x00000000a23072d0}> (0x00000000a23072d0) 
thrown [s\open\src\hotspot\share\prims\jni.cpp, line 520]
Event: 35.757 Thread 0x0000029e5167c020 Exception <a 'sun/nio/fs/WindowsException'{0x000000009fc10558}> (0x000000009fc10558) 
thrown [s\open\src\hotspot\share\prims\jni.cpp, line 520]
Event: 35.760 Thread 0x0000029e5177f700 Exception <a 'sun/nio/fs/WindowsException'{0x000000009fc75da0}> (0x000000009fc75da0) 
thrown [s\open\src\hotspot\share\prims\jni.cpp, line 520]
Event: 35.788 Thread 0x0000029e517e6970 Exception <a 'sun/nio/fs/WindowsException'{0x000000009f707b20}> (0x000000009f707b20) 
thrown [s\open\src\hotspot\share\prims\jni.cpp, line 520]
Event: 35.788 Thread 0x0000029e517e6970 Exception <a 'sun/nio/fs/WindowsException'{0x000000009f7089d8}> (0x000000009f7089d8) 
thrown [s\open\src\hotspot\share\prims\jni.cpp, line 520]
Event: 35.788 Thread 0x0000029e517e6970 Exception <a 'sun/nio/fs/WindowsException'{0x000000009f708b30}> (0x000000009f708b30) 
thrown [s\open\src\hotspot\share\prims\jni.cpp, line 520]
Event: 35.841 Thread 0x0000029e517e6970 Exception <a 'sun/nio/fs/WindowsException'{0x000000009f41abb8}> (0x000000009f41abb8) 
thrown [s\open\src\hotspot\share\prims\jni.cpp, line 520]
Event: 35.841 Thread 0x0000029e517e6970 Exception <a 'sun/nio/fs/WindowsException'{0x000000009f41bd00}> (0x000000009f41bd00) 
thrown [s\open\src\hotspot\share\prims\jni.cpp, line 520]
Event: 35.841 Thread 0x0000029e517e6970 Exception <a 'sun/nio/fs/WindowsException'{0x000000009f41bea8}> (0x000000009f41bea8) 
thrown [s\open\src\hotspot\share\prims\jni.cpp, line 520]
Event: 35.842 Thread 0x0000029e517e6970 Exception <a 'sun/nio/fs/WindowsException'{0x000000009f41e220}> (0x000000009f41e220) 
thrown [s\open\src\hotspot\share\prims\jni.cpp, line 520]
Event: 35.842 Thread 0x0000029e517e6970 Exception <a 'sun/nio/fs/WindowsException'{0x000000009f41f728}> (0x000000009f41f728) 
thrown [s\open\src\hotspot\share\prims\jni.cpp, line 520]
Event: 35.842 Thread 0x0000029e517e6970 Exception <a 'sun/nio/fs/WindowsException'{0x000000009f420e98}> (0x000000009f420e98) 
thrown [s\open\src\hotspot\share\prims\jni.cpp, line 520]

ZGC Phase Switch (0 events):
No events

VM Operations (20 events):
Event: 34.619 Executing VM operation: HandshakeAllThreads (Deoptimize) done
Event: 34.648 Executing VM operation: HandshakeAllThreads (Deoptimize)
Event: 34.648 Executing VM operation: HandshakeAllThreads (Deoptimize) done
Event: 34.704 Executing VM operation: ICBufferFull
Event: 34.705 Executing VM operation: ICBufferFull done
Event: 35.175 Executing VM operation: ICBufferFull
Event: 35.175 Executing VM operation: ICBufferFull done
Event: 35.864 Executing VM operation: ICBufferFull
Event: 35.879 Executing VM operation: ICBufferFull done
Event: 36.201 Executing VM operation: G1CollectForAllocation (G1 Evacuation Pause)
Event: 36.249 Executing VM operation: G1CollectForAllocation (G1 Evacuation Pause) done
Event: 36.251 Executing VM operation: G1TryInitiateConcMark (G1 Humongous Allocation)
Event: 36.279 Executing VM operation: G1TryInitiateConcMark (G1 Humongous Allocation) done
Event: 36.765 Executing VM operation: G1PauseRemark
Event: 36.839 Executing VM operation: G1PauseRemark done
Event: 37.093 Executing VM operation: G1PauseCleanup
Event: 37.094 Executing VM operation: G1PauseCleanup done
Event: 37.463 Executing VM operation: G1CollectForAllocation (G1 Evacuation Pause)
Event: 37.543 Executing VM operation: G1CollectForAllocation (G1 Evacuation Pause) done
Event: 38.161 Executing VM operation: G1CollectForAllocation (G1 Evacuation Pause)

Memory protections (0 events):
No events

Nmethod flushes (20 events):
Event: 36.818 Thread 0x0000029e779eb280 flushing  nmethod 0x0000029e64fee090
Event: 36.818 Thread 0x0000029e779eb280 flushing  nmethod 0x0000029e64fee410
Event: 36.818 Thread 0x0000029e779eb280 flushing  nmethod 0x0000029e64feee90
Event: 36.818 Thread 0x0000029e779eb280 flushing  nmethod 0x0000029e6503c110
Event: 36.818 Thread 0x0000029e779eb280 flushing  nmethod 0x0000029e65078090
Event: 36.818 Thread 0x0000029e779eb280 flushing  nmethod 0x0000029e63afce90
Event: 36.818 Thread 0x0000029e779eb280 flushing  nmethod 0x0000029e63bff010
Event: 36.818 Thread 0x0000029e779eb280 flushing  nmethod 0x0000029e64245910
Event: 36.818 Thread 0x0000029e779eb280 flushing  nmethod 0x0000029e644e6110
Event: 36.819 Thread 0x0000029e779eb280 flushing  nmethod 0x0000029e647ada90
Event: 36.819 Thread 0x0000029e779eb280 flushing  nmethod 0x0000029e64c1e210
Event: 36.819 Thread 0x0000029e779eb280 flushing  nmethod 0x0000029e64c22210
Event: 36.819 Thread 0x0000029e779eb280 flushing  nmethod 0x0000029e64c81790
Event: 36.819 Thread 0x0000029e779eb280 flushing  nmethod 0x0000029e64c86590
Event: 36.819 Thread 0x0000029e779eb280 flushing  nmethod 0x0000029e64c87a90
Event: 36.819 Thread 0x0000029e779eb280 flushing  nmethod 0x0000029e64c8b710
Event: 36.819 Thread 0x0000029e779eb280 flushing  nmethod 0x0000029e64c8cc90
Event: 36.819 Thread 0x0000029e779eb280 flushing  nmethod 0x0000029e64c8d010
Event: 36.819 Thread 0x0000029e779eb280 flushing  nmethod 0x0000029e64c8dd10
Event: 36.819 Thread 0x0000029e779eb280 flushing  nmethod 0x0000029e64c8ee10

Events (20 events):
Event: 26.891 Thread 0x0000029e517e62e0 Thread added: 0x0000029e478e07b0
Event: 26.891 Thread 0x0000029e517e62e0 Thread added: 0x0000029e478dd9c0
Event: 26.891 Thread 0x0000029e517e62e0 Thread added: 0x0000029e478de6e0
Event: 26.892 Thread 0x0000029e517e62e0 Thread added: 0x0000029e478e0120
Event: 27.026 Thread 0x0000029e5167b300 Thread exited: 0x0000029e5167b300
Event: 29.166 Thread 0x0000029e51679f50 Thread added: 0x0000029e478de050
Event: 29.167 Thread 0x0000029e51679f50 Thread added: 0x0000029e478dfa90
Event: 29.167 Thread 0x0000029e478de050 Thread added: 0x0000029e478ded70
Event: 29.167 Thread 0x0000029e478dfa90 Thread added: 0x0000029e478e14d0
Event: 29.167 Thread 0x0000029e478ded70 Thread added: 0x0000029e478e21f0
Event: 29.167 Thread 0x0000029e478e14d0 Thread added: 0x0000029e478e2880
Event: 29.168 Thread 0x0000029e478e21f0 Thread added: 0x0000029e478df400
Event: 29.168 Thread 0x0000029e478e2880 Thread added: 0x0000029e478dd330
Event: 29.168 Thread 0x0000029e478df400 Thread added: 0x0000029e4c60e860
Event: 29.168 Thread 0x0000029e478dd330 Thread added: 0x0000029e4c60c100
Event: 29.168 Thread 0x0000029e4c60e860 Thread added: 0x0000029e4c60e1d0
Event: 29.168 Thread 0x0000029e4c60c100 Thread added: 0x0000029e4c6078d0
Event: 35.073 Thread 0x0000029e77a1e7e0 Thread added: 0x0000029e4c7164c0
Event: 35.287 Thread 0x0000029e517ec550 Thread added: 0x0000029e52825620
Event: 37.902 Thread 0x0000029e51677e80 Thread exited: 0x0000029e51677e80


Dynamic libraries:
0x00007ff72a910000 - 0x00007ff72a920000 	C:\Program Files\Java\jdk-22\bin\java.exe
0x00007ff87f070000 - 0x00007ff87f287000 	C:\WINDOWS\SYSTEM32\ntdll.dll
0x00007ff87cef0000 - 0x00007ff87cfb4000 	C:\WINDOWS\System32\KERNEL32.DLL
0x00007ff87c350000 - 0x00007ff87c720000 	C:\WINDOWS\System32\KERNELBASE.dll
0x00007ff87cb80000 - 0x00007ff87cc91000 	C:\WINDOWS\System32\ucrtbase.dll
0x00007ff86a360000 - 0x00007ff86a37b000 	C:\Program Files\Java\jdk-22\bin\VCRUNTIME140.dll
0x00007ff875ae0000 - 0x00007ff875af7000 	C:\Program Files\Java\jdk-22\bin\jli.dll
0x00007ff87ec50000 - 0x00007ff87ee01000 	C:\WINDOWS\System32\USER32.dll
0x00007ff87ccd0000 - 0x00007ff87ccf6000 	C:\WINDOWS\System32\win32u.dll
0x00007ff87b4c0000 - 0x00007ff87b75c000 	C:\WINDOWS\WinSxS\amd64_microsoft.windows.common-controls_6595b64144ccf1df_6.0.22621.5840_none_2710ea077384a4fe\COMCTL32.dll
0x00007ff87d210000 - 0x00007ff87d239000 	C:\WINDOWS\System32\GDI32.dll
0x00007ff87ee80000 - 0x00007ff87ef27000 	C:\WINDOWS\System32\msvcrt.dll
0x00007ff87c720000 - 0x00007ff87c843000 	C:\WINDOWS\System32\gdi32full.dll
0x00007ff87c170000 - 0x00007ff87c20a000 	C:\WINDOWS\System32\msvcp_win.dll
0x00007ff87eff0000 - 0x00007ff87f021000 	C:\WINDOWS\System32\IMM32.DLL
0x00007ff872b20000 - 0x00007ff872b2c000 	C:\Program Files\Java\jdk-22\bin\vcruntime140_1.dll
0x00007ff82bd40000 - 0x00007ff82bdce000 	C:\Program Files\Java\jdk-22\bin\msvcp140.dll
0x00007fffe3640000 - 0x00007fffe4389000 	C:\Program Files\Java\jdk-22\bin\server\jvm.dll
0x00007ff87e6d0000 - 0x00007ff87e781000 	C:\WINDOWS\System32\ADVAPI32.dll
0x00007ff87ef30000 - 0x00007ff87efd8000 	C:\WINDOWS\System32\sechost.dll
0x00007ff87cca0000 - 0x00007ff87ccc8000 	C:\WINDOWS\System32\bcrypt.dll
0x00007ff87cfc0000 - 0x00007ff87d0d8000 	C:\WINDOWS\System32\RPCRT4.dll
0x00007ff87dc60000 - 0x00007ff87dcd1000 	C:\WINDOWS\System32\WS2_32.dll
0x00007ff87ba80000 - 0x00007ff87bacd000 	C:\WINDOWS\SYSTEM32\POWRPROF.dll
0x00007ff8725a0000 - 0x00007ff8725aa000 	C:\WINDOWS\SYSTEM32\VERSION.dll
0x00007ff873700000 - 0x00007ff873734000 	C:\WINDOWS\SYSTEM32\WINMM.dll
0x00007ff87b950000 - 0x00007ff87b963000 	C:\WINDOWS\SYSTEM32\UMPDC.dll
0x00007ff87aa90000 - 0x00007ff87aaa8000 	C:\WINDOWS\SYSTEM32\kernel.appcore.dll
0x00007ff86a3c0000 - 0x00007ff86a3ca000 	C:\Program Files\Java\jdk-22\bin\jimage.dll
0x00007ff87bad0000 - 0x00007ff87bd03000 	C:\WINDOWS\SYSTEM32\DBGHELP.DLL
0x00007ff87deb0000 - 0x00007ff87e241000 	C:\WINDOWS\System32\combase.dll
0x00007ff87ce10000 - 0x00007ff87cee8000 	C:\WINDOWS\System32\OLEAUT32.dll
0x00007ff87b970000 - 0x00007ff87b9a2000 	C:\WINDOWS\SYSTEM32\dbgcore.DLL
0x00007ff87ca40000 - 0x00007ff87cabb000 	C:\WINDOWS\System32\bcryptPrimitives.dll
0x00007ff84aff0000 - 0x00007ff84afff000 	C:\Program Files\Java\jdk-22\bin\instrument.dll
0x00007ff84aaa0000 - 0x00007ff84aabe000 	C:\Program Files\Java\jdk-22\bin\java.dll
0x00007ff87d240000 - 0x00007ff87dae1000 	C:\WINDOWS\System32\SHELL32.dll
0x00007ff87c210000 - 0x00007ff87c34f000 	C:\WINDOWS\System32\wintypes.dll
0x00007ff87ea90000 - 0x00007ff87ec30000 	C:\WINDOWS\System32\ole32.dll
0x00007ff8795c0000 - 0x00007ff879eda000 	C:\WINDOWS\SYSTEM32\windows.storage.dll
0x00007ff87e910000 - 0x00007ff87ea1a000 	C:\WINDOWS\System32\SHCORE.dll
0x00007ff87e790000 - 0x00007ff87e7f9000 	C:\WINDOWS\System32\shlwapi.dll
0x00007ff87c0a0000 - 0x00007ff87c0c5000 	C:\WINDOWS\SYSTEM32\profapi.dll
0x00007ff80b890000 - 0x00007ff80b967000 	C:\Program Files\Java\jdk-22\bin\jsvml.dll
0x00007ff843680000 - 0x00007ff843697000 	C:\Program Files\Java\jdk-22\bin\zip.dll
0x00007ff8640a0000 - 0x00007ff8640b0000 	C:\Program Files\Java\jdk-22\bin\net.dll
0x00007ff87af10000 - 0x00007ff87af79000 	C:\WINDOWS\system32\mswsock.dll
0x00007ff848060000 - 0x00007ff848076000 	C:\Program Files\Java\jdk-22\bin\nio.dll
0x00007ff8618b0000 - 0x00007ff8618c0000 	C:\Program Files\Java\jdk-22\bin\verify.dll
0x00007ff86a1f0000 - 0x00007ff86a217000 	C:\Users\name\.gradle\native\1def1411415f61bf3af743bc5b6707747c0891f09f0c88961ee8f79bc544acac\windows-amd64\native-platform.dll
0x00007ff8195d0000 - 0x00007ff819648000 	C:\Users\name\.gradle\native\0.2.7\x86_64-windows-gnu\gradle-fileevents.dll
0x00007ff858800000 - 0x00007ff85880a000 	C:\Program Files\Java\jdk-22\bin\management.dll
0x00007ff854870000 - 0x00007ff85487b000 	C:\Program Files\Java\jdk-22\bin\management_ext.dll
0x00007ff87efe0000 - 0x00007ff87efe8000 	C:\WINDOWS\System32\PSAPI.DLL
0x00007ff87a390000 - 0x00007ff87a3bd000 	C:\WINDOWS\SYSTEM32\IPHLPAPI.DLL
0x00007ff87daf0000 - 0x00007ff87daf9000 	C:\WINDOWS\System32\NSI.dll
0x00007ff84b170000 - 0x00007ff84b179000 	C:\Program Files\Java\jdk-22\bin\extnet.dll
0x00007ff87be10000 - 0x00007ff87be2b000 	C:\WINDOWS\SYSTEM32\CRYPTSP.dll
0x00007ff87a9f0000 - 0x00007ff87aa27000 	C:\WINDOWS\system32\rsaenh.dll
0x00007ff87afb0000 - 0x00007ff87afd8000 	C:\WINDOWS\SYSTEM32\USERENV.dll
0x00007ff87b110000 - 0x00007ff87b11c000 	C:\WINDOWS\SYSTEM32\CRYPTBASE.dll
0x00007ff84aa90000 - 0x00007ff84aa9e000 	C:\Program Files\Java\jdk-22\bin\sunmscapi.dll
0x00007ff87c8d0000 - 0x00007ff87ca38000 	C:\WINDOWS\System32\CRYPT32.dll
0x00007ff87b3a0000 - 0x00007ff87b3cd000 	C:\WINDOWS\SYSTEM32\ncrypt.dll
0x00007ff87b360000 - 0x00007ff87b397000 	C:\WINDOWS\SYSTEM32\NTASN1.dll
0x00007ff802fb0000 - 0x00007ff802fb8000 	C:\WINDOWS\system32\wshunix.dll
0x00007ff864c10000 - 0x00007ff864c27000 	C:\WINDOWS\system32\napinsp.dll
0x00007ff858480000 - 0x00007ff85849b000 	C:\WINDOWS\system32\pnrpnsp.dll
0x00007ff87a3c0000 - 0x00007ff87a4b8000 	C:\WINDOWS\SYSTEM32\DNSAPI.dll
0x00007ff858300000 - 0x00007ff858311000 	C:\WINDOWS\System32\winrnr.dll
0x00007ff876080000 - 0x00007ff876095000 	C:\WINDOWS\system32\wshbth.dll
0x00007ff8582d0000 - 0x00007ff8582f1000 	C:\WINDOWS\system32\nlansp_c.dll
0x00007ff875ef0000 - 0x00007ff875efa000 	C:\Windows\System32\rasadhlp.dll
0x00007ff874390000 - 0x00007ff874414000 	C:\WINDOWS\System32\fwpuclnt.dll
0x00007ff87ba40000 - 0x00007ff87ba74000 	C:\WINDOWS\SYSTEM32\ntmarta.dll

dbghelp: loaded successfully - version: 4.0.5 - missing functions: none
symbol engine: initialized successfully - sym options: 0x614 - pdb path: .;C:\Program Files\Java\jdk-22\bin;C:\WINDOWS\SYSTEM32;C:\WINDOWS\WinSxS\amd64_microsoft.windows.common-controls_6595b64144ccf1df_6.0.22621.5840_none_2710ea077384a4fe;C:\Program Files\Java\jdk-22\bin\server;C:\Users\name\.gradle\native\1def1411415f61bf3af743bc5b6707747c0891f09f0c88961ee8f79bc544acac\windows-amd64;C:\Users\name\.gradle\native\0.2.7\x86_64-windows-gnu

VM Arguments:
jvm_args: --add-opens=java.base/java.lang=ALL-UNNAMED --add-opens=java.base/java.lang.invoke=ALL-UNNAMED --add-opens=java.base/java.util=ALL-UNNAMED --add-opens=java.prefs/java.util.prefs=ALL-UNNAMED --add-exports=jdk.compiler/com.sun.tools.javac.api=ALL-UNNAMED --add-exports=jdk.compiler/com.sun.tools.javac.util=ALL-UNNAMED --add-opens=java.base/java.util=ALL-UNNAMED --add-opens=java.prefs/java.util.prefs=ALL-UNNAMED --add-opens=java.base/java.nio.charset=ALL-UNNAMED --add-opens=java.base/java.net=ALL-UNNAMED --add-opens=java.base/java.util.concurrent.atomic=ALL-UNNAMED --add-opens=java.xml/javax.xml.namespace=ALL-UNNAMED -Xmx2048m -Dfile.encoding=UTF-8 -Duser.country=US -Duser.language=en -Duser.variant -javaagent:C:\Users\name\.gradle\wrapper\dists\gradle-8.13-bin\5xuhj0ry160q40clulazy9h7d\gradle-8.13\lib\agents\gradle-instrumentation-agent-8.13.jar 
java_command: org.gradle.launcher.daemon.bootstrap.GradleDaemon 8.13
java_class_path (initial): C:\Users\name\.gradle\wrapper\dists\gradle-8.13-bin\5xuhj0ry160q40clulazy9h7d\gradle-8.13\lib\gradle-daemon-main-8.13.jar
Launcher Type: SUN_STANDARD

[Global flags]
     intx CICompilerCount                          = 4                                         {product} {ergonomic}
     uint ConcGCThreads                            = 3                                         {product} {ergonomic}
     uint G1ConcRefinementThreads                  = 10                                        {product} {ergonomic}
   size_t G1HeapRegionSize                         = 1048576                                   {product} {ergonomic}
   size_t InitialHeapSize                          = 123731968                                 {product} {ergonomic}
   size_t MarkStackSize                            = 4194304                                   {product} {ergonomic}
   size_t MaxHeapSize                              = 2147483648                                {product} {command line}
   size_t MaxNewSize                               = 1287651328                                {product} {ergonomic}
   size_t MinHeapDeltaBytes                        = 1048576                                   {product} {ergonomic}
   size_t MinHeapSize                              = 8388608                                   {product} {ergonomic}
    uintx NonNMethodCodeHeapSize                   = 5839372                                {pd product} {ergonomic}
    uintx NonProfiledCodeHeapSize                  = 122909434                              {pd product} {ergonomic}
    uintx ProfiledCodeHeapSize                     = 122909434                              {pd product} {ergonomic}
    uintx ReservedCodeCacheSize                    = 251658240                              {pd product} {ergonomic}
     bool SegmentedCodeCache                       = true                                      {product} {ergonomic}
   size_t SoftMaxHeapSize                          = 2147483648                             {manageable} {ergonomic}
     bool UseCompressedOops                        = true                           {product lp64_product} {ergonomic}
     bool UseG1GC                                  = true                                      {product} {ergonomic}
     bool UseLargePagesIndividualAllocation        = false                                  {pd product} {ergonomic}

Logging:
Log output configuration:
 #0: stdout all=warning uptime,level,tags foldmultilines=false
 #1: stderr all=off uptime,level,tags foldmultilines=false

Environment Variables:
CLASSPATH=D:\app_ungdung\\gradle\wrapper\gradle-wrapper.jar
PATH=C:\xampp\php;C:\Program Files (x86)\VMware\VMware Workstation\bin\;C:\xampp\php;C:\xampp\php;C:\Program Files\Common Files\Oracle\Java\javapath;C:\Program Files (x86)\Common Files\Oracle\Java\java8path;C:\Program Files (x86)\Common Files\Oracle\Java\javapath;C:\ProgramData\Oracle\Java\javapath;C:\Windows\system32;C:\Windows;C:\Windows\System32\Wbem;C:\Windows\System32\WindowsPowerShell\v1.0\;C:\Windows\System32\OpenSSH\;C:\Program Files (x86)\NVIDIA Corporation\PhysX\Common;C:\WINDOWS\system32;C:\WINDOWS;C:\WINDOWS\System32\Wbem;C:\WINDOWS\System32\WindowsPowerShell\v1.0\;C:\WINDOWS\System32\OpenSSH\;C:\Program Files (x86)\Microsoft SQL Server\160\Tools\Binn\;C:\Program Files\Microsoft SQL Server\160\Tools\Binn\;C:\Program Files\Microsoft SQL Server\Client SDK\ODBC\170\Tools\Binn\;C:\Program Files\Microsoft SQL Server\160\DTS\Binn\;E:\apache-maven-3.9.9-bin;C:\Program Files\Cloudflare\Cloudflare WARP\;C:\Users\name\AppData\Local\nvm;C:\nvm4w\nodejs;C:\Program Files\NVIDIA Corporation\NVIDIA app\NvDLISR;C:\Program Files\PostgreSQL\17\bin;C:\ProgramData\ComposerSetup\bin;C:\Program Files\Docker\Docker\resources\bin;E:\Git\cmd;C:\Users\name\AppData\Local\Microsoft\WindowsApps;C:\Users\name\AppData\Local\Programs\Microsoft VS Code\bin;C:\Users\name\AppData\Roaming\npm;C:\Users\name\AppData\Local\nvm;C:\nvm4w\nodejs;D:\npm-global;C:\Users\name\AppData\Local\Programs\cursor\resources\app\bin;C:\Users\name\AppData\Roaming\Composer\vendor\bin;c:\Users\name\AppData\Roaming\Code\User\globalStorage\github.copilot-chat\debugCommand
USERNAME=name
LANG=en_US.UTF-8
OS=Windows_NT
PROCESSOR_IDENTIFIER=AMD64 Family 25 Model 80 Stepping 0, AuthenticAMD
TMP=D:\tmp
TEMP=C:\Users\name\AppData\Local\Temp




Periodic native trim disabled

---------------  S Y S T E M  ---------------

OS:
 Windows 11 , 64 bit Build 22621 (10.0.22621.5415)
OS uptime: 1 days 7:00 hours
Hyper-V role detected

CPU: total 12 (initial active 12) (12 cores per cpu, 2 threads per core) family 25 model 80 stepping 0 microcode 0x0, cx8, cmov, fxsr, ht, mmx, 3dnowpref, sse, sse2, sse3, ssse3, sse4a, sse4.1, sse4.2, popcnt, lzcnt, tsc, tscinvbit, avx, avx2, aes, erms, clmul, bmi1, bmi2, adx, sha, fma, vzeroupper, clflush, clflushopt, hv, rdtscp, rdpid, fsrm, f16c, cet_ss
Processor Information for all 12 processors :
  Max Mhz: 3301, Current Mhz: 3301, Mhz Limit: 3301

Memory: 4k page, system-wide physical 7532M (447M free)
TotalPageFile size 17715M (AvailPageFile size 59M)
current process WorkingSet (physical memory assigned to process): 588M, peak: 825M
current process commit charge ("private bytes"): 1286M, peak: 1476M

vm_info: Java HotSpot(TM) 64-Bit Server VM (22.0.2+9-70) for windows-amd64 JRE (22.0.2+9-70), built on 2024-06-04T16:52:23Z by "mach5one" with MS VC++ 17.6 (VS2022)

END.
