#
# There is insufficient memory for the Java Runtime Environment to continue.
# Native memory allocation (mmap) failed to map 7700480 bytes. Error detail: G1 virtual space
# Possible reasons:
#   The system is out of physical RAM or swap space
#   This process is running with CompressedOops enabled, and the Java Heap may be blocking the growth of the native heap
# Possible solutions:
#   Reduce memory load on the system
#   Increase physical memory or swap space
#   Check if swap backing store is full
#   Decrease Java heap size (-Xmx/-Xms)
#   Decrease number of Java threads
#   Decrease Java thread stack sizes (-Xss)
#   Set larger code cache with -XX:ReservedCodeCacheSize=
#   JVM is running with Unscaled Compressed Oops mode in which the Java heap is
#     placed in the first 4GB address space. The Java Heap base address is the
#     maximum limit for the native heap growth. Please use -XX:HeapBaseMinAddress
#     to set the Java Heap base and to place the Java Heap above 4GB virtual address.
# This output file may be truncated or incomplete.
#
#  Out of Memory Error (os_windows.cpp:3631), pid=5636, tid=11040
#
# JRE version: Java(TM) SE Runtime Environment (22.0.2+9) (build 22.0.2+9-70)
# Java VM: Java HotSpot(TM) 64-Bit Server VM (22.0.2+9-70, mixed mode, sharing, tiered, compressed oops, compressed class ptrs, g1 gc, windows-amd64)
# No core dump will be written. Minidumps are not enabled by default on client versions of Windows
#

---------------  S U M M A R Y ------------

Command Line: --add-opens=java.base/java.lang=ALL-UNNAMED --add-opens=java.base/java.lang.invoke=ALL-UNNAMED --add-opens=java.base/java.util=ALL-UNNAMED --add-opens=java.prefs/java.util.prefs=ALL-UNNAMED --add-exports=jdk.compiler/com.sun.tools.javac.api=ALL-UNNAMED --add-exports=jdk.compiler/com.sun.tools.javac.util=ALL-UNNAMED --add-opens=java.base/java.util=ALL-UNNAMED --add-opens=java.prefs/java.util.prefs=ALL-UNNAMED --add-opens=java.base/java.nio.charset=ALL-UNNAMED --add-opens=java.base/java.net=ALL-UNNAMED --add-opens=java.base/java.util.concurrent.atomic=ALL-UNNAMED --add-opens=java.xml/javax.xml.namespace=ALL-UNNAMED -Xmx2048m -Dfile.encoding=UTF-8 -Duser.country=US -Duser.language=en -Duser.variant -javaagent:C:\Users\name\.gradle\wrapper\dists\gradle-8.13-bin\5xuhj0ry160q40clulazy9h7d\gradle-8.13\lib\agents\gradle-instrumentation-agent-8.13.jar org.gradle.launcher.daemon.bootstrap.GradleDaemon 8.13

Host: AMD Ryzen 5 5600H with Radeon Graphics         , 12 cores, 7G,  Windows 11 , 64 bit Build 22621 (10.0.22621.5415)
Time: Wed Oct 29 22:45:08 2025 SE Asia Standard Time elapsed time: 24.678104 seconds (0d 0h 0m 24s)

---------------  T H R E A D  ---------------

Current thread (0x0000020dce239160):  VMThread "VM Thread"          [id=11040, stack(0x000000b999400000,0x000000b999500000) (1024K)]

Stack: [0x000000b999400000,0x000000b999500000]
Native frames: (J=compiled Java code, j=interpreted, Vv=VM code, C=native code)
V  [jvm.dll+0x6e26e9]  (no source info available)
V  [jvm.dll+0x875753]  (no source info available)
V  [jvm.dll+0x877b7e]  (no source info available)
V  [jvm.dll+0x878253]  (no source info available)
V  [jvm.dll+0x27fc86]  (no source info available)
V  [jvm.dll+0x6ded85]  (no source info available)
V  [jvm.dll+0x6d388a]  (no source info available)
V  [jvm.dll+0x358b8a]  (no source info available)
V  [jvm.dll+0x3610b6]  (no source info available)
V  [jvm.dll+0x3b41b3]  (no source info available)
V  [jvm.dll+0x3b4448]  (no source info available)
V  [jvm.dll+0x32c5ec]  (no source info available)
V  [jvm.dll+0x32c677]  (no source info available)
V  [jvm.dll+0x37244c]  (no source info available)
V  [jvm.dll+0x370b46]  (no source info available)
V  [jvm.dll+0x32bcd7]  (no source info available)
V  [jvm.dll+0x370304]  (no source info available)
V  [jvm.dll+0x87e0f0]  (no source info available)
V  [jvm.dll+0x87f477]  (no source info available)
V  [jvm.dll+0x87f9f0]  (no source info available)
V  [jvm.dll+0x87fc93]  (no source info available)
V  [jvm.dll+0x81dc0b]  (no source info available)
V  [jvm.dll+0x6e0d85]  (no source info available)
C  [ucrtbase.dll+0x29333]  (no source info available)
C  [KERNEL32.DLL+0x1259d]  (no source info available)
C  [ntdll.dll+0x5af78]  (no source info available)

VM_Operation (0x000000b9a5bfec70): G1CollectForAllocation, mode: safepoint, requested by thread 0x0000020e19943e50


---------------  P R O C E S S  ---------------

Threads class SMR info:
_java_thread_list=0x0000020e15dfa9a0, length=197, elements={
0x0000020daf3274f0, 0x0000020dce250b00, 0x0000020dce251920, 0x0000020dce25f2e0,
0x0000020dce25cd60, 0x0000020dce25c040, 0x0000020dce25c6d0, 0x0000020dce2704d0,
0x0000020dce270f80, 0x0000020dce25d3f0, 0x0000020dce25da80, 0x0000020dce25e110,
0x0000020dce25e7a0, 0x0000020dce25b320, 0x0000020e14e9e660, 0x0000020e14ea0dc0,
0x0000020e14ea3520, 0x0000020e14ea1ae0, 0x0000020e14ea2170, 0x0000020e14e9ecf0,
0x0000020e14e9f380, 0x0000020e14ea2800, 0x0000020e14e9fa10, 0x0000020e14ea1450,
0x0000020e14ea3bb0, 0x0000020e14ea00a0, 0x0000020e14ea0730, 0x0000020e14e9cc20,
0x0000020e184533d0, 0x0000020e18452d40, 0x0000020e184505e0, 0x0000020e18453a60,
0x0000020e1844ff50, 0x0000020e1844f8c0, 0x0000020e18450c70, 0x0000020e18454780,
0x0000020e18452020, 0x0000020e1844d7f0, 0x0000020e1844f230, 0x0000020e18451300,
0x0000020e18451990, 0x0000020e18454e10, 0x0000020e184526b0, 0x0000020e1844de80,
0x0000020e17180610, 0x0000020e17181330, 0x0000020e17182d70, 0x0000020e17180ca0,
0x0000020e171826e0, 0x0000020e171819c0, 0x0000020e17182050, 0x0000020e17183400,
0x0000020e1717ff80, 0x0000020dceaad320, 0x0000020dceaafa80, 0x0000020dceaad9b0,
0x0000020dceaaabc0, 0x0000020dceaae040, 0x0000020dceaa8af0, 0x0000020dceaa9180,
0x0000020dceaac600, 0x0000020dceaab250, 0x0000020dceaab8e0, 0x0000020dceaaa530,
0x0000020dceaabf70, 0x0000020dceaacc90, 0x0000020dceaaf3f0, 0x0000020e17e887c0,
0x0000020e17e85340, 0x0000020e17e86d80, 0x0000020e17e88130, 0x0000020e17e859d0,
0x0000020e17e86060, 0x0000020e17e83f90, 0x0000020e17e894e0, 0x0000020e17e84cb0,
0x0000020e17e84620, 0x0000020e17e89b70, 0x0000020e17e866f0, 0x0000020e17e8a200,
0x0000020e1a000880, 0x0000020e19ffe120, 0x0000020e1adc8b90, 0x0000020e1adc9f40,
0x0000020e1adcb2f0, 0x0000020e1adc98b0, 0x0000020e1adca5d0, 0x0000020e1adcac60,
0x0000020e1adcb980, 0x0000020e1adc9220, 0x0000020e1adc6430, 0x0000020e1adc49f0,
0x0000020e1adc8500, 0x0000020e1adcc010, 0x0000020e1adc5080, 0x0000020e1adc5710,
0x0000020e1adc5da0, 0x0000020e1adc6ac0, 0x0000020e1adc7150, 0x0000020e1adc77e0,
0x0000020e1a003d00, 0x0000020e1a0022c0, 0x0000020e19ffd400, 0x0000020e19fffb60,
0x0000020e1a002950, 0x0000020e1a000f10, 0x0000020e19fff4d0, 0x0000020e1a0015a0,
0x0000020e1a001c30, 0x0000020e1a004a20, 0x0000020e19ffe7b0, 0x0000020e17e8a890,
0x0000020e17e88e50, 0x0000020e17e83900, 0x0000020e17e8af20, 0x0000020e180cae60,
0x0000020e180c79e0, 0x0000020e180ca7d0, 0x0000020e180c8700, 0x0000020e180c9420,
0x0000020e180cb4f0, 0x0000020e180c9ab0, 0x0000020e180cc210, 0x0000020e180c8d90,
0x0000020e180cc8a0, 0x0000020e180ca140, 0x0000020e180cd5c0, 0x0000020e180cdc50,
0x0000020e180c6cc0, 0x0000020e180c7350, 0x0000020e180d5270, 0x0000020e180ce2e0,
0x0000020e180d10d0, 0x0000020e180d1760, 0x0000020e180d4550, 0x0000020e180d5900,
0x0000020e180d1df0, 0x0000020e180d0a40, 0x0000020e180cf690, 0x0000020e180cfd20,
0x0000020e180d4be0, 0x0000020e180d2480, 0x0000020e180d03b0, 0x0000020e180d2b10,
0x0000020e180d31a0, 0x0000020e180d3830, 0x0000020e180d3ec0, 0x0000020e18180730,
0x0000020e18182170, 0x0000020e18181450, 0x0000020e18182e90, 0x0000020e1817d2b0,
0x0000020e1817d940, 0x0000020e1817fa10, 0x0000020e18183520, 0x0000020e1817dfd0,
0x0000020e181800a0, 0x0000020e1817c590, 0x0000020e1817e660, 0x0000020e1817ecf0,
0x0000020e199472d0, 0x0000020e19949a30, 0x0000020e1994b470, 0x0000020e19946c40,
0x0000020e19948680, 0x0000020e19948d10, 0x0000020e1994a0c0, 0x0000020e19947ff0,
0x0000020e1994a750, 0x0000020e1994ade0, 0x0000020e1994bb00, 0x0000020e1a702fe0,
0x0000020e1a703670, 0x0000020e1a703d00, 0x0000020e1a7015a0, 0x0000020e1a6ffb60,
0x0000020e1a6fee40, 0x0000020e1a700880, 0x0000020e1a700f10, 0x0000020e1a705740,
0x0000020e1a6ff4d0, 0x0000020e1a706460, 0x0000020e1a705dd0, 0x0000020e1a708530,
0x0000020e16a6e560, 0x0000020e19942410, 0x0000020e199444e0, 0x0000020e199437c0,
0x0000020e19943e50, 0x0000020e1993d550, 0x0000020e19944b70, 0x0000020e199493a0,
0x0000020e19945200, 0x0000020e19945890, 0x0000020e19947960, 0x0000020e19945f20,
0x0000020e199465b0
}

Java Threads: ( => current thread )
  0x0000020daf3274f0 JavaThread "main"                              [_thread_blocked, id=15984, stack(0x000000b998d00000,0x000000b998e00000) (1024K)]
  0x0000020dce250b00 JavaThread "Reference Handler"          daemon [_thread_blocked, id=10308, stack(0x000000b999500000,0x000000b999600000) (1024K)]
  0x0000020dce251920 JavaThread "Finalizer"                  daemon [_thread_blocked, id=27616, stack(0x000000b999600000,0x000000b999700000) (1024K)]
  0x0000020dce25f2e0 JavaThread "Signal Dispatcher"          daemon [_thread_blocked, id=17092, stack(0x000000b999700000,0x000000b999800000) (1024K)]
  0x0000020dce25cd60 JavaThread "Attach Listener"            daemon [_thread_blocked, id=22844, stack(0x000000b999800000,0x000000b999900000) (1024K)]
  0x0000020dce25c040 JavaThread "Service Thread"             daemon [_thread_blocked, id=3908, stack(0x000000b999900000,0x000000b999a00000) (1024K)]
  0x0000020dce25c6d0 JavaThread "Monitor Deflation Thread"   daemon [_thread_blocked, id=12008, stack(0x000000b999a00000,0x000000b999b00000) (1024K)]
  0x0000020dce2704d0 JavaThread "C2 CompilerThread0"         daemon [_thread_blocked, id=7524, stack(0x000000b999b00000,0x000000b999c00000) (1024K)]
  0x0000020dce270f80 JavaThread "C1 CompilerThread0"         daemon [_thread_blocked, id=23920, stack(0x000000b999c00000,0x000000b999d00000) (1024K)]
  0x0000020dce25d3f0 JavaThread "Common-Cleaner"             daemon [_thread_blocked, id=24608, stack(0x000000b999d00000,0x000000b999e00000) (1024K)]
  0x0000020dce25da80 JavaThread "Notification Thread"        daemon [_thread_blocked, id=4900, stack(0x000000b999e00000,0x000000b999f00000) (1024K)]
  0x0000020dce25e110 JavaThread "Daemon health stats"               [_thread_blocked, id=29240, stack(0x000000b99a800000,0x000000b99a900000) (1024K)]
  0x0000020dce25e7a0 JavaThread "Incoming local TCP Connector on port 56065"        [_thread_in_native, id=29116, stack(0x000000b99a900000,0x000000b99aa00000) (1024K)]
  0x0000020dce25b320 JavaThread "Daemon periodic checks"            [_thread_blocked, id=28916, stack(0x000000b99aa00000,0x000000b99ab00000) (1024K)]
  0x0000020e14e9e660 JavaThread "Daemon"                            [_thread_blocked, id=2700, stack(0x000000b99ab00000,0x000000b99ac00000) (1024K)]
  0x0000020e14ea0dc0 JavaThread "Handler for socket connection from /127.0.0.1:56065 to /127.0.0.1:56066"        [_thread_in_native, id=27016, stack(0x000000b99ac00000,0x000000b99ad00000) (1024K)]
  0x0000020e14ea3520 JavaThread "Cancel handler"                    [_thread_blocked, id=17008, stack(0x000000b99ad00000,0x000000b99ae00000) (1024K)]
  0x0000020e14ea1ae0 JavaThread "Daemon worker"                     [_thread_blocked, id=23712, stack(0x000000b99ae00000,0x000000b99af00000) (1024K)]
  0x0000020e14ea2170 JavaThread "Asynchronous log dispatcher for DefaultDaemonConnection: socket connection from /127.0.0.1:56065 to /127.0.0.1:56066"        [_thread_blocked, id=23020, stack(0x000000b99af00000,0x000000b99b000000) (1024K)]
  0x0000020e14e9ecf0 JavaThread "Stdin handler"                     [_thread_blocked, id=5128, stack(0x000000b99b000000,0x000000b99b100000) (1024K)]
  0x0000020e14e9f380 JavaThread "Daemon client event forwarder"        [_thread_blocked, id=28984, stack(0x000000b99b100000,0x000000b99b200000) (1024K)]
  0x0000020e14ea2800 JavaThread "Cache worker for journal cache (C:\Users\name\.gradle\caches\journal-1)"        [_thread_blocked, id=13560, stack(0x000000b99b200000,0x000000b99b300000) (1024K)]
  0x0000020e14e9fa10 JavaThread "File lock request listener"        [_thread_in_native, id=26812, stack(0x000000b99b300000,0x000000b99b400000) (1024K)]
  0x0000020e14ea1450 JavaThread "Cache worker for file hash cache (C:\Users\name\.gradle\caches\8.13\fileHashes)"        [_thread_blocked, id=27964, stack(0x000000b99b400000,0x000000b99b500000) (1024K)]
  0x0000020e14ea3bb0 JavaThread "Cache worker for file hash cache (D:\app_ungdung\.gradle\8.13\fileHashes)"        [_thread_blocked, id=27012, stack(0x000000b99b800000,0x000000b99b900000) (1024K)]
  0x0000020e14ea00a0 JavaThread "Cache worker for Build Output Cleanup Cache (D:\app_ungdung\.gradle\buildOutputCleanup)"        [_thread_blocked, id=21672, stack(0x000000b99b900000,0x000000b99ba00000) (1024K)]
  0x0000020e14ea0730 JavaThread "File watcher server"        daemon [_thread_blocked, id=21212, stack(0x000000b99ba00000,0x000000b99bb00000) (1024K)]
  0x0000020e14e9cc20 JavaThread "File watcher consumer"      daemon [_thread_blocked, id=2440, stack(0x000000b99bb00000,0x000000b99bc00000) (1024K)]
  0x0000020e184533d0 JavaThread "Cache worker for checksums cache (D:\app_ungdung\.gradle\8.13\checksums)"        [_thread_blocked, id=23652, stack(0x000000b99bc00000,0x000000b99bd00000) (1024K)]
  0x0000020e18452d40 JavaThread "Cache worker for file content cache (C:\Users\name\.gradle\caches\8.13\fileContent)"        [_thread_blocked, id=16172, stack(0x000000b99bd00000,0x000000b99be00000) (1024K)]
  0x0000020e184505e0 JavaThread "Cache worker for cache directory md-supplier (C:\Users\name\.gradle\caches\8.13\md-supplier)"        [_thread_blocked, id=26440, stack(0x000000b99be00000,0x000000b99bf00000) (1024K)]
  0x0000020e18453a60 JavaThread "Cache worker for cache directory md-rule (C:\Users\name\.gradle\caches\8.13\md-rule)"        [_thread_blocked, id=4656, stack(0x000000b99bf00000,0x000000b99c000000) (1024K)]
  0x0000020e1844ff50 JavaThread "Unconstrained build operations"        [_thread_blocked, id=21396, stack(0x000000b99c000000,0x000000b99c100000) (1024K)]
  0x0000020e1844f8c0 JavaThread "Unconstrained build operations Thread 2"        [_thread_blocked, id=12668, stack(0x000000b99c100000,0x000000b99c200000) (1024K)]
  0x0000020e18450c70 JavaThread "Unconstrained build operations Thread 3"        [_thread_blocked, id=29064, stack(0x000000b99c200000,0x000000b99c300000) (1024K)]
  0x0000020e18454780 JavaThread "Unconstrained build operations Thread 4"        [_thread_blocked, id=22804, stack(0x000000b99c300000,0x000000b99c400000) (1024K)]
  0x0000020e18452020 JavaThread "Unconstrained build operations Thread 5"        [_thread_blocked, id=5552, stack(0x000000b99c400000,0x000000b99c500000) (1024K)]
  0x0000020e1844d7f0 JavaThread "Unconstrained build operations Thread 6"        [_thread_blocked, id=11992, stack(0x000000b99c500000,0x000000b99c600000) (1024K)]
  0x0000020e1844f230 JavaThread "Unconstrained build operations Thread 7"        [_thread_blocked, id=5452, stack(0x000000b99c600000,0x000000b99c700000) (1024K)]
  0x0000020e18451300 JavaThread "Unconstrained build operations Thread 8"        [_thread_blocked, id=964, stack(0x000000b99c700000,0x000000b99c800000) (1024K)]
  0x0000020e18451990 JavaThread "Unconstrained build operations Thread 9"        [_thread_blocked, id=28600, stack(0x000000b99c800000,0x000000b99c900000) (1024K)]
  0x0000020e18454e10 JavaThread "Unconstrained build operations Thread 10"        [_thread_blocked, id=20804, stack(0x000000b99c900000,0x000000b99ca00000) (1024K)]
  0x0000020e184526b0 JavaThread "Unconstrained build operations Thread 11"        [_thread_blocked, id=3308, stack(0x000000b99ca00000,0x000000b99cb00000) (1024K)]
  0x0000020e1844de80 JavaThread "Unconstrained build operations Thread 12"        [_thread_blocked, id=20996, stack(0x000000b99cb00000,0x000000b99cc00000) (1024K)]
  0x0000020e17180610 JavaThread "Unconstrained build operations Thread 13"        [_thread_blocked, id=6884, stack(0x000000b99cc00000,0x000000b99cd00000) (1024K)]
  0x0000020e17181330 JavaThread "Unconstrained build operations Thread 14"        [_thread_blocked, id=28664, stack(0x000000b99cd00000,0x000000b99ce00000) (1024K)]
  0x0000020e17182d70 JavaThread "Unconstrained build operations Thread 15"        [_thread_blocked, id=16016, stack(0x000000b99ce00000,0x000000b99cf00000) (1024K)]
  0x0000020e17180ca0 JavaThread "Unconstrained build operations Thread 16"        [_thread_blocked, id=23436, stack(0x000000b99cf00000,0x000000b99d000000) (1024K)]
  0x0000020e171826e0 JavaThread "Unconstrained build operations Thread 17"        [_thread_blocked, id=26592, stack(0x000000b99d000000,0x000000b99d100000) (1024K)]
  0x0000020e171819c0 JavaThread "Unconstrained build operations Thread 18"        [_thread_blocked, id=6312, stack(0x000000b99d100000,0x000000b99d200000) (1024K)]
  0x0000020e17182050 JavaThread "Unconstrained build operations Thread 19"        [_thread_blocked, id=28168, stack(0x000000b99d200000,0x000000b99d300000) (1024K)]
  0x0000020e17183400 JavaThread "Unconstrained build operations Thread 20"        [_thread_blocked, id=12548, stack(0x000000b99d300000,0x000000b99d400000) (1024K)]
  0x0000020e1717ff80 JavaThread "Unconstrained build operations Thread 21"        [_thread_blocked, id=13100, stack(0x000000b99d400000,0x000000b99d500000) (1024K)]
  0x0000020dceaad320 JavaThread "Unconstrained build operations Thread 22"        [_thread_blocked, id=19292, stack(0x000000b99d500000,0x000000b99d600000) (1024K)]
  0x0000020dceaafa80 JavaThread "Unconstrained build operations Thread 23"        [_thread_blocked, id=8932, stack(0x000000b99d600000,0x000000b99d700000) (1024K)]
  0x0000020dceaad9b0 JavaThread "Unconstrained build operations Thread 24"        [_thread_blocked, id=18728, stack(0x000000b99d700000,0x000000b99d800000) (1024K)]
  0x0000020dceaaabc0 JavaThread "Unconstrained build operations Thread 25"        [_thread_blocked, id=25248, stack(0x000000b99d800000,0x000000b99d900000) (1024K)]
  0x0000020dceaae040 JavaThread "Unconstrained build operations Thread 26"        [_thread_blocked, id=6700, stack(0x000000b99d900000,0x000000b99da00000) (1024K)]
  0x0000020dceaa8af0 JavaThread "Unconstrained build operations Thread 27"        [_thread_blocked, id=27768, stack(0x000000b99da00000,0x000000b99db00000) (1024K)]
  0x0000020dceaa9180 JavaThread "Unconstrained build operations Thread 28"        [_thread_blocked, id=23976, stack(0x000000b99db00000,0x000000b99dc00000) (1024K)]
  0x0000020dceaac600 JavaThread "Unconstrained build operations Thread 29"        [_thread_blocked, id=3676, stack(0x000000b99dc00000,0x000000b99dd00000) (1024K)]
  0x0000020dceaab250 JavaThread "Unconstrained build operations Thread 30"        [_thread_blocked, id=16784, stack(0x000000b99dd00000,0x000000b99de00000) (1024K)]
  0x0000020dceaab8e0 JavaThread "Unconstrained build operations Thread 31"        [_thread_blocked, id=8184, stack(0x000000b99de00000,0x000000b99df00000) (1024K)]
  0x0000020dceaaa530 JavaThread "Unconstrained build operations Thread 32"        [_thread_blocked, id=27992, stack(0x000000b99df00000,0x000000b99e000000) (1024K)]
  0x0000020dceaabf70 JavaThread "Unconstrained build operations Thread 33"        [_thread_blocked, id=28748, stack(0x000000b99e000000,0x000000b99e100000) (1024K)]
  0x0000020dceaacc90 JavaThread "Memory manager"                    [_thread_blocked, id=21208, stack(0x000000b99e100000,0x000000b99e200000) (1024K)]
  0x0000020dceaaf3f0 JavaThread "build event listener"              [_thread_blocked, id=25656, stack(0x000000b99e200000,0x000000b99e300000) (1024K)]
  0x0000020e17e887c0 JavaThread "pool-3-thread-1"                   [_thread_blocked, id=16028, stack(0x000000b99e300000,0x000000b99e400000) (1024K)]
  0x0000020e17e85340 JavaThread "build event listener"              [_thread_blocked, id=17864, stack(0x000000b99e400000,0x000000b99e500000) (1024K)]
  0x0000020e17e86d80 JavaThread "included builds"                   [_thread_blocked, id=25260, stack(0x000000b99e500000,0x000000b99e600000) (1024K)]
  0x0000020e17e88130 JavaThread "Execution worker"                  [_thread_blocked, id=24172, stack(0x000000b99e600000,0x000000b99e700000) (1024K)]
  0x0000020e17e859d0 JavaThread "Execution worker Thread 2"         [_thread_blocked, id=8452, stack(0x000000b99e700000,0x000000b99e800000) (1024K)]
  0x0000020e17e86060 JavaThread "Execution worker Thread 3"         [_thread_blocked, id=26684, stack(0x000000b99e800000,0x000000b99e900000) (1024K)]
  0x0000020e17e83f90 JavaThread "Execution worker Thread 4"         [_thread_blocked, id=26672, stack(0x000000b99e900000,0x000000b99ea00000) (1024K)]
  0x0000020e17e894e0 JavaThread "Execution worker Thread 5"         [_thread_blocked, id=13520, stack(0x000000b99ea00000,0x000000b99eb00000) (1024K)]
  0x0000020e17e84cb0 JavaThread "Execution worker Thread 6"         [_thread_blocked, id=29224, stack(0x000000b99eb00000,0x000000b99ec00000) (1024K)]
  0x0000020e17e84620 JavaThread "Execution worker Thread 7"         [_thread_blocked, id=27780, stack(0x000000b99ec00000,0x000000b99ed00000) (1024K)]
  0x0000020e17e89b70 JavaThread "Execution worker Thread 8"         [_thread_blocked, id=2692, stack(0x000000b99ed00000,0x000000b99ee00000) (1024K)]
  0x0000020e17e866f0 JavaThread "Execution worker Thread 9"         [_thread_blocked, id=27068, stack(0x000000b99ee00000,0x000000b99ef00000) (1024K)]
  0x0000020e17e8a200 JavaThread "Execution worker Thread 10"        [_thread_blocked, id=5288, stack(0x000000b99ef00000,0x000000b99f000000) (1024K)]
  0x0000020e1a000880 JavaThread "Execution worker Thread 11"        [_thread_blocked, id=22588, stack(0x000000b99f000000,0x000000b99f100000) (1024K)]
  0x0000020e19ffe120 JavaThread "Cache worker for execution history cache (D:\app_ungdung\.gradle\8.13\executionHistory)"        [_thread_blocked, id=29424, stack(0x000000b99f100000,0x000000b99f200000) (1024K)]
  0x0000020e1adc8b90 JavaThread "Unconstrained build operations Thread 34"        [_thread_blocked, id=7252, stack(0x000000b999f00000,0x000000b99a000000) (1024K)]
  0x0000020e1adc9f40 JavaThread "Unconstrained build operations Thread 35"        [_thread_blocked, id=4672, stack(0x000000b99f200000,0x000000b99f300000) (1024K)]
  0x0000020e1adcb2f0 JavaThread "Unconstrained build operations Thread 36"        [_thread_blocked, id=29080, stack(0x000000b99f300000,0x000000b99f400000) (1024K)]
  0x0000020e1adc98b0 JavaThread "Unconstrained build operations Thread 37"        [_thread_blocked, id=25216, stack(0x000000b99f400000,0x000000b99f500000) (1024K)]
  0x0000020e1adca5d0 JavaThread "Unconstrained build operations Thread 38"        [_thread_blocked, id=28256, stack(0x000000b99f500000,0x000000b99f600000) (1024K)]
  0x0000020e1adcac60 JavaThread "Unconstrained build operations Thread 39"        [_thread_blocked, id=27356, stack(0x000000b99f600000,0x000000b99f700000) (1024K)]
  0x0000020e1adcb980 JavaThread "Unconstrained build operations Thread 40"        [_thread_blocked, id=28932, stack(0x000000b99f700000,0x000000b99f800000) (1024K)]
  0x0000020e1adc9220 JavaThread "Unconstrained build operations Thread 41"        [_thread_blocked, id=27400, stack(0x000000b99f800000,0x000000b99f900000) (1024K)]
  0x0000020e1adc6430 JavaThread "Unconstrained build operations Thread 42"        [_thread_blocked, id=25576, stack(0x000000b99f900000,0x000000b99fa00000) (1024K)]
  0x0000020e1adc49f0 JavaThread "Unconstrained build operations Thread 43"        [_thread_blocked, id=4928, stack(0x000000b99fa00000,0x000000b99fb00000) (1024K)]
  0x0000020e1adc8500 JavaThread "Unconstrained build operations Thread 44"        [_thread_blocked, id=29204, stack(0x000000b99fb00000,0x000000b99fc00000) (1024K)]
  0x0000020e1adcc010 JavaThread "WorkerExecutor Queue"              [_thread_blocked, id=24636, stack(0x000000b99fc00000,0x000000b99fd00000) (1024K)]
  0x0000020e1adc5080 JavaThread "Unconstrained build operations Thread 45"        [_thread_blocked, id=11732, stack(0x000000b99fd00000,0x000000b99fe00000) (1024K)]
  0x0000020e1adc5710 JavaThread "Unconstrained build operations Thread 46"        [_thread_blocked, id=18188, stack(0x000000b99fe00000,0x000000b99ff00000) (1024K)]
  0x0000020e1adc5da0 JavaThread "Unconstrained build operations Thread 47"        [_thread_blocked, id=12456, stack(0x000000b99ff00000,0x000000b9a0000000) (1024K)]
  0x0000020e1adc6ac0 JavaThread "Unconstrained build operations Thread 48"        [_thread_blocked, id=11552, stack(0x000000b9a0000000,0x000000b9a0100000) (1024K)]
  0x0000020e1adc7150 JavaThread "Unconstrained build operations Thread 49"        [_thread_blocked, id=13700, stack(0x000000b9a0100000,0x000000b9a0200000) (1024K)]
  0x0000020e1adc77e0 JavaThread "Unconstrained build operations Thread 50"        [_thread_blocked, id=9940, stack(0x000000b9a0200000,0x000000b9a0300000) (1024K)]
  0x0000020e1a003d00 JavaThread "Unconstrained build operations Thread 51"        [_thread_blocked, id=10692, stack(0x000000b9a0300000,0x000000b9a0400000) (1024K)]
  0x0000020e1a0022c0 JavaThread "Unconstrained build operations Thread 52"        [_thread_blocked, id=26860, stack(0x000000b9a0400000,0x000000b9a0500000) (1024K)]
  0x0000020e19ffd400 JavaThread "Unconstrained build operations Thread 53"        [_thread_blocked, id=14500, stack(0x000000b9a0500000,0x000000b9a0600000) (1024K)]
  0x0000020e19fffb60 JavaThread "Unconstrained build operations Thread 54"        [_thread_blocked, id=7384, stack(0x000000b9a0600000,0x000000b9a0700000) (1024K)]
  0x0000020e1a002950 JavaThread "Unconstrained build operations Thread 55"        [_thread_blocked, id=25160, stack(0x000000b9a0700000,0x000000b9a0800000) (1024K)]
  0x0000020e1a000f10 JavaThread "WorkerExecutor Queue Thread 2"        [_thread_blocked, id=23808, stack(0x000000b9a0800000,0x000000b9a0900000) (1024K)]
  0x0000020e19fff4d0 JavaThread "WorkerExecutor Queue Thread 3"        [_thread_blocked, id=15808, stack(0x000000b9a0900000,0x000000b9a0a00000) (1024K)]
  0x0000020e1a0015a0 JavaThread "WorkerExecutor Queue Thread 4"        [_thread_blocked, id=5436, stack(0x000000b9a0a00000,0x000000b9a0b00000) (1024K)]
  0x0000020e1a001c30 JavaThread "WorkerExecutor Queue Thread 5"        [_thread_blocked, id=15284, stack(0x000000b9a0b00000,0x000000b9a0c00000) (1024K)]
  0x0000020e1a004a20 JavaThread "WorkerExecutor Queue Thread 6"        [_thread_blocked, id=12784, stack(0x000000b9a0c00000,0x000000b9a0d00000) (1024K)]
  0x0000020e19ffe7b0 JavaThread "WorkerExecutor Queue Thread 7"        [_thread_blocked, id=29624, stack(0x000000b9a0d00000,0x000000b9a0e00000) (1024K)]
  0x0000020e17e8a890 JavaThread "WorkerExecutor Queue Thread 9"        [_thread_blocked, id=26288, stack(0x000000b9a0f00000,0x000000b9a1000000) (1024K)]
  0x0000020e17e88e50 JavaThread "WorkerExecutor Queue Thread 10"        [_thread_blocked, id=24924, stack(0x000000b9a1000000,0x000000b9a1100000) (1024K)]
  0x0000020e17e83900 JavaThread "WorkerExecutor Queue Thread 11"        [_thread_blocked, id=24408, stack(0x000000b9a1100000,0x000000b9a1200000) (1024K)]
  0x0000020e17e8af20 JavaThread "WorkerExecutor Queue Thread 12"        [_thread_blocked, id=10156, stack(0x000000b9a1200000,0x000000b9a1300000) (1024K)]
  0x0000020e180cae60 JavaThread "Unconstrained build operations Thread 56"        [_thread_blocked, id=20076, stack(0x000000b9a1300000,0x000000b9a1400000) (1024K)]
  0x0000020e180c79e0 JavaThread "Unconstrained build operations Thread 57"        [_thread_blocked, id=19252, stack(0x000000b9a1400000,0x000000b9a1500000) (1024K)]
  0x0000020e180ca7d0 JavaThread "Unconstrained build operations Thread 58"        [_thread_blocked, id=16884, stack(0x000000b9a1500000,0x000000b9a1600000) (1024K)]
  0x0000020e180c8700 JavaThread "Unconstrained build operations Thread 59"        [_thread_blocked, id=25388, stack(0x000000b9a1600000,0x000000b9a1700000) (1024K)]
  0x0000020e180c9420 JavaThread "Unconstrained build operations Thread 60"        [_thread_blocked, id=26880, stack(0x000000b9a1700000,0x000000b9a1800000) (1024K)]
  0x0000020e180cb4f0 JavaThread "Unconstrained build operations Thread 61"        [_thread_blocked, id=28760, stack(0x000000b9a1800000,0x000000b9a1900000) (1024K)]
  0x0000020e180c9ab0 JavaThread "Unconstrained build operations Thread 62"        [_thread_blocked, id=8532, stack(0x000000b9a1900000,0x000000b9a1a00000) (1024K)]
  0x0000020e180cc210 JavaThread "Unconstrained build operations Thread 63"        [_thread_blocked, id=6904, stack(0x000000b9a1a00000,0x000000b9a1b00000) (1024K)]
  0x0000020e180c8d90 JavaThread "Unconstrained build operations Thread 64"        [_thread_blocked, id=26100, stack(0x000000b9a1b00000,0x000000b9a1c00000) (1024K)]
  0x0000020e180cc8a0 JavaThread "Unconstrained build operations Thread 65"        [_thread_blocked, id=29516, stack(0x000000b9a1c00000,0x000000b9a1d00000) (1024K)]
  0x0000020e180ca140 JavaThread "Unconstrained build operations Thread 66"        [_thread_blocked, id=24192, stack(0x000000b9a1d00000,0x000000b9a1e00000) (1024K)]
  0x0000020e180cd5c0 JavaThread "Unconstrained build operations Thread 67"        [_thread_blocked, id=14080, stack(0x000000b9a1e00000,0x000000b9a1f00000) (1024K)]
  0x0000020e180cdc50 JavaThread "Unconstrained build operations Thread 68"        [_thread_blocked, id=21728, stack(0x000000b9a1f00000,0x000000b9a2000000) (1024K)]
  0x0000020e180c6cc0 JavaThread "Unconstrained build operations Thread 69"        [_thread_blocked, id=29272, stack(0x000000b9a2000000,0x000000b9a2100000) (1024K)]
  0x0000020e180c7350 JavaThread "Unconstrained build operations Thread 70"        [_thread_blocked, id=7212, stack(0x000000b9a2100000,0x000000b9a2200000) (1024K)]
  0x0000020e180d5270 JavaThread "Unconstrained build operations Thread 71"        [_thread_blocked, id=4324, stack(0x000000b9a2200000,0x000000b9a2300000) (1024K)]
  0x0000020e180ce2e0 JavaThread "Unconstrained build operations Thread 72"        [_thread_blocked, id=18444, stack(0x000000b9a2300000,0x000000b9a2400000) (1024K)]
  0x0000020e180d10d0 JavaThread "Unconstrained build operations Thread 73"        [_thread_blocked, id=11360, stack(0x000000b9a2400000,0x000000b9a2500000) (1024K)]
  0x0000020e180d1760 JavaThread "Unconstrained build operations Thread 74"        [_thread_blocked, id=25220, stack(0x000000b9a2500000,0x000000b9a2600000) (1024K)]
  0x0000020e180d4550 JavaThread "Unconstrained build operations Thread 75"        [_thread_blocked, id=28528, stack(0x000000b9a2600000,0x000000b9a2700000) (1024K)]
  0x0000020e180d5900 JavaThread "Unconstrained build operations Thread 76"        [_thread_blocked, id=27276, stack(0x000000b9a2700000,0x000000b9a2800000) (1024K)]
  0x0000020e180d1df0 JavaThread "Unconstrained build operations Thread 77"        [_thread_blocked, id=12084, stack(0x000000b9a2800000,0x000000b9a2900000) (1024K)]
  0x0000020e180d0a40 JavaThread "Unconstrained build operations Thread 78"        [_thread_blocked, id=27704, stack(0x000000b9a2900000,0x000000b9a2a00000) (1024K)]
  0x0000020e180cf690 JavaThread "Unconstrained build operations Thread 79"        [_thread_blocked, id=1752, stack(0x000000b9a2a00000,0x000000b9a2b00000) (1024K)]
  0x0000020e180cfd20 JavaThread "Unconstrained build operations Thread 80"        [_thread_blocked, id=4640, stack(0x000000b9a2b00000,0x000000b9a2c00000) (1024K)]
  0x0000020e180d4be0 JavaThread "Unconstrained build operations Thread 81"        [_thread_blocked, id=25876, stack(0x000000b9a2c00000,0x000000b9a2d00000) (1024K)]
  0x0000020e180d2480 JavaThread "Unconstrained build operations Thread 82"        [_thread_blocked, id=7648, stack(0x000000b9a2d00000,0x000000b9a2e00000) (1024K)]
  0x0000020e180d03b0 JavaThread "Unconstrained build operations Thread 83"        [_thread_blocked, id=27668, stack(0x000000b9a2e00000,0x000000b9a2f00000) (1024K)]
  0x0000020e180d2b10 JavaThread "Unconstrained build operations Thread 84"        [_thread_blocked, id=2212, stack(0x000000b9a2f00000,0x000000b9a3000000) (1024K)]
  0x0000020e180d31a0 JavaThread "Unconstrained build operations Thread 85"        [_thread_blocked, id=2764, stack(0x000000b9a3000000,0x000000b9a3100000) (1024K)]
  0x0000020e180d3830 JavaThread "Unconstrained build operations Thread 86"        [_thread_blocked, id=288, stack(0x000000b9a3100000,0x000000b9a3200000) (1024K)]
  0x0000020e180d3ec0 JavaThread "Unconstrained build operations Thread 87"        [_thread_blocked, id=18804, stack(0x000000b9a3200000,0x000000b9a3300000) (1024K)]
  0x0000020e18180730 JavaThread "Unconstrained build operations Thread 88"        [_thread_blocked, id=23404, stack(0x000000b9a3300000,0x000000b9a3400000) (1024K)]
  0x0000020e18182170 JavaThread "Unconstrained build operations Thread 89"        [_thread_blocked, id=27932, stack(0x000000b9a3400000,0x000000b9a3500000) (1024K)]
  0x0000020e18181450 JavaThread "Unconstrained build operations Thread 90"        [_thread_blocked, id=27332, stack(0x000000b9a3500000,0x000000b9a3600000) (1024K)]
  0x0000020e18182e90 JavaThread "Unconstrained build operations Thread 91"        [_thread_blocked, id=10872, stack(0x000000b9a3600000,0x000000b9a3700000) (1024K)]
  0x0000020e1817d2b0 JavaThread "Unconstrained build operations Thread 92"        [_thread_blocked, id=13516, stack(0x000000b9a3700000,0x000000b9a3800000) (1024K)]
  0x0000020e1817d940 JavaThread "Unconstrained build operations Thread 93"        [_thread_blocked, id=9504, stack(0x000000b9a3800000,0x000000b9a3900000) (1024K)]
  0x0000020e1817fa10 JavaThread "Unconstrained build operations Thread 94"        [_thread_blocked, id=5824, stack(0x000000b9a3900000,0x000000b9a3a00000) (1024K)]
  0x0000020e18183520 JavaThread "Unconstrained build operations Thread 95"        [_thread_blocked, id=11660, stack(0x000000b9a3a00000,0x000000b9a3b00000) (1024K)]
  0x0000020e1817dfd0 JavaThread "Unconstrained build operations Thread 96"        [_thread_blocked, id=22448, stack(0x000000b9a3b00000,0x000000b9a3c00000) (1024K)]
  0x0000020e181800a0 JavaThread "Unconstrained build operations Thread 97"        [_thread_blocked, id=6268, stack(0x000000b9a3c00000,0x000000b9a3d00000) (1024K)]
  0x0000020e1817c590 JavaThread "Unconstrained build operations Thread 98"        [_thread_blocked, id=27576, stack(0x000000b9a3d00000,0x000000b9a3e00000) (1024K)]
  0x0000020e1817e660 JavaThread "Unconstrained build operations Thread 99"        [_thread_blocked, id=25956, stack(0x000000b9a3e00000,0x000000b9a3f00000) (1024K)]
  0x0000020e1817ecf0 JavaThread "Unconstrained build operations Thread 100"        [_thread_blocked, id=2556, stack(0x000000b9a3f00000,0x000000b9a4000000) (1024K)]
  0x0000020e199472d0 JavaThread "WorkerExecutor Queue Thread 13"        [_thread_blocked, id=5444, stack(0x000000b9a4000000,0x000000b9a4100000) (1024K)]
  0x0000020e19949a30 JavaThread "Unconstrained build operations Thread 101"        [_thread_blocked, id=16624, stack(0x000000b9a4100000,0x000000b9a4200000) (1024K)]
  0x0000020e1994b470 JavaThread "Unconstrained build operations Thread 102"        [_thread_blocked, id=24464, stack(0x000000b9a4200000,0x000000b9a4300000) (1024K)]
  0x0000020e19946c40 JavaThread "Unconstrained build operations Thread 103"        [_thread_blocked, id=25856, stack(0x000000b9a4300000,0x000000b9a4400000) (1024K)]
  0x0000020e19948680 JavaThread "Unconstrained build operations Thread 104"        [_thread_blocked, id=21432, stack(0x000000b9a4400000,0x000000b9a4500000) (1024K)]
  0x0000020e19948d10 JavaThread "Unconstrained build operations Thread 105"        [_thread_blocked, id=5228, stack(0x000000b9a4500000,0x000000b9a4600000) (1024K)]
  0x0000020e1994a0c0 JavaThread "Unconstrained build operations Thread 106"        [_thread_blocked, id=11096, stack(0x000000b9a4600000,0x000000b9a4700000) (1024K)]
  0x0000020e19947ff0 JavaThread "Unconstrained build operations Thread 107"        [_thread_blocked, id=18872, stack(0x000000b9a4700000,0x000000b9a4800000) (1024K)]
  0x0000020e1994a750 JavaThread "Unconstrained build operations Thread 108"        [_thread_blocked, id=12708, stack(0x000000b9a4800000,0x000000b9a4900000) (1024K)]
  0x0000020e1994ade0 JavaThread "Unconstrained build operations Thread 109"        [_thread_blocked, id=23188, stack(0x000000b9a4900000,0x000000b9a4a00000) (1024K)]
  0x0000020e1994bb00 JavaThread "Unconstrained build operations Thread 110"        [_thread_blocked, id=7688, stack(0x000000b9a4a00000,0x000000b9a4b00000) (1024K)]
  0x0000020e1a702fe0 JavaThread "Unconstrained build operations Thread 111"        [_thread_blocked, id=18260, stack(0x000000b9a4b00000,0x000000b9a4c00000) (1024K)]
  0x0000020e1a703670 JavaThread "Unconstrained build operations Thread 112"        [_thread_blocked, id=11808, stack(0x000000b9a4c00000,0x000000b9a4d00000) (1024K)]
  0x0000020e1a703d00 JavaThread "Unconstrained build operations Thread 113"        [_thread_blocked, id=11140, stack(0x000000b9a4d00000,0x000000b9a4e00000) (1024K)]
  0x0000020e1a7015a0 JavaThread "Unconstrained build operations Thread 114"        [_thread_blocked, id=18096, stack(0x000000b9a4e00000,0x000000b9a4f00000) (1024K)]
  0x0000020e1a6ffb60 JavaThread "Unconstrained build operations Thread 115"        [_thread_blocked, id=1020, stack(0x000000b9a4f00000,0x000000b9a5000000) (1024K)]
  0x0000020e1a6fee40 JavaThread "Unconstrained build operations Thread 116"        [_thread_blocked, id=28504, stack(0x000000b9a5000000,0x000000b9a5100000) (1024K)]
  0x0000020e1a700880 JavaThread "Unconstrained build operations Thread 117"        [_thread_blocked, id=1996, stack(0x000000b9a5100000,0x000000b9a5200000) (1024K)]
  0x0000020e1a700f10 JavaThread "Unconstrained build operations Thread 118"        [_thread_blocked, id=20376, stack(0x000000b9a5200000,0x000000b9a5300000) (1024K)]
  0x0000020e1a705740 JavaThread "Unconstrained build operations Thread 119"        [_thread_blocked, id=7940, stack(0x000000b9a5300000,0x000000b9a5400000) (1024K)]
  0x0000020e1a6ff4d0 JavaThread "Unconstrained build operations Thread 120"        [_thread_blocked, id=21612, stack(0x000000b9a5400000,0x000000b9a5500000) (1024K)]
  0x0000020e1a706460 JavaThread "pool-4-thread-1"                   [_thread_blocked, id=21184, stack(0x000000b9a5600000,0x000000b9a5700000) (1024K)]
  0x0000020e1a705dd0 JavaThread "stderr"                            [_thread_in_native, id=28332, stack(0x000000b9a0e00000,0x000000b9a0f00000) (1024K)]
  0x0000020e1a708530 JavaThread "stdout"                            [_thread_in_native, id=27644, stack(0x000000b9a5700000,0x000000b9a5800000) (1024K)]
  0x0000020e16a6e560 JavaThread "C2 CompilerThread1"         daemon [_thread_blocked, id=24988, stack(0x000000b9a5500000,0x000000b9a5600000) (1024K)]
  0x0000020e19942410 JavaThread "ForkJoinPool-1-worker-1"    daemon [_thread_blocked, id=25940, stack(0x000000b9a5800000,0x000000b9a5900000) (1024K)]
  0x0000020e199444e0 JavaThread "ForkJoinPool-1-worker-2"    daemon [_thread_blocked, id=29428, stack(0x000000b9a5900000,0x000000b9a5a00000) (1024K)]
  0x0000020e199437c0 JavaThread "ForkJoinPool-1-worker-3"    daemon [_thread_blocked, id=21832, stack(0x000000b9a5a00000,0x000000b9a5b00000) (1024K)]
  0x0000020e19943e50 JavaThread "ForkJoinPool-1-worker-4"    daemon [_thread_blocked, id=26568, stack(0x000000b9a5b00000,0x000000b9a5c00000) (1024K)]
  0x0000020e1993d550 JavaThread "ForkJoinPool-1-worker-5"    daemon [_thread_blocked, id=26536, stack(0x000000b9a5c00000,0x000000b9a5d00000) (1024K)]
  0x0000020e19944b70 JavaThread "ForkJoinPool-1-worker-6"    daemon [_thread_blocked, id=26108, stack(0x000000b9a5d00000,0x000000b9a5e00000) (1024K)]
  0x0000020e199493a0 JavaThread "ForkJoinPool-1-worker-7"    daemon [_thread_blocked, id=25140, stack(0x000000b9a5e00000,0x000000b9a5f00000) (1024K)]
  0x0000020e19945200 JavaThread "ForkJoinPool-1-worker-8"    daemon [_thread_blocked, id=26516, stack(0x000000b9a5f00000,0x000000b9a6000000) (1024K)]
  0x0000020e19945890 JavaThread "ForkJoinPool-1-worker-9"    daemon [_thread_blocked, id=12544, stack(0x000000b9a6000000,0x000000b9a6100000) (1024K)]
  0x0000020e19947960 JavaThread "ForkJoinPool-1-worker-10"   daemon [_thread_blocked, id=24896, stack(0x000000b9a6100000,0x000000b9a6200000) (1024K)]
  0x0000020e19945f20 JavaThread "ForkJoinPool-1-worker-11"   daemon [_thread_blocked, id=27876, stack(0x000000b9a6200000,0x000000b9a6300000) (1024K)]
  0x0000020e199465b0 JavaThread "ForkJoinPool-1-worker-12"   daemon [_thread_blocked, id=29140, stack(0x000000b9a6300000,0x000000b9a6400000) (1024K)]
Total: 197

Other Threads:
=>0x0000020dce239160 VMThread "VM Thread"                           [id=11040, stack(0x000000b999400000,0x000000b999500000) (1024K)]
  0x0000020dce222610 WatcherThread "VM Periodic Task Thread"        [id=21900, stack(0x000000b999300000,0x000000b999400000) (1024K)]
  0x0000020db159c9a0 WorkerThread "GC Thread#0"                     [id=2788, stack(0x000000b998e00000,0x000000b998f00000) (1024K)]
  0x0000020dcee29900 WorkerThread "GC Thread#1"                     [id=21592, stack(0x000000b99a000000,0x000000b99a100000) (1024K)]
  0x0000020dced65680 WorkerThread "GC Thread#2"                     [id=27908, stack(0x000000b99a100000,0x000000b99a200000) (1024K)]
  0x0000020dced78be0 WorkerThread "GC Thread#3"                     [id=5056, stack(0x000000b99a200000,0x000000b99a300000) (1024K)]
  0x0000020e1435ecc0 WorkerThread "GC Thread#4"                     [id=12064, stack(0x000000b99a300000,0x000000b99a400000) (1024K)]
  0x0000020e14eb1000 WorkerThread "GC Thread#5"                     [id=11068, stack(0x000000b99a400000,0x000000b99a500000) (1024K)]
  0x0000020e14f27a00 WorkerThread "GC Thread#6"                     [id=28736, stack(0x000000b99a500000,0x000000b99a600000) (1024K)]
  0x0000020e14d2e290 WorkerThread "GC Thread#7"                     [id=25896, stack(0x000000b99a600000,0x000000b99a700000) (1024K)]
  0x0000020e14d2ee20 WorkerThread "GC Thread#8"                     [id=25744, stack(0x000000b99a700000,0x000000b99a800000) (1024K)]
  0x0000020e15843f40 WorkerThread "GC Thread#9"                     [id=18792, stack(0x000000b99b500000,0x000000b99b600000) (1024K)]
  0x0000020db15adb40 ConcurrentGCThread "G1 Main Marker"            [id=23124, stack(0x000000b998f00000,0x000000b999000000) (1024K)]
  0x0000020db15aedf0 WorkerThread "G1 Conc#0"                       [id=18884, stack(0x000000b999000000,0x000000b999100000) (1024K)]
  0x0000020e16a3cde0 WorkerThread "G1 Conc#1"                       [id=21924, stack(0x000000b99b600000,0x000000b99b700000) (1024K)]
  0x0000020e16a3b7c0 WorkerThread "G1 Conc#2"                       [id=8480, stack(0x000000b99b700000,0x000000b99b800000) (1024K)]
  0x0000020db15fe510 ConcurrentGCThread "G1 Refine#0"               [id=1708, stack(0x000000b999100000,0x000000b999200000) (1024K)]
  0x0000020dce0f32f0 ConcurrentGCThread "G1 Service"                [id=21032, stack(0x000000b999200000,0x000000b999300000) (1024K)]
Total: 18

Threads with active compile tasks:
C2 CompilerThread0  24751 18737 %     4       com.android.tools.r8.dex.C::a @ 150 (881 bytes)
C2 CompilerThread1  24751 19091       4       com.android.tools.r8.dex.C::h (919 bytes)
Total: 2

VM state: at safepoint (normal execution)

VM Mutex/Monitor currently owned by a thread:  ([mutex/lock_event])
[0x00007fffe241cb80] Threads_lock - owner thread: 0x0000020dce239160
[0x00007fffe241cc80] Heap_lock - owner thread: 0x0000020e19943e50

Heap address: 0x0000000080000000, size: 2048 MB, Compressed Oops mode: 32-bit

CDS archive(s) mapped at: [0x0000020dcf000000-0x0000020dcfc60000-0x0000020dcfc60000), size 12976128, SharedBaseAddress: 0x0000020dcf000000, ArchiveRelocationMode: 1.
Compressed class space mapped at: 0x0000020dd0000000-0x0000020e10000000, reserved size: 1073741824
Narrow klass base: 0x0000020dcf000000, Narrow klass shift: 0, Narrow klass range: 0x41000000

GC Precious Log:
 CardTable entry size: 512
 Card Set container configuration: InlinePtr #cards 5 size 8 Array Of Cards #cards 12 size 40 Howl #buckets 4 coarsen threshold 1843 Howl Bitmap #cards 512 size 80 coarsen threshold 460 Card regions per heap region 1 cards per card region 2048
 CPUs: 12 total, 12 available
 Memory: 7532M
 Large Page Support: Disabled
 NUMA Support: Disabled
 Compressed Oops: Enabled (32-bit)
 Heap Region Size: 1M
 Heap Min Capacity: 8M
 Heap Initial Capacity: 118M
 Heap Max Capacity: 2G
 Pre-touch: Disabled
 Parallel Workers: 10
 Concurrent Workers: 3
 Concurrent Refinement Workers: 10
 Periodic GC: Disabled

Heap:
 garbage-first heap   total reserved 2097152K, committed 409600K, used 371557K [0x0000000080000000, 0x0000000100000000)
  region size 1024K, 4 young (4096K), 4 survivors (4096K)
 Metaspace       used 119437K, committed 121920K, reserved 1179648K
  class space    used 16717K, committed 17920K, reserved 1048576K

Heap Regions: E=young(eden), S=young(survivor), O=old, HS=humongous(starts), HC=humongous(continues), CS=collection set, F=free, TAMS=top-at-mark-start, PB=parsable bottom
|   0|0x0000000080000000, 0x0000000080100000, 0x0000000080100000|100%| O|  |TAMS 0x0000000080100000| PB 0x0000000080000000| Untracked |  0
|   1|0x0000000080100000, 0x0000000080200000, 0x0000000080200000|100%|HS|  |TAMS 0x0000000080200000| PB 0x0000000080100000| Complete |  0
|   2|0x0000000080200000, 0x0000000080300000, 0x0000000080300000|100%|HC|  |TAMS 0x0000000080300000| PB 0x0000000080200000| Complete |  0
|   3|0x0000000080300000, 0x0000000080400000, 0x0000000080400000|100%|HC|  |TAMS 0x0000000080400000| PB 0x0000000080300000| Complete |  0
|   4|0x0000000080400000, 0x0000000080500000, 0x0000000080500000|100%| O|  |TAMS 0x0000000080500000| PB 0x0000000080400000| Untracked |  0
|   5|0x0000000080500000, 0x0000000080600000, 0x0000000080600000|100%| O|  |TAMS 0x0000000080600000| PB 0x0000000080500000| Untracked |  0
|   6|0x0000000080600000, 0x0000000080700000, 0x0000000080700000|100%| O|  |TAMS 0x0000000080700000| PB 0x0000000080600000| Untracked |  0
|   7|0x0000000080700000, 0x0000000080800000, 0x0000000080800000|100%|HS|  |TAMS 0x0000000080800000| PB 0x0000000080700000| Complete |  0
|   8|0x0000000080800000, 0x0000000080900000, 0x0000000080900000|100%| O|  |TAMS 0x0000000080900000| PB 0x0000000080800000| Untracked |  0
|   9|0x0000000080900000, 0x0000000080a00000, 0x0000000080a00000|100%| O|  |TAMS 0x0000000080a00000| PB 0x0000000080900000| Untracked |  0
|  10|0x0000000080a00000, 0x0000000080b00000, 0x0000000080b00000|100%| O|  |TAMS 0x0000000080b00000| PB 0x0000000080a00000| Untracked |  0
|  11|0x0000000080b00000, 0x0000000080c00000, 0x0000000080c00000|100%| O|  |TAMS 0x0000000080c00000| PB 0x0000000080b00000| Untracked |  0
|  12|0x0000000080c00000, 0x0000000080d00000, 0x0000000080d00000|100%| O|  |TAMS 0x0000000080d00000| PB 0x0000000080c00000| Untracked |  0
|  13|0x0000000080d00000, 0x0000000080e00000, 0x0000000080e00000|100%| O|  |TAMS 0x0000000080e00000| PB 0x0000000080d00000| Untracked |  0
|  14|0x0000000080e00000, 0x0000000080f00000, 0x0000000080f00000|100%| O|  |TAMS 0x0000000080f00000| PB 0x0000000080e00000| Untracked |  0
|  15|0x0000000080f00000, 0x0000000081000000, 0x0000000081000000|100%| O|  |TAMS 0x0000000081000000| PB 0x0000000080f00000| Untracked |  0
|  16|0x0000000081000000, 0x0000000081100000, 0x0000000081100000|100%| O|  |TAMS 0x0000000081100000| PB 0x0000000081000000| Untracked |  0
|  17|0x0000000081100000, 0x0000000081200000, 0x0000000081200000|100%| O|  |TAMS 0x0000000081200000| PB 0x0000000081100000| Untracked |  0
|  18|0x0000000081200000, 0x0000000081300000, 0x0000000081300000|100%| O|  |TAMS 0x0000000081300000| PB 0x0000000081200000| Untracked |  0
|  19|0x0000000081300000, 0x0000000081400000, 0x0000000081400000|100%| O|  |TAMS 0x0000000081400000| PB 0x0000000081300000| Untracked |  0
|  20|0x0000000081400000, 0x0000000081500000, 0x0000000081500000|100%| O|  |TAMS 0x0000000081500000| PB 0x0000000081400000| Untracked |  0
|  21|0x0000000081500000, 0x0000000081600000, 0x0000000081600000|100%| O|  |TAMS 0x0000000081600000| PB 0x0000000081500000| Untracked |  0
|  22|0x0000000081600000, 0x0000000081700000, 0x0000000081700000|100%| O|  |TAMS 0x0000000081700000| PB 0x0000000081600000| Untracked |  0
|  23|0x0000000081700000, 0x0000000081800000, 0x0000000081800000|100%| O|  |TAMS 0x0000000081800000| PB 0x0000000081700000| Untracked |  0
|  24|0x0000000081800000, 0x0000000081900000, 0x0000000081900000|100%| O|  |TAMS 0x0000000081900000| PB 0x0000000081800000| Untracked |  0
|  25|0x0000000081900000, 0x0000000081a00000, 0x0000000081a00000|100%| O|  |TAMS 0x0000000081a00000| PB 0x0000000081900000| Untracked |  0
|  26|0x0000000081a00000, 0x0000000081b00000, 0x0000000081b00000|100%| O|  |TAMS 0x0000000081b00000| PB 0x0000000081a00000| Untracked |  0
|  27|0x0000000081b00000, 0x0000000081c00000, 0x0000000081c00000|100%| O|  |TAMS 0x0000000081c00000| PB 0x0000000081b00000| Untracked |  0
|  28|0x0000000081c00000, 0x0000000081d00000, 0x0000000081d00000|100%| O|  |TAMS 0x0000000081d00000| PB 0x0000000081c00000| Untracked |  0
|  29|0x0000000081d00000, 0x0000000081e00000, 0x0000000081e00000|100%| O|  |TAMS 0x0000000081e00000| PB 0x0000000081d00000| Untracked |  0
|  30|0x0000000081e00000, 0x0000000081f00000, 0x0000000081f00000|100%| O|  |TAMS 0x0000000081f00000| PB 0x0000000081e00000| Untracked |  0
|  31|0x0000000081f00000, 0x0000000082000000, 0x0000000082000000|100%| O|  |TAMS 0x0000000082000000| PB 0x0000000081f00000| Untracked |  0
|  32|0x0000000082000000, 0x0000000082100000, 0x0000000082100000|100%| O|  |TAMS 0x0000000082100000| PB 0x0000000082000000| Untracked |  0
|  33|0x0000000082100000, 0x0000000082200000, 0x0000000082200000|100%|HS|  |TAMS 0x0000000082200000| PB 0x0000000082100000| Complete |  0
|  34|0x0000000082200000, 0x0000000082300000, 0x0000000082300000|100%|HS|  |TAMS 0x0000000082300000| PB 0x0000000082200000| Complete |  0
|  35|0x0000000082300000, 0x0000000082400000, 0x0000000082400000|100%|HS|  |TAMS 0x0000000082400000| PB 0x0000000082300000| Complete |  0
|  36|0x0000000082400000, 0x0000000082500000, 0x0000000082500000|100%|HC|  |TAMS 0x0000000082500000| PB 0x0000000082400000| Complete |  0
|  37|0x0000000082500000, 0x0000000082600000, 0x0000000082600000|100%|HS|  |TAMS 0x0000000082600000| PB 0x0000000082500000| Complete |  0
|  38|0x0000000082600000, 0x0000000082700000, 0x0000000082700000|100%|HC|  |TAMS 0x0000000082700000| PB 0x0000000082600000| Complete |  0
|  39|0x0000000082700000, 0x0000000082800000, 0x0000000082800000|100%|HS|  |TAMS 0x0000000082800000| PB 0x0000000082700000| Complete |  0
|  40|0x0000000082800000, 0x0000000082900000, 0x0000000082900000|100%|HS|  |TAMS 0x0000000082900000| PB 0x0000000082800000| Complete |  0
|  41|0x0000000082900000, 0x0000000082a00000, 0x0000000082a00000|100%| O|  |TAMS 0x0000000082a00000| PB 0x0000000082900000| Untracked |  0
|  42|0x0000000082a00000, 0x0000000082b00000, 0x0000000082b00000|100%| O|  |TAMS 0x0000000082b00000| PB 0x0000000082a00000| Untracked |  0
|  43|0x0000000082b00000, 0x0000000082c00000, 0x0000000082c00000|100%| O|  |TAMS 0x0000000082c00000| PB 0x0000000082b00000| Untracked |  0
|  44|0x0000000082c00000, 0x0000000082d00000, 0x0000000082d00000|100%| O|  |TAMS 0x0000000082d00000| PB 0x0000000082c00000| Untracked |  0
|  45|0x0000000082d00000, 0x0000000082e00000, 0x0000000082e00000|100%| O|  |TAMS 0x0000000082e00000| PB 0x0000000082d00000| Untracked |  0
|  46|0x0000000082e00000, 0x0000000082f00000, 0x0000000082f00000|100%| O|  |TAMS 0x0000000082f00000| PB 0x0000000082e00000| Untracked |  0
|  47|0x0000000082f00000, 0x0000000083000000, 0x0000000083000000|100%|HS|  |TAMS 0x0000000083000000| PB 0x0000000082f00000| Complete |  0
|  48|0x0000000083000000, 0x0000000083100000, 0x0000000083100000|100%|HC|  |TAMS 0x0000000083100000| PB 0x0000000083000000| Complete |  0
|  49|0x0000000083100000, 0x0000000083200000, 0x0000000083200000|100%|HC|  |TAMS 0x0000000083200000| PB 0x0000000083100000| Complete |  0
|  50|0x0000000083200000, 0x0000000083300000, 0x0000000083300000|100%| O|  |TAMS 0x0000000083300000| PB 0x0000000083200000| Untracked |  0
|  51|0x0000000083300000, 0x0000000083400000, 0x0000000083400000|100%| O|  |TAMS 0x0000000083400000| PB 0x0000000083300000| Untracked |  0
|  52|0x0000000083400000, 0x0000000083500000, 0x0000000083500000|100%| O|  |TAMS 0x0000000083500000| PB 0x0000000083400000| Untracked |  0
|  53|0x0000000083500000, 0x0000000083600000, 0x0000000083600000|100%| O|  |TAMS 0x0000000083600000| PB 0x0000000083500000| Untracked |  0
|  54|0x0000000083600000, 0x0000000083700000, 0x0000000083700000|100%|HS|  |TAMS 0x0000000083700000| PB 0x0000000083600000| Complete |  0
|  55|0x0000000083700000, 0x0000000083800000, 0x0000000083800000|100%|HS|  |TAMS 0x0000000083800000| PB 0x0000000083700000| Complete |  0
|  56|0x0000000083800000, 0x0000000083900000, 0x0000000083900000|100%| O|  |TAMS 0x0000000083900000| PB 0x0000000083800000| Untracked |  0
|  57|0x0000000083900000, 0x0000000083a00000, 0x0000000083a00000|100%| O|  |TAMS 0x0000000083a00000| PB 0x0000000083900000| Untracked |  0
|  58|0x0000000083a00000, 0x0000000083b00000, 0x0000000083b00000|100%| O|  |TAMS 0x0000000083b00000| PB 0x0000000083a00000| Untracked |  0
|  59|0x0000000083b00000, 0x0000000083c00000, 0x0000000083c00000|100%| O|  |TAMS 0x0000000083c00000| PB 0x0000000083b00000| Untracked |  0
|  60|0x0000000083c00000, 0x0000000083d00000, 0x0000000083d00000|100%| O|  |TAMS 0x0000000083d00000| PB 0x0000000083c00000| Untracked |  0
|  61|0x0000000083d00000, 0x0000000083e00000, 0x0000000083e00000|100%| O|  |TAMS 0x0000000083e00000| PB 0x0000000083d00000| Untracked |  0
|  62|0x0000000083e00000, 0x0000000083f00000, 0x0000000083f00000|100%| O|  |TAMS 0x0000000083f00000| PB 0x0000000083e00000| Untracked |  0
|  63|0x0000000083f00000, 0x0000000084000000, 0x0000000084000000|100%| O|  |TAMS 0x0000000084000000| PB 0x0000000083f00000| Untracked |  0
|  64|0x0000000084000000, 0x0000000084100000, 0x0000000084100000|100%| O|  |TAMS 0x0000000084100000| PB 0x0000000084000000| Untracked |  0
|  65|0x0000000084100000, 0x0000000084200000, 0x0000000084200000|100%| O|  |TAMS 0x0000000084200000| PB 0x0000000084100000| Untracked |  0
|  66|0x0000000084200000, 0x0000000084300000, 0x0000000084300000|100%| O|  |TAMS 0x0000000084300000| PB 0x0000000084200000| Untracked |  0
|  67|0x0000000084300000, 0x0000000084400000, 0x0000000084400000|100%|HS|  |TAMS 0x0000000084400000| PB 0x0000000084300000| Complete |  0
|  68|0x0000000084400000, 0x0000000084500000, 0x0000000084500000|100%| O|  |TAMS 0x0000000084500000| PB 0x0000000084400000| Untracked |  0
|  69|0x0000000084500000, 0x0000000084600000, 0x0000000084600000|100%| O|  |TAMS 0x0000000084600000| PB 0x0000000084500000| Untracked |  0
|  70|0x0000000084600000, 0x0000000084700000, 0x0000000084700000|100%| O|  |TAMS 0x0000000084700000| PB 0x0000000084600000| Untracked |  0
|  71|0x0000000084700000, 0x0000000084800000, 0x0000000084800000|100%| O|  |TAMS 0x0000000084800000| PB 0x0000000084700000| Untracked |  0
|  72|0x0000000084800000, 0x0000000084900000, 0x0000000084900000|100%| O|  |TAMS 0x0000000084900000| PB 0x0000000084800000| Untracked |  0
|  73|0x0000000084900000, 0x0000000084a00000, 0x0000000084a00000|100%|HS|  |TAMS 0x0000000084a00000| PB 0x0000000084900000| Complete |  0
|  74|0x0000000084a00000, 0x0000000084b00000, 0x0000000084b00000|100%|HC|  |TAMS 0x0000000084b00000| PB 0x0000000084a00000| Complete |  0
|  75|0x0000000084b00000, 0x0000000084c00000, 0x0000000084c00000|100%|HC|  |TAMS 0x0000000084c00000| PB 0x0000000084b00000| Complete |  0
|  76|0x0000000084c00000, 0x0000000084d00000, 0x0000000084d00000|100%| O|  |TAMS 0x0000000084d00000| PB 0x0000000084c00000| Untracked |  0
|  77|0x0000000084d00000, 0x0000000084e00000, 0x0000000084e00000|100%| O|  |TAMS 0x0000000084e00000| PB 0x0000000084d00000| Untracked |  0
|  78|0x0000000084e00000, 0x0000000084f00000, 0x0000000084f00000|100%| O|  |TAMS 0x0000000084f00000| PB 0x0000000084e00000| Untracked |  0
|  79|0x0000000084f00000, 0x0000000085000000, 0x0000000085000000|100%| O|  |TAMS 0x0000000085000000| PB 0x0000000084f00000| Untracked |  0
|  80|0x0000000085000000, 0x0000000085100000, 0x0000000085100000|100%| O|  |TAMS 0x0000000085100000| PB 0x0000000085000000| Untracked |  0
|  81|0x0000000085100000, 0x0000000085200000, 0x0000000085200000|100%| O|  |TAMS 0x0000000085200000| PB 0x0000000085100000| Untracked |  0
|  82|0x0000000085200000, 0x0000000085300000, 0x0000000085300000|100%| O|  |TAMS 0x0000000085300000| PB 0x0000000085200000| Untracked |  0
|  83|0x0000000085300000, 0x0000000085400000, 0x0000000085400000|100%| O|  |TAMS 0x0000000085400000| PB 0x0000000085300000| Untracked |  0
|  84|0x0000000085400000, 0x0000000085500000, 0x0000000085500000|100%| O|  |TAMS 0x0000000085500000| PB 0x0000000085400000| Untracked |  0
|  85|0x0000000085500000, 0x0000000085600000, 0x0000000085600000|100%| O|  |TAMS 0x0000000085500000| PB 0x0000000085500000| Untracked |  0
|  86|0x0000000085600000, 0x0000000085700000, 0x0000000085700000|100%| O|  |TAMS 0x0000000085700000| PB 0x0000000085600000| Untracked |  0
|  87|0x0000000085700000, 0x0000000085800000, 0x0000000085800000|100%| O|  |TAMS 0x0000000085800000| PB 0x0000000085700000| Untracked |  0
|  88|0x0000000085800000, 0x0000000085900000, 0x0000000085900000|100%| O|  |TAMS 0x0000000085900000| PB 0x0000000085800000| Untracked |  0
|  89|0x0000000085900000, 0x0000000085a00000, 0x0000000085a00000|100%| O|  |TAMS 0x0000000085a00000| PB 0x0000000085900000| Untracked |  0
|  90|0x0000000085a00000, 0x0000000085b00000, 0x0000000085b00000|100%| O|  |TAMS 0x0000000085b00000| PB 0x0000000085a00000| Untracked |  0
|  91|0x0000000085b00000, 0x0000000085c00000, 0x0000000085c00000|100%| O|  |TAMS 0x0000000085c00000| PB 0x0000000085b00000| Untracked |  0
|  92|0x0000000085c00000, 0x0000000085d00000, 0x0000000085d00000|100%| O|  |TAMS 0x0000000085d00000| PB 0x0000000085c00000| Untracked |  0
|  93|0x0000000085d00000, 0x0000000085e00000, 0x0000000085e00000|100%| O|  |TAMS 0x0000000085d00000| PB 0x0000000085d00000| Untracked |  0
|  94|0x0000000085e00000, 0x0000000085f00000, 0x0000000085f00000|100%| O|  |TAMS 0x0000000085f00000| PB 0x0000000085e00000| Untracked |  0
|  95|0x0000000085f00000, 0x0000000086000000, 0x0000000086000000|100%| O|  |TAMS 0x0000000085f00000| PB 0x0000000085f00000| Untracked |  0
|  96|0x0000000086000000, 0x0000000086100000, 0x0000000086100000|100%| O|  |TAMS 0x0000000086100000| PB 0x0000000086000000| Untracked |  0
|  97|0x0000000086100000, 0x0000000086200000, 0x0000000086200000|100%| O|  |TAMS 0x0000000086200000| PB 0x0000000086100000| Untracked |  0
|  98|0x0000000086200000, 0x0000000086300000, 0x0000000086300000|100%| O|  |TAMS 0x0000000086300000| PB 0x0000000086200000| Untracked |  0
|  99|0x0000000086300000, 0x0000000086400000, 0x0000000086400000|100%| O|  |TAMS 0x0000000086400000| PB 0x0000000086300000| Untracked |  0
| 100|0x0000000086400000, 0x0000000086500000, 0x0000000086500000|100%| O|  |TAMS 0x0000000086500000| PB 0x0000000086400000| Untracked |  0
| 101|0x0000000086500000, 0x0000000086600000, 0x0000000086600000|100%| O|  |TAMS 0x0000000086600000| PB 0x0000000086500000| Untracked |  0
| 102|0x0000000086600000, 0x0000000086700000, 0x0000000086700000|100%| O|  |TAMS 0x0000000086700000| PB 0x0000000086600000| Untracked |  0
| 103|0x0000000086700000, 0x0000000086800000, 0x0000000086800000|100%| O|  |TAMS 0x0000000086800000| PB 0x0000000086700000| Untracked |  0
| 104|0x0000000086800000, 0x0000000086900000, 0x0000000086900000|100%| O|  |TAMS 0x0000000086900000| PB 0x0000000086800000| Untracked |  0
| 105|0x0000000086900000, 0x0000000086a00000, 0x0000000086a00000|100%| O|  |TAMS 0x0000000086a00000| PB 0x0000000086900000| Untracked |  0
| 106|0x0000000086a00000, 0x0000000086b00000, 0x0000000086b00000|100%| O|  |TAMS 0x0000000086b00000| PB 0x0000000086a00000| Untracked |  0
| 107|0x0000000086b00000, 0x0000000086c00000, 0x0000000086c00000|100%| O|  |TAMS 0x0000000086c00000| PB 0x0000000086b00000| Untracked |  0
| 108|0x0000000086c00000, 0x0000000086d00000, 0x0000000086d00000|100%| O|  |TAMS 0x0000000086d00000| PB 0x0000000086c00000| Untracked |  0
| 109|0x0000000086d00000, 0x0000000086e00000, 0x0000000086e00000|100%| O|  |TAMS 0x0000000086e00000| PB 0x0000000086d00000| Untracked |  0
| 110|0x0000000086e00000, 0x0000000086f00000, 0x0000000086f00000|100%| O|  |TAMS 0x0000000086f00000| PB 0x0000000086e00000| Untracked |  0
| 111|0x0000000086f00000, 0x0000000087000000, 0x0000000087000000|100%| O|  |TAMS 0x0000000087000000| PB 0x0000000086f00000| Untracked |  0
| 112|0x0000000087000000, 0x0000000087100000, 0x0000000087100000|100%| O|  |TAMS 0x0000000087100000| PB 0x0000000087000000| Untracked |  0
| 113|0x0000000087100000, 0x0000000087200000, 0x0000000087200000|100%| O|  |TAMS 0x0000000087200000| PB 0x0000000087100000| Untracked |  0
| 114|0x0000000087200000, 0x0000000087300000, 0x0000000087300000|100%| O|  |TAMS 0x0000000087300000| PB 0x0000000087200000| Untracked |  0
| 115|0x0000000087300000, 0x0000000087400000, 0x0000000087400000|100%| O|  |TAMS 0x0000000087300000| PB 0x0000000087300000| Untracked |  0
| 116|0x0000000087400000, 0x0000000087500000, 0x0000000087500000|100%| O|  |TAMS 0x0000000087500000| PB 0x0000000087400000| Untracked |  0
| 117|0x0000000087500000, 0x0000000087600000, 0x0000000087600000|100%| O|  |TAMS 0x0000000087600000| PB 0x0000000087500000| Untracked |  0
| 118|0x0000000087600000, 0x0000000087700000, 0x0000000087700000|100%| O|  |TAMS 0x0000000087600000| PB 0x0000000087600000| Untracked |  0
| 119|0x0000000087700000, 0x0000000087800000, 0x0000000087800000|100%| O|  |TAMS 0x0000000087800000| PB 0x0000000087700000| Untracked |  0
| 120|0x0000000087800000, 0x0000000087900000, 0x0000000087900000|100%| O|  |TAMS 0x0000000087900000| PB 0x0000000087800000| Untracked |  0
| 121|0x0000000087900000, 0x0000000087a00000, 0x0000000087a00000|100%| O|  |TAMS 0x0000000087a00000| PB 0x0000000087900000| Untracked |  0
| 122|0x0000000087a00000, 0x0000000087b00000, 0x0000000087b00000|100%| O|  |TAMS 0x0000000087b00000| PB 0x0000000087a00000| Untracked |  0
| 123|0x0000000087b00000, 0x0000000087c00000, 0x0000000087c00000|100%| O|  |TAMS 0x0000000087b00000| PB 0x0000000087b00000| Untracked |  0
| 124|0x0000000087c00000, 0x0000000087d00000, 0x0000000087d00000|100%| O|  |TAMS 0x0000000087d00000| PB 0x0000000087c00000| Untracked |  0
| 125|0x0000000087d00000, 0x0000000087e00000, 0x0000000087e00000|100%| O|  |TAMS 0x0000000087d00000| PB 0x0000000087d00000| Untracked |  0
| 126|0x0000000087e00000, 0x0000000087f00000, 0x0000000087f00000|100%| O|  |TAMS 0x0000000087f00000| PB 0x0000000087e00000| Untracked |  0
| 127|0x0000000087f00000, 0x0000000088000000, 0x0000000088000000|100%| O|  |TAMS 0x0000000088000000| PB 0x0000000087f00000| Untracked |  0
| 128|0x0000000088000000, 0x0000000088100000, 0x0000000088100000|100%| O|  |TAMS 0x0000000088100000| PB 0x0000000088000000| Untracked |  0
| 129|0x0000000088100000, 0x0000000088200000, 0x0000000088200000|100%| O|  |TAMS 0x0000000088200000| PB 0x0000000088100000| Untracked |  0
| 130|0x0000000088200000, 0x0000000088300000, 0x0000000088300000|100%| O|  |TAMS 0x0000000088300000| PB 0x0000000088200000| Untracked |  0
| 131|0x0000000088300000, 0x0000000088400000, 0x0000000088400000|100%|HS|  |TAMS 0x0000000088400000| PB 0x0000000088300000| Complete |  0
| 132|0x0000000088400000, 0x0000000088500000, 0x0000000088500000|100%|HC|  |TAMS 0x0000000088500000| PB 0x0000000088400000| Complete |  0
| 133|0x0000000088500000, 0x0000000088600000, 0x0000000088600000|100%|HS|  |TAMS 0x0000000088600000| PB 0x0000000088500000| Complete |  0
| 134|0x0000000088600000, 0x0000000088700000, 0x0000000088700000|100%|HS|  |TAMS 0x0000000088700000| PB 0x0000000088600000| Complete |  0
| 135|0x0000000088700000, 0x0000000088800000, 0x0000000088800000|100%| O|  |TAMS 0x0000000088800000| PB 0x0000000088700000| Untracked |  0
| 136|0x0000000088800000, 0x0000000088900000, 0x0000000088900000|100%| O|  |TAMS 0x0000000088900000| PB 0x0000000088800000| Untracked |  0
| 137|0x0000000088900000, 0x0000000088a00000, 0x0000000088a00000|100%| O|  |TAMS 0x0000000088a00000| PB 0x0000000088900000| Untracked |  0
| 138|0x0000000088a00000, 0x0000000088b00000, 0x0000000088b00000|100%| O|  |TAMS 0x0000000088b00000| PB 0x0000000088a00000| Untracked |  0
| 139|0x0000000088b00000, 0x0000000088c00000, 0x0000000088c00000|100%| O|  |TAMS 0x0000000088c00000| PB 0x0000000088b00000| Untracked |  0
| 140|0x0000000088c00000, 0x0000000088d00000, 0x0000000088d00000|100%| O|  |TAMS 0x0000000088d00000| PB 0x0000000088c00000| Untracked |  0
| 141|0x0000000088d00000, 0x0000000088e00000, 0x0000000088e00000|100%| O|  |TAMS 0x0000000088e00000| PB 0x0000000088d00000| Untracked |  0
| 142|0x0000000088e00000, 0x0000000088f00000, 0x0000000088f00000|100%| O|  |TAMS 0x0000000088f00000| PB 0x0000000088e00000| Untracked |  0
| 143|0x0000000088f00000, 0x0000000089000000, 0x0000000089000000|100%| O|  |TAMS 0x0000000089000000| PB 0x0000000088f00000| Untracked |  0
| 144|0x0000000089000000, 0x0000000089100000, 0x0000000089100000|100%| O|  |TAMS 0x0000000089100000| PB 0x0000000089000000| Untracked |  0
| 145|0x0000000089100000, 0x0000000089200000, 0x0000000089200000|100%| O|  |TAMS 0x0000000089200000| PB 0x0000000089100000| Untracked |  0
| 146|0x0000000089200000, 0x0000000089300000, 0x0000000089300000|100%| O|  |TAMS 0x0000000089300000| PB 0x0000000089200000| Untracked |  0
| 147|0x0000000089300000, 0x0000000089400000, 0x0000000089400000|100%|HS|  |TAMS 0x0000000089400000| PB 0x0000000089300000| Complete |  0
| 148|0x0000000089400000, 0x0000000089500000, 0x0000000089500000|100%| O|  |TAMS 0x0000000089500000| PB 0x0000000089400000| Untracked |  0
| 149|0x0000000089500000, 0x0000000089600000, 0x0000000089600000|100%|HS|  |TAMS 0x0000000089600000| PB 0x0000000089500000| Complete |  0
| 150|0x0000000089600000, 0x0000000089700000, 0x0000000089700000|100%|HC|  |TAMS 0x0000000089700000| PB 0x0000000089600000| Complete |  0
| 151|0x0000000089700000, 0x0000000089800000, 0x0000000089800000|100%|HC|  |TAMS 0x0000000089800000| PB 0x0000000089700000| Complete |  0
| 152|0x0000000089800000, 0x0000000089900000, 0x0000000089900000|100%|HC|  |TAMS 0x0000000089900000| PB 0x0000000089800000| Complete |  0
| 153|0x0000000089900000, 0x0000000089a00000, 0x0000000089a00000|100%|HS|  |TAMS 0x0000000089a00000| PB 0x0000000089900000| Complete |  0
| 154|0x0000000089a00000, 0x0000000089b00000, 0x0000000089b00000|100%|HC|  |TAMS 0x0000000089b00000| PB 0x0000000089a00000| Complete |  0
| 155|0x0000000089b00000, 0x0000000089c00000, 0x0000000089c00000|100%|HS|  |TAMS 0x0000000089c00000| PB 0x0000000089b00000| Complete |  0
| 156|0x0000000089c00000, 0x0000000089d00000, 0x0000000089d00000|100%|HC|  |TAMS 0x0000000089d00000| PB 0x0000000089c00000| Complete |  0
| 157|0x0000000089d00000, 0x0000000089e00000, 0x0000000089e00000|100%|HC|  |TAMS 0x0000000089e00000| PB 0x0000000089d00000| Complete |  0
| 158|0x0000000089e00000, 0x0000000089f00000, 0x0000000089f00000|100%|HC|  |TAMS 0x0000000089f00000| PB 0x0000000089e00000| Complete |  0
| 159|0x0000000089f00000, 0x000000008a000000, 0x000000008a000000|100%| O|  |TAMS 0x000000008a000000| PB 0x0000000089f00000| Untracked |  0
| 160|0x000000008a000000, 0x000000008a100000, 0x000000008a100000|100%| O|  |TAMS 0x000000008a100000| PB 0x000000008a000000| Untracked |  0
| 161|0x000000008a100000, 0x000000008a200000, 0x000000008a200000|100%|HS|  |TAMS 0x000000008a200000| PB 0x000000008a100000| Complete |  0
| 162|0x000000008a200000, 0x000000008a300000, 0x000000008a300000|100%|HS|  |TAMS 0x000000008a300000| PB 0x000000008a200000| Complete |  0
| 163|0x000000008a300000, 0x000000008a400000, 0x000000008a400000|100%| O|  |TAMS 0x000000008a400000| PB 0x000000008a300000| Untracked |  0
| 164|0x000000008a400000, 0x000000008a500000, 0x000000008a500000|100%|HS|  |TAMS 0x000000008a500000| PB 0x000000008a400000| Complete |  0
| 165|0x000000008a500000, 0x000000008a600000, 0x000000008a600000|100%|HS|  |TAMS 0x000000008a600000| PB 0x000000008a500000| Complete |  0
| 166|0x000000008a600000, 0x000000008a700000, 0x000000008a700000|100%|HC|  |TAMS 0x000000008a700000| PB 0x000000008a600000| Complete |  0
| 167|0x000000008a700000, 0x000000008a800000, 0x000000008a800000|100%|HS|  |TAMS 0x000000008a800000| PB 0x000000008a700000| Complete |  0
| 168|0x000000008a800000, 0x000000008a900000, 0x000000008a900000|100%|HC|  |TAMS 0x000000008a900000| PB 0x000000008a800000| Complete |  0
| 169|0x000000008a900000, 0x000000008aa00000, 0x000000008aa00000|100%|HC|  |TAMS 0x000000008aa00000| PB 0x000000008a900000| Complete |  0
| 170|0x000000008aa00000, 0x000000008ab00000, 0x000000008ab00000|100%|HS|  |TAMS 0x000000008ab00000| PB 0x000000008aa00000| Complete |  0
| 171|0x000000008ab00000, 0x000000008ac00000, 0x000000008ac00000|100%|HC|  |TAMS 0x000000008ac00000| PB 0x000000008ab00000| Complete |  0
| 172|0x000000008ac00000, 0x000000008ad00000, 0x000000008ad00000|100%|HS|  |TAMS 0x000000008ad00000| PB 0x000000008ac00000| Complete |  0
| 173|0x000000008ad00000, 0x000000008ae00000, 0x000000008ae00000|100%|HC|  |TAMS 0x000000008ae00000| PB 0x000000008ad00000| Complete |  0
| 174|0x000000008ae00000, 0x000000008af00000, 0x000000008af00000|100%|HS|  |TAMS 0x000000008af00000| PB 0x000000008ae00000| Complete |  0
| 175|0x000000008af00000, 0x000000008b000000, 0x000000008b000000|100%|HC|  |TAMS 0x000000008b000000| PB 0x000000008af00000| Complete |  0
| 176|0x000000008b000000, 0x000000008b100000, 0x000000008b100000|100%|HS|  |TAMS 0x000000008b100000| PB 0x000000008b000000| Complete |  0
| 177|0x000000008b100000, 0x000000008b200000, 0x000000008b200000|100%|HC|  |TAMS 0x000000008b200000| PB 0x000000008b100000| Complete |  0
| 178|0x000000008b200000, 0x000000008b300000, 0x000000008b300000|100%|HC|  |TAMS 0x000000008b300000| PB 0x000000008b200000| Complete |  0
| 179|0x000000008b300000, 0x000000008b400000, 0x000000008b400000|100%| O|  |TAMS 0x000000008b400000| PB 0x000000008b300000| Untracked |  0
| 180|0x000000008b400000, 0x000000008b500000, 0x000000008b500000|100%| O|  |TAMS 0x000000008b500000| PB 0x000000008b400000| Untracked |  0
| 181|0x000000008b500000, 0x000000008b600000, 0x000000008b600000|100%| O|  |TAMS 0x000000008b600000| PB 0x000000008b500000| Untracked |  0
| 182|0x000000008b600000, 0x000000008b700000, 0x000000008b700000|100%| O|  |TAMS 0x000000008b700000| PB 0x000000008b600000| Untracked |  0
| 183|0x000000008b700000, 0x000000008b800000, 0x000000008b800000|100%|HS|  |TAMS 0x000000008b800000| PB 0x000000008b700000| Complete |  0
| 184|0x000000008b800000, 0x000000008b900000, 0x000000008b900000|100%|HS|  |TAMS 0x000000008b900000| PB 0x000000008b800000| Complete |  0
| 185|0x000000008b900000, 0x000000008ba00000, 0x000000008ba00000|100%|HS|  |TAMS 0x000000008ba00000| PB 0x000000008b900000| Complete |  0
| 186|0x000000008ba00000, 0x000000008bb00000, 0x000000008bb00000|100%|HC|  |TAMS 0x000000008bb00000| PB 0x000000008ba00000| Complete |  0
| 187|0x000000008bb00000, 0x000000008bc00000, 0x000000008bc00000|100%|HS|  |TAMS 0x000000008bc00000| PB 0x000000008bb00000| Complete |  0
| 188|0x000000008bc00000, 0x000000008bd00000, 0x000000008bd00000|100%|HS|  |TAMS 0x000000008bd00000| PB 0x000000008bc00000| Complete |  0
| 189|0x000000008bd00000, 0x000000008be00000, 0x000000008be00000|100%|HS|  |TAMS 0x000000008be00000| PB 0x000000008bd00000| Complete |  0
| 190|0x000000008be00000, 0x000000008bf00000, 0x000000008bf00000|100%|HS|  |TAMS 0x000000008bf00000| PB 0x000000008be00000| Complete |  0
| 191|0x000000008bf00000, 0x000000008c000000, 0x000000008c000000|100%|HC|  |TAMS 0x000000008c000000| PB 0x000000008bf00000| Complete |  0
| 192|0x000000008c000000, 0x000000008c100000, 0x000000008c100000|100%|HS|  |TAMS 0x000000008c100000| PB 0x000000008c000000| Complete |  0
| 193|0x000000008c100000, 0x000000008c200000, 0x000000008c200000|100%|HC|  |TAMS 0x000000008c200000| PB 0x000000008c100000| Complete |  0
| 194|0x000000008c200000, 0x000000008c300000, 0x000000008c300000|100%| O|  |TAMS 0x000000008c300000| PB 0x000000008c200000| Untracked |  0
| 195|0x000000008c300000, 0x000000008c400000, 0x000000008c400000|100%| O|  |TAMS 0x000000008c400000| PB 0x000000008c300000| Untracked |  0
| 196|0x000000008c400000, 0x000000008c500000, 0x000000008c500000|100%| O|  |TAMS 0x000000008c500000| PB 0x000000008c400000| Untracked |  0
| 197|0x000000008c500000, 0x000000008c600000, 0x000000008c600000|100%| O|  |TAMS 0x000000008c600000| PB 0x000000008c500000| Untracked |  0
| 198|0x000000008c600000, 0x000000008c700000, 0x000000008c700000|100%| O|  |TAMS 0x000000008c700000| PB 0x000000008c600000| Untracked |  0
| 199|0x000000008c700000, 0x000000008c800000, 0x000000008c800000|100%| O|  |TAMS 0x000000008c800000| PB 0x000000008c700000| Untracked |  0
| 200|0x000000008c800000, 0x000000008c900000, 0x000000008c900000|100%| O|  |TAMS 0x000000008c900000| PB 0x000000008c800000| Untracked |  0
| 201|0x000000008c900000, 0x000000008ca00000, 0x000000008ca00000|100%| O|  |TAMS 0x000000008ca00000| PB 0x000000008c900000| Untracked |  0
| 202|0x000000008ca00000, 0x000000008cb00000, 0x000000008cb00000|100%| O|  |TAMS 0x000000008cb00000| PB 0x000000008ca00000| Untracked |  0
| 203|0x000000008cb00000, 0x000000008cc00000, 0x000000008cc00000|100%| O|  |TAMS 0x000000008cc00000| PB 0x000000008cb00000| Untracked |  0
| 204|0x000000008cc00000, 0x000000008cd00000, 0x000000008cd00000|100%| O|  |TAMS 0x000000008cd00000| PB 0x000000008cc00000| Untracked |  0
| 205|0x000000008cd00000, 0x000000008ce00000, 0x000000008ce00000|100%| O|  |TAMS 0x000000008ce00000| PB 0x000000008cd00000| Untracked |  0
| 206|0x000000008ce00000, 0x000000008cf00000, 0x000000008cf00000|100%|HS|  |TAMS 0x000000008cf00000| PB 0x000000008ce00000| Complete |  0
| 207|0x000000008cf00000, 0x000000008d000000, 0x000000008d000000|100%|HC|  |TAMS 0x000000008d000000| PB 0x000000008cf00000| Complete |  0
| 208|0x000000008d000000, 0x000000008d100000, 0x000000008d100000|100%|HC|  |TAMS 0x000000008d100000| PB 0x000000008d000000| Complete |  0
| 209|0x000000008d100000, 0x000000008d200000, 0x000000008d200000|100%|HC|  |TAMS 0x000000008d200000| PB 0x000000008d100000| Complete |  0
| 210|0x000000008d200000, 0x000000008d300000, 0x000000008d300000|100%| O|  |TAMS 0x000000008d300000| PB 0x000000008d200000| Untracked |  0
| 211|0x000000008d300000, 0x000000008d400000, 0x000000008d400000|100%| O|  |TAMS 0x000000008d400000| PB 0x000000008d300000| Untracked |  0
| 212|0x000000008d400000, 0x000000008d500000, 0x000000008d500000|100%|HS|  |TAMS 0x000000008d500000| PB 0x000000008d400000| Complete |  0
| 213|0x000000008d500000, 0x000000008d600000, 0x000000008d600000|100%|HC|  |TAMS 0x000000008d600000| PB 0x000000008d500000| Complete |  0
| 214|0x000000008d600000, 0x000000008d700000, 0x000000008d700000|100%| O|  |TAMS 0x000000008d700000| PB 0x000000008d600000| Untracked |  0
| 215|0x000000008d700000, 0x000000008d800000, 0x000000008d800000|100%| O|  |TAMS 0x000000008d800000| PB 0x000000008d700000| Untracked |  0
| 216|0x000000008d800000, 0x000000008d900000, 0x000000008d900000|100%| O|  |TAMS 0x000000008d900000| PB 0x000000008d800000| Untracked |  0
| 217|0x000000008d900000, 0x000000008da00000, 0x000000008da00000|100%| O|  |TAMS 0x000000008da00000| PB 0x000000008d900000| Untracked |  0
| 218|0x000000008da00000, 0x000000008db00000, 0x000000008db00000|100%| O|  |TAMS 0x000000008db00000| PB 0x000000008da00000| Untracked |  0
| 219|0x000000008db00000, 0x000000008dc00000, 0x000000008dc00000|100%| O|  |TAMS 0x000000008dc00000| PB 0x000000008db00000| Untracked |  0
| 220|0x000000008dc00000, 0x000000008dd00000, 0x000000008dd00000|100%|HS|  |TAMS 0x000000008dd00000| PB 0x000000008dc00000| Complete |  0
| 221|0x000000008dd00000, 0x000000008de00000, 0x000000008de00000|100%|HC|  |TAMS 0x000000008de00000| PB 0x000000008dd00000| Complete |  0
| 222|0x000000008de00000, 0x000000008df00000, 0x000000008df00000|100%|HC|  |TAMS 0x000000008df00000| PB 0x000000008de00000| Complete |  0
| 223|0x000000008df00000, 0x000000008e000000, 0x000000008e000000|100%|HC|  |TAMS 0x000000008e000000| PB 0x000000008df00000| Complete |  0
| 224|0x000000008e000000, 0x000000008e100000, 0x000000008e100000|100%| O|  |TAMS 0x000000008e100000| PB 0x000000008e000000| Untracked |  0
| 225|0x000000008e100000, 0x000000008e200000, 0x000000008e200000|100%|HS|  |TAMS 0x000000008e200000| PB 0x000000008e100000| Complete |  0
| 226|0x000000008e200000, 0x000000008e300000, 0x000000008e300000|100%| O|  |TAMS 0x000000008e300000| PB 0x000000008e200000| Untracked |  0
| 227|0x000000008e300000, 0x000000008e400000, 0x000000008e400000|100%|HS|  |TAMS 0x000000008e400000| PB 0x000000008e300000| Complete |  0
| 228|0x000000008e400000, 0x000000008e500000, 0x000000008e500000|100%| O|  |TAMS 0x000000008e500000| PB 0x000000008e400000| Untracked |  0
| 229|0x000000008e500000, 0x000000008e600000, 0x000000008e600000|100%|HS|  |TAMS 0x000000008e600000| PB 0x000000008e500000| Complete |  0
| 230|0x000000008e600000, 0x000000008e700000, 0x000000008e700000|100%| O|  |TAMS 0x000000008e700000| PB 0x000000008e600000| Untracked |  0
| 231|0x000000008e700000, 0x000000008e800000, 0x000000008e800000|100%|HS|  |TAMS 0x000000008e800000| PB 0x000000008e700000| Complete |  0
| 232|0x000000008e800000, 0x000000008e900000, 0x000000008e900000|100%| O|  |TAMS 0x000000008e900000| PB 0x000000008e800000| Untracked |  0
| 233|0x000000008e900000, 0x000000008ea00000, 0x000000008ea00000|100%| O|  |TAMS 0x000000008ea00000| PB 0x000000008e900000| Untracked |  0
| 234|0x000000008ea00000, 0x000000008eb00000, 0x000000008eb00000|100%| O|  |TAMS 0x000000008eb00000| PB 0x000000008ea00000| Untracked |  0
| 235|0x000000008eb00000, 0x000000008ec00000, 0x000000008ec00000|100%|HS|  |TAMS 0x000000008ec00000| PB 0x000000008eb00000| Complete |  0
| 236|0x000000008ec00000, 0x000000008ed00000, 0x000000008ed00000|100%|HC|  |TAMS 0x000000008ed00000| PB 0x000000008ec00000| Complete |  0
| 237|0x000000008ed00000, 0x000000008ee00000, 0x000000008ee00000|100%| O|  |TAMS 0x000000008ee00000| PB 0x000000008ed00000| Untracked |  0
| 238|0x000000008ee00000, 0x000000008ef00000, 0x000000008ef00000|100%| O|  |TAMS 0x000000008ef00000| PB 0x000000008ee00000| Untracked |  0
| 239|0x000000008ef00000, 0x000000008f000000, 0x000000008f000000|100%| O|  |TAMS 0x000000008f000000| PB 0x000000008ef00000| Untracked |  0
| 240|0x000000008f000000, 0x000000008f100000, 0x000000008f100000|100%| O|  |TAMS 0x000000008f100000| PB 0x000000008f000000| Untracked |  0
| 241|0x000000008f100000, 0x000000008f200000, 0x000000008f200000|100%| O|  |TAMS 0x000000008f200000| PB 0x000000008f100000| Untracked |  0
| 242|0x000000008f200000, 0x000000008f300000, 0x000000008f300000|100%| O|  |TAMS 0x000000008f300000| PB 0x000000008f200000| Untracked |  0
| 243|0x000000008f300000, 0x000000008f400000, 0x000000008f400000|100%|HS|  |TAMS 0x000000008f400000| PB 0x000000008f300000| Complete |  0
| 244|0x000000008f400000, 0x000000008f500000, 0x000000008f500000|100%|HC|  |TAMS 0x000000008f500000| PB 0x000000008f400000| Complete |  0
| 245|0x000000008f500000, 0x000000008f600000, 0x000000008f600000|100%|HC|  |TAMS 0x000000008f600000| PB 0x000000008f500000| Complete |  0
| 246|0x000000008f600000, 0x000000008f700000, 0x000000008f700000|100%| O|  |TAMS 0x000000008f700000| PB 0x000000008f600000| Untracked |  0
| 247|0x000000008f700000, 0x000000008f800000, 0x000000008f800000|100%| O|  |TAMS 0x000000008f800000| PB 0x000000008f700000| Untracked |  0
| 248|0x000000008f800000, 0x000000008f900000, 0x000000008f900000|100%| O|  |TAMS 0x000000008f900000| PB 0x000000008f800000| Untracked |  0
| 249|0x000000008f900000, 0x000000008fa00000, 0x000000008fa00000|100%|HS|  |TAMS 0x000000008fa00000| PB 0x000000008f900000| Complete |  0
| 250|0x000000008fa00000, 0x000000008fb00000, 0x000000008fb00000|100%|HC|  |TAMS 0x000000008fb00000| PB 0x000000008fa00000| Complete |  0
| 251|0x000000008fb00000, 0x000000008fc00000, 0x000000008fc00000|100%| O|  |TAMS 0x000000008fc00000| PB 0x000000008fb00000| Untracked |  0
| 252|0x000000008fc00000, 0x000000008fd00000, 0x000000008fd00000|100%| O|  |TAMS 0x000000008fd00000| PB 0x000000008fc00000| Untracked |  0
| 253|0x000000008fd00000, 0x000000008fe00000, 0x000000008fe00000|100%| O|  |TAMS 0x000000008fe00000| PB 0x000000008fd00000| Untracked |  0
| 254|0x000000008fe00000, 0x000000008ff00000, 0x000000008ff00000|100%|HS|  |TAMS 0x000000008ff00000| PB 0x000000008fe00000| Complete |  0
| 255|0x000000008ff00000, 0x0000000090000000, 0x0000000090000000|100%|HC|  |TAMS 0x0000000090000000| PB 0x000000008ff00000| Complete |  0
| 256|0x0000000090000000, 0x0000000090100000, 0x0000000090100000|100%| O|  |TAMS 0x0000000090100000| PB 0x0000000090000000| Untracked |  0
| 257|0x0000000090100000, 0x0000000090200000, 0x0000000090200000|100%| O|  |TAMS 0x0000000090200000| PB 0x0000000090100000| Untracked |  0
| 258|0x0000000090200000, 0x0000000090300000, 0x0000000090300000|100%| O|  |TAMS 0x0000000090300000| PB 0x0000000090200000| Untracked |  0
| 259|0x0000000090300000, 0x0000000090400000, 0x0000000090400000|100%|HS|  |TAMS 0x0000000090400000| PB 0x0000000090300000| Complete |  0
| 260|0x0000000090400000, 0x0000000090500000, 0x0000000090500000|100%|HC|  |TAMS 0x0000000090500000| PB 0x0000000090400000| Complete |  0
| 261|0x0000000090500000, 0x0000000090600000, 0x0000000090600000|100%| O|  |TAMS 0x0000000090600000| PB 0x0000000090500000| Untracked |  0
| 262|0x0000000090600000, 0x0000000090700000, 0x0000000090700000|100%| O|  |TAMS 0x0000000090700000| PB 0x0000000090600000| Untracked |  0
| 263|0x0000000090700000, 0x0000000090800000, 0x0000000090800000|100%| O|  |TAMS 0x0000000090800000| PB 0x0000000090700000| Untracked |  0
| 264|0x0000000090800000, 0x0000000090900000, 0x0000000090900000|100%| O|  |TAMS 0x0000000090900000| PB 0x0000000090800000| Untracked |  0
| 265|0x0000000090900000, 0x0000000090a00000, 0x0000000090a00000|100%| O|  |TAMS 0x0000000090900000| PB 0x0000000090900000| Untracked |  0
| 266|0x0000000090a00000, 0x0000000090b00000, 0x0000000090b00000|100%| O|  |TAMS 0x0000000090a00000| PB 0x0000000090a00000| Untracked |  0
| 267|0x0000000090b00000, 0x0000000090c00000, 0x0000000090c00000|100%|HS|  |TAMS 0x0000000090c00000| PB 0x0000000090b00000| Complete |  0
| 268|0x0000000090c00000, 0x0000000090d00000, 0x0000000090d00000|100%|HC|  |TAMS 0x0000000090d00000| PB 0x0000000090c00000| Complete |  0
| 269|0x0000000090d00000, 0x0000000090e00000, 0x0000000090e00000|100%|HC|  |TAMS 0x0000000090e00000| PB 0x0000000090d00000| Complete |  0
| 270|0x0000000090e00000, 0x0000000090f00000, 0x0000000090f00000|100%| O|  |TAMS 0x0000000090e00000| PB 0x0000000090e00000| Untracked |  0
| 271|0x0000000090f00000, 0x0000000091000000, 0x0000000091000000|100%| O|  |TAMS 0x0000000090f00000| PB 0x0000000090f00000| Untracked |  0
| 272|0x0000000091000000, 0x0000000091100000, 0x0000000091100000|100%| O|  |TAMS 0x0000000091000000| PB 0x0000000091000000| Untracked |  0
| 273|0x0000000091100000, 0x0000000091200000, 0x0000000091200000|100%| O|  |TAMS 0x0000000091100000| PB 0x0000000091100000| Untracked |  0
| 274|0x0000000091200000, 0x0000000091300000, 0x0000000091300000|100%| O|  |TAMS 0x0000000091200000| PB 0x0000000091200000| Untracked |  0
| 275|0x0000000091300000, 0x0000000091400000, 0x0000000091400000|100%| O|  |TAMS 0x0000000091300000| PB 0x0000000091300000| Untracked |  0
| 276|0x0000000091400000, 0x0000000091500000, 0x0000000091500000|100%| O|  |TAMS 0x0000000091400000| PB 0x0000000091400000| Untracked |  0
| 277|0x0000000091500000, 0x0000000091600000, 0x0000000091600000|100%| O|  |TAMS 0x0000000091500000| PB 0x0000000091500000| Untracked |  0
| 278|0x0000000091600000, 0x0000000091700000, 0x0000000091700000|100%| O|  |TAMS 0x0000000091600000| PB 0x0000000091600000| Untracked |  0
| 279|0x0000000091700000, 0x0000000091800000, 0x0000000091800000|100%| O|  |TAMS 0x0000000091700000| PB 0x0000000091700000| Untracked |  0
| 280|0x0000000091800000, 0x0000000091900000, 0x0000000091900000|100%| O|  |TAMS 0x0000000091800000| PB 0x0000000091800000| Untracked |  0
| 281|0x0000000091900000, 0x0000000091a00000, 0x0000000091a00000|100%| O|  |TAMS 0x0000000091a00000| PB 0x0000000091900000| Untracked |  0
| 282|0x0000000091a00000, 0x0000000091b00000, 0x0000000091b00000|100%| O|  |TAMS 0x0000000091b00000| PB 0x0000000091a00000| Untracked |  0
| 283|0x0000000091b00000, 0x0000000091c00000, 0x0000000091c00000|100%| O|  |TAMS 0x0000000091c00000| PB 0x0000000091b00000| Untracked |  0
| 284|0x0000000091c00000, 0x0000000091d00000, 0x0000000091d00000|100%| O|  |TAMS 0x0000000091d00000| PB 0x0000000091c00000| Untracked |  0
| 285|0x0000000091d00000, 0x0000000091e00000, 0x0000000091e00000|100%| O|  |TAMS 0x0000000091e00000| PB 0x0000000091d00000| Untracked |  0
| 286|0x0000000091e00000, 0x0000000091f00000, 0x0000000091f00000|100%| O|  |TAMS 0x0000000091f00000| PB 0x0000000091e00000| Untracked |  0
| 287|0x0000000091f00000, 0x0000000092000000, 0x0000000092000000|100%| O|  |TAMS 0x0000000092000000| PB 0x0000000091f00000| Untracked |  0
| 288|0x0000000092000000, 0x0000000092100000, 0x0000000092100000|100%| O|  |TAMS 0x0000000092100000| PB 0x0000000092000000| Untracked |  0
| 289|0x0000000092100000, 0x0000000092200000, 0x0000000092200000|100%| O|  |TAMS 0x0000000092200000| PB 0x0000000092100000| Untracked |  0
| 290|0x0000000092200000, 0x0000000092300000, 0x0000000092300000|100%| O|  |TAMS 0x0000000092300000| PB 0x0000000092200000| Untracked |  0
| 291|0x0000000092300000, 0x0000000092400000, 0x0000000092400000|100%| O|  |TAMS 0x0000000092400000| PB 0x0000000092300000| Untracked |  0
| 292|0x0000000092400000, 0x0000000092500000, 0x0000000092500000|100%| O|  |TAMS 0x0000000092500000| PB 0x0000000092400000| Untracked |  0
| 293|0x0000000092500000, 0x0000000092600000, 0x0000000092600000|100%| O|  |TAMS 0x0000000092600000| PB 0x0000000092500000| Untracked |  0
| 294|0x0000000092600000, 0x0000000092700000, 0x0000000092700000|100%| O|  |TAMS 0x0000000092680000| PB 0x0000000092600000| Untracked |  0
| 295|0x0000000092700000, 0x0000000092800000, 0x0000000092800000|100%| O|  |TAMS 0x0000000092700000| PB 0x0000000092700000| Untracked |  0
| 296|0x0000000092800000, 0x0000000092900000, 0x0000000092900000|100%| O|  |TAMS 0x0000000092800000| PB 0x0000000092800000| Untracked |  0
| 297|0x0000000092900000, 0x0000000092a00000, 0x0000000092a00000|100%| O|  |TAMS 0x0000000092900000| PB 0x0000000092900000| Untracked |  0
| 298|0x0000000092a00000, 0x0000000092b00000, 0x0000000092b00000|100%| O|  |TAMS 0x0000000092a00000| PB 0x0000000092a00000| Untracked |  0
| 299|0x0000000092b00000, 0x0000000092c00000, 0x0000000092c00000|100%| O|  |TAMS 0x0000000092b00000| PB 0x0000000092b00000| Untracked |  0
| 300|0x0000000092c00000, 0x0000000092d00000, 0x0000000092d00000|100%| O|  |TAMS 0x0000000092c00000| PB 0x0000000092c00000| Untracked |  0
| 301|0x0000000092d00000, 0x0000000092e00000, 0x0000000092e00000|100%| O|  |TAMS 0x0000000092d00000| PB 0x0000000092d00000| Untracked |  0
| 302|0x0000000092e00000, 0x0000000092f00000, 0x0000000092f00000|100%| O|  |TAMS 0x0000000092e00000| PB 0x0000000092e00000| Untracked |  0
| 303|0x0000000092f00000, 0x0000000093000000, 0x0000000093000000|100%| O|  |TAMS 0x0000000092f00000| PB 0x0000000092f00000| Untracked |  0
| 304|0x0000000093000000, 0x0000000093100000, 0x0000000093100000|100%| O|  |TAMS 0x0000000093000000| PB 0x0000000093000000| Untracked |  0
| 305|0x0000000093100000, 0x0000000093200000, 0x0000000093200000|100%| O|  |TAMS 0x0000000093100000| PB 0x0000000093100000| Untracked |  0
| 306|0x0000000093200000, 0x0000000093300000, 0x0000000093300000|100%| O|  |TAMS 0x0000000093200000| PB 0x0000000093200000| Untracked |  0
| 307|0x0000000093300000, 0x0000000093400000, 0x0000000093400000|100%| O|  |TAMS 0x0000000093300000| PB 0x0000000093300000| Untracked |  0
| 308|0x0000000093400000, 0x0000000093500000, 0x0000000093500000|100%| O|  |TAMS 0x0000000093400000| PB 0x0000000093400000| Untracked |  0
| 309|0x0000000093500000, 0x0000000093600000, 0x0000000093600000|100%| O|  |TAMS 0x0000000093500000| PB 0x0000000093500000| Untracked |  0
| 310|0x0000000093600000, 0x0000000093700000, 0x0000000093700000|100%| O|  |TAMS 0x0000000093600000| PB 0x0000000093600000| Untracked |  0
| 311|0x0000000093700000, 0x0000000093800000, 0x0000000093800000|100%| O|  |TAMS 0x0000000093700000| PB 0x0000000093700000| Untracked |  0
| 312|0x0000000093800000, 0x0000000093900000, 0x0000000093900000|100%| O|  |TAMS 0x0000000093800000| PB 0x0000000093800000| Untracked |  0
| 313|0x0000000093900000, 0x0000000093a00000, 0x0000000093a00000|100%| O|  |TAMS 0x0000000093900000| PB 0x0000000093900000| Untracked |  0
| 314|0x0000000093a00000, 0x0000000093b00000, 0x0000000093b00000|100%| O|  |TAMS 0x0000000093a00000| PB 0x0000000093a00000| Untracked |  0
| 315|0x0000000093b00000, 0x0000000093c00000, 0x0000000093c00000|100%| O|  |TAMS 0x0000000093b00000| PB 0x0000000093b00000| Untracked |  0
| 316|0x0000000093c00000, 0x0000000093d00000, 0x0000000093d00000|100%| O|  |TAMS 0x0000000093c00000| PB 0x0000000093c00000| Untracked |  0
| 317|0x0000000093d00000, 0x0000000093e00000, 0x0000000093e00000|100%| O|  |TAMS 0x0000000093d00000| PB 0x0000000093d00000| Untracked |  0
| 318|0x0000000093e00000, 0x0000000093f00000, 0x0000000093f00000|100%| O|  |TAMS 0x0000000093e00000| PB 0x0000000093e00000| Untracked |  0
| 319|0x0000000093f00000, 0x0000000094000000, 0x0000000094000000|100%| O|  |TAMS 0x0000000093f00000| PB 0x0000000093f00000| Untracked |  0
| 320|0x0000000094000000, 0x0000000094100000, 0x0000000094100000|100%| O|  |TAMS 0x0000000094000000| PB 0x0000000094000000| Untracked |  0
| 321|0x0000000094100000, 0x0000000094200000, 0x0000000094200000|100%| O|  |TAMS 0x0000000094100000| PB 0x0000000094100000| Untracked |  0
| 322|0x0000000094200000, 0x0000000094300000, 0x0000000094300000|100%| O|  |TAMS 0x0000000094200000| PB 0x0000000094200000| Untracked |  0
| 323|0x0000000094300000, 0x0000000094400000, 0x0000000094400000|100%| O|  |TAMS 0x0000000094300000| PB 0x0000000094300000| Untracked |  0
| 324|0x0000000094400000, 0x0000000094500000, 0x0000000094500000|100%| O|  |TAMS 0x0000000094400000| PB 0x0000000094400000| Untracked |  0
| 325|0x0000000094500000, 0x0000000094600000, 0x0000000094600000|100%| O|  |TAMS 0x0000000094500000| PB 0x0000000094500000| Untracked |  0
| 326|0x0000000094600000, 0x0000000094700000, 0x0000000094700000|100%| O|  |TAMS 0x0000000094600000| PB 0x0000000094600000| Untracked |  0
| 327|0x0000000094700000, 0x0000000094800000, 0x0000000094800000|100%| O|  |TAMS 0x0000000094700000| PB 0x0000000094700000| Untracked |  0
| 328|0x0000000094800000, 0x0000000094900000, 0x0000000094900000|100%| O|  |TAMS 0x0000000094800000| PB 0x0000000094800000| Untracked |  0
| 329|0x0000000094900000, 0x0000000094a00000, 0x0000000094a00000|100%| O|  |TAMS 0x0000000094900000| PB 0x0000000094900000| Untracked |  0
| 330|0x0000000094a00000, 0x0000000094b00000, 0x0000000094b00000|100%| O|  |TAMS 0x0000000094a00000| PB 0x0000000094a00000| Untracked |  0
| 331|0x0000000094b00000, 0x0000000094c00000, 0x0000000094c00000|100%| O|  |TAMS 0x0000000094b00000| PB 0x0000000094b00000| Untracked |  0
| 332|0x0000000094c00000, 0x0000000094d00000, 0x0000000094d00000|100%| O|  |TAMS 0x0000000094c00000| PB 0x0000000094c00000| Untracked |  0
| 333|0x0000000094d00000, 0x0000000094e00000, 0x0000000094e00000|100%| O|  |TAMS 0x0000000094d00000| PB 0x0000000094d00000| Untracked |  0
| 334|0x0000000094e00000, 0x0000000094f00000, 0x0000000094f00000|100%| O|  |TAMS 0x0000000094e00000| PB 0x0000000094e00000| Untracked |  0
| 335|0x0000000094f00000, 0x0000000095000000, 0x0000000095000000|100%| O|  |TAMS 0x0000000094f00000| PB 0x0000000094f00000| Untracked |  0
| 336|0x0000000095000000, 0x0000000095100000, 0x0000000095100000|100%| O|  |TAMS 0x0000000095000000| PB 0x0000000095000000| Untracked |  0
| 337|0x0000000095100000, 0x0000000095200000, 0x0000000095200000|100%| O|  |TAMS 0x0000000095100000| PB 0x0000000095100000| Untracked |  0
| 338|0x0000000095200000, 0x0000000095300000, 0x0000000095300000|100%| O|  |TAMS 0x0000000095200000| PB 0x0000000095200000| Untracked |  0
| 339|0x0000000095300000, 0x0000000095400000, 0x0000000095400000|100%| O|  |TAMS 0x0000000095300000| PB 0x0000000095300000| Untracked |  0
| 340|0x0000000095400000, 0x00000000954d94f0, 0x0000000095500000| 84%| O|  |TAMS 0x0000000095400000| PB 0x0000000095400000| Untracked |  0
| 341|0x0000000095500000, 0x0000000095500000, 0x0000000095600000|  0%| F|  |TAMS 0x0000000095500000| PB 0x0000000095500000| Untracked |  0
| 342|0x0000000095600000, 0x0000000095600000, 0x0000000095700000|  0%| F|  |TAMS 0x0000000095600000| PB 0x0000000095600000| Untracked |  0
| 343|0x0000000095700000, 0x0000000095700000, 0x0000000095800000|  0%| F|  |TAMS 0x0000000095700000| PB 0x0000000095700000| Untracked |  0
| 344|0x0000000095800000, 0x0000000095800000, 0x0000000095900000|  0%| F|  |TAMS 0x0000000095800000| PB 0x0000000095800000| Untracked |  0
| 345|0x0000000095900000, 0x0000000095900000, 0x0000000095a00000|  0%| F|  |TAMS 0x0000000095900000| PB 0x0000000095900000| Untracked |  0
| 346|0x0000000095a00000, 0x0000000095a00000, 0x0000000095b00000|  0%| F|  |TAMS 0x0000000095a00000| PB 0x0000000095a00000| Untracked |  0
| 347|0x0000000095b00000, 0x0000000095b00000, 0x0000000095c00000|  0%| F|  |TAMS 0x0000000095b00000| PB 0x0000000095b00000| Untracked |  0
| 348|0x0000000095c00000, 0x0000000095c00000, 0x0000000095d00000|  0%| F|  |TAMS 0x0000000095c00000| PB 0x0000000095c00000| Untracked |  0
| 349|0x0000000095d00000, 0x0000000095d00000, 0x0000000095e00000|  0%| F|  |TAMS 0x0000000095d00000| PB 0x0000000095d00000| Untracked |  0
| 350|0x0000000095e00000, 0x0000000095e00000, 0x0000000095f00000|  0%| F|  |TAMS 0x0000000095e00000| PB 0x0000000095e00000| Untracked |  0
| 351|0x0000000095f00000, 0x0000000095f00000, 0x0000000096000000|  0%| F|  |TAMS 0x0000000095f00000| PB 0x0000000095f00000| Untracked |  0
| 352|0x0000000096000000, 0x0000000096000000, 0x0000000096100000|  0%| F|  |TAMS 0x0000000096000000| PB 0x0000000096000000| Untracked |  0
| 353|0x0000000096100000, 0x0000000096100000, 0x0000000096200000|  0%| F|  |TAMS 0x0000000096100000| PB 0x0000000096100000| Untracked |  0
| 354|0x0000000096200000, 0x0000000096300000, 0x0000000096300000|100%| S|CS|TAMS 0x0000000096200000| PB 0x0000000096200000| Complete |  0
| 355|0x0000000096300000, 0x0000000096400000, 0x0000000096400000|100%| S|CS|TAMS 0x0000000096300000| PB 0x0000000096300000| Complete |  0
|2004|0x00000000fd400000, 0x00000000fd500000, 0x00000000fd500000|100%| O|  |TAMS 0x00000000fd500000| PB 0x00000000fd400000| Untracked |  0
|2005|0x00000000fd500000, 0x00000000fd600000, 0x00000000fd600000|100%| O|  |TAMS 0x00000000fd600000| PB 0x00000000fd500000| Untracked |  0
|2006|0x00000000fd600000, 0x00000000fd700000, 0x00000000fd700000|100%| O|  |TAMS 0x00000000fd700000| PB 0x00000000fd600000| Untracked |  0
|2007|0x00000000fd700000, 0x00000000fd800000, 0x00000000fd800000|100%| O|  |TAMS 0x00000000fd800000| PB 0x00000000fd700000| Untracked |  0
|2008|0x00000000fd800000, 0x00000000fd900000, 0x00000000fd900000|100%| O|  |TAMS 0x00000000fd900000| PB 0x00000000fd800000| Untracked |  0
|2009|0x00000000fd900000, 0x00000000fda00000, 0x00000000fda00000|100%| O|  |TAMS 0x00000000fda00000| PB 0x00000000fd900000| Untracked |  0
|2010|0x00000000fda00000, 0x00000000fdb00000, 0x00000000fdb00000|100%| O|  |TAMS 0x00000000fdb00000| PB 0x00000000fda00000| Untracked |  0
|2011|0x00000000fdb00000, 0x00000000fdc00000, 0x00000000fdc00000|100%| O|  |TAMS 0x00000000fdc00000| PB 0x00000000fdb00000| Untracked |  0
|2012|0x00000000fdc00000, 0x00000000fdd00000, 0x00000000fdd00000|100%| O|  |TAMS 0x00000000fdd00000| PB 0x00000000fdc00000| Untracked |  0
|2013|0x00000000fdd00000, 0x00000000fde00000, 0x00000000fde00000|100%| O|  |TAMS 0x00000000fde00000| PB 0x00000000fdd00000| Untracked |  0
|2014|0x00000000fde00000, 0x00000000fdf00000, 0x00000000fdf00000|100%| O|  |TAMS 0x00000000fdf00000| PB 0x00000000fde00000| Untracked |  0
|2015|0x00000000fdf00000, 0x00000000fe000000, 0x00000000fe000000|100%| O|  |TAMS 0x00000000fe000000| PB 0x00000000fdf00000| Untracked |  0
|2016|0x00000000fe000000, 0x00000000fe100000, 0x00000000fe100000|100%| O|  |TAMS 0x00000000fe100000| PB 0x00000000fe000000| Untracked |  0
|2017|0x00000000fe100000, 0x00000000fe200000, 0x00000000fe200000|100%| S|CS|TAMS 0x00000000fe100000| PB 0x00000000fe100000| Complete |  0
|2018|0x00000000fe200000, 0x00000000fe300000, 0x00000000fe300000|100%| S|CS|TAMS 0x00000000fe200000| PB 0x00000000fe200000| Complete |  0
|2019|0x00000000fe300000, 0x00000000fe300000, 0x00000000fe400000|  0%| F|  |TAMS 0x00000000fe300000| PB 0x00000000fe300000| Untracked |  0
|2020|0x00000000fe400000, 0x00000000fe400000, 0x00000000fe500000|  0%| F|  |TAMS 0x00000000fe400000| PB 0x00000000fe400000| Untracked |  0
|2021|0x00000000fe500000, 0x00000000fe500000, 0x00000000fe600000|  0%| F|  |TAMS 0x00000000fe500000| PB 0x00000000fe500000| Untracked |  0
|2022|0x00000000fe600000, 0x00000000fe600000, 0x00000000fe700000|  0%| F|  |TAMS 0x00000000fe600000| PB 0x00000000fe600000| Untracked |  0
|2023|0x00000000fe700000, 0x00000000fe700000, 0x00000000fe800000|  0%| F|  |TAMS 0x00000000fe700000| PB 0x00000000fe700000| Untracked |  0
|2024|0x00000000fe800000, 0x00000000fe800000, 0x00000000fe900000|  0%| F|  |TAMS 0x00000000fe800000| PB 0x00000000fe800000| Untracked |  0
|2025|0x00000000fe900000, 0x00000000fe900000, 0x00000000fea00000|  0%| F|  |TAMS 0x00000000fe900000| PB 0x00000000fe900000| Untracked |  0
|2026|0x00000000fea00000, 0x00000000fea00000, 0x00000000feb00000|  0%| F|  |TAMS 0x00000000fea00000| PB 0x00000000fea00000| Untracked |  0
|2027|0x00000000feb00000, 0x00000000feb00000, 0x00000000fec00000|  0%| F|  |TAMS 0x00000000feb00000| PB 0x00000000feb00000| Untracked |  0
|2028|0x00000000fec00000, 0x00000000fec00000, 0x00000000fed00000|  0%| F|  |TAMS 0x00000000fec00000| PB 0x00000000fec00000| Untracked |  0
|2029|0x00000000fed00000, 0x00000000fed00000, 0x00000000fee00000|  0%| F|  |TAMS 0x00000000fed00000| PB 0x00000000fed00000| Untracked |  0
|2030|0x00000000fee00000, 0x00000000fee00000, 0x00000000fef00000|  0%| F|  |TAMS 0x00000000fee00000| PB 0x00000000fee00000| Untracked |  0
|2031|0x00000000fef00000, 0x00000000fef00000, 0x00000000ff000000|  0%| F|  |TAMS 0x00000000fef00000| PB 0x00000000fef00000| Untracked |  0
|2032|0x00000000ff000000, 0x00000000ff000000, 0x00000000ff100000|  0%| F|  |TAMS 0x00000000ff000000| PB 0x00000000ff000000| Untracked |  0
|2033|0x00000000ff100000, 0x00000000ff100000, 0x00000000ff200000|  0%| F|  |TAMS 0x00000000ff100000| PB 0x00000000ff100000| Untracked |  0
|2034|0x00000000ff200000, 0x00000000ff200000, 0x00000000ff300000|  0%| F|  |TAMS 0x00000000ff200000| PB 0x00000000ff200000| Untracked |  0
|2035|0x00000000ff300000, 0x00000000ff300000, 0x00000000ff400000|  0%| F|  |TAMS 0x00000000ff300000| PB 0x00000000ff300000| Untracked |  0
|2036|0x00000000ff400000, 0x00000000ff400000, 0x00000000ff500000|  0%| F|  |TAMS 0x00000000ff400000| PB 0x00000000ff400000| Untracked |  0
|2037|0x00000000ff500000, 0x00000000ff500000, 0x00000000ff600000|  0%| F|  |TAMS 0x00000000ff500000| PB 0x00000000ff500000| Untracked |  0
|2038|0x00000000ff600000, 0x00000000ff600000, 0x00000000ff700000|  0%| F|  |TAMS 0x00000000ff600000| PB 0x00000000ff600000| Untracked |  0
|2039|0x00000000ff700000, 0x00000000ff700000, 0x00000000ff800000|  0%| F|  |TAMS 0x00000000ff700000| PB 0x00000000ff700000| Untracked |  0
|2040|0x00000000ff800000, 0x00000000ff800000, 0x00000000ff900000|  0%| F|  |TAMS 0x00000000ff800000| PB 0x00000000ff800000| Untracked |  0
|2041|0x00000000ff900000, 0x00000000ff900000, 0x00000000ffa00000|  0%| F|  |TAMS 0x00000000ff900000| PB 0x00000000ff900000| Untracked |  0
|2042|0x00000000ffa00000, 0x00000000ffa00000, 0x00000000ffb00000|  0%| F|  |TAMS 0x00000000ffa00000| PB 0x00000000ffa00000| Untracked |  0
|2043|0x00000000ffb00000, 0x00000000ffc00000, 0x00000000ffc00000|100%| O|  |TAMS 0x00000000ffc00000| PB 0x00000000ffb00000| Untracked |  0
|2044|0x00000000ffc00000, 0x00000000ffd00000, 0x00000000ffd00000|100%| O|  |TAMS 0x00000000ffd00000| PB 0x00000000ffc00000| Untracked |  0
|2045|0x00000000ffd00000, 0x00000000ffe00000, 0x00000000ffe00000|100%| O|  |TAMS 0x00000000ffe00000| PB 0x00000000ffd00000| Untracked |  0
|2046|0x00000000ffe00000, 0x00000000fff00000, 0x00000000fff00000|100%| O|  |TAMS 0x00000000fff00000| PB 0x00000000ffe00000| Untracked |  0
|2047|0x00000000fff00000, 0x0000000100000000, 0x0000000100000000|100%| O|  |TAMS 0x0000000100000000| PB 0x00000000fff00000| Untracked |  0

Card table byte_map: [0x0000020dc91f0000,0x0000020dc95f0000] _byte_map_base: 0x0000020dc8df0000

Marking Bits: (CMBitMap*) 0x0000020db159d0b0
 Bits: [0x0000020dc95f0000, 0x0000020dcb5f0000)

Polling page: 0x0000020db0d00000

Metaspace:

Usage:
  Non-class:    100.31 MB used.
      Class:     16.33 MB used.
       Both:    116.64 MB used.

Virtual space:
  Non-class space:      128.00 MB reserved,     101.56 MB ( 79%) committed,  2 nodes.
      Class space:        1.00 GB reserved,      17.50 MB (  2%) committed,  1 nodes.
             Both:        1.12 GB reserved,     119.06 MB ( 10%) committed. 

Chunk freelists:
   Non-Class:  10.20 MB
       Class:  14.55 MB
        Both:  24.75 MB

MaxMetaspaceSize: unlimited
CompressedClassSpaceSize: 1.00 GB
Initial GC threshold: 21.00 MB
Current GC threshold: 193.69 MB
CDS: on
 - commit_granule_bytes: 65536.
 - commit_granule_words: 8192.
 - virtual_space_node_default_size: 8388608.
 - enlarge_chunks_in_place: 1.
 - use_allocation_guard: 0.


Internal statistics:

num_allocs_failed_limit: 9.
num_arena_births: 4236.
num_arena_deaths: 0.
num_vsnodes_births: 3.
num_vsnodes_deaths: 0.
num_space_committed: 1897.
num_space_uncommitted: 0.
num_chunks_returned_to_freelist: 9.
num_chunks_taken_from_freelist: 9303.
num_chunk_merges: 9.
num_chunk_splits: 6250.
num_chunks_enlarged: 4113.
num_inconsistent_stats: 0.

CodeHeap 'non-profiled nmethods': size=120000Kb used=9041Kb max_used=9088Kb free=110958Kb
 bounds [0x0000020dc1360000, 0x0000020dc1c60000, 0x0000020dc8890000]
CodeHeap 'profiled nmethods': size=120000Kb used=29469Kb max_used=29554Kb free=90530Kb
 bounds [0x0000020db9890000, 0x0000020dbb590000, 0x0000020dc0dc0000]
CodeHeap 'non-nmethods': size=5760Kb used=2244Kb max_used=2303Kb free=3515Kb
 bounds [0x0000020dc0dc0000, 0x0000020dc1030000, 0x0000020dc1360000]
 total_blobs=16643 nmethods=15714 adapters=832
 compilation: enabled
              stopped_count=0, restarted_count=0
 full_count=0

Compilation events (20 events):
Event: 24.629 Thread 0x0000020dce270f80 19137       2       com.android.tools.r8.internal.Ls::<init> (7 bytes)
Event: 24.629 Thread 0x0000020dce270f80 nmethod 19137 0x0000020dbb34cb10 code [0x0000020dbb34cca0, 0x0000020dbb34cdc0]
Event: 24.636 Thread 0x0000020dce270f80 19139       3       com.android.tools.r8.internal.jF::b (146 bytes)
Event: 24.637 Thread 0x0000020dce270f80 nmethod 19139 0x0000020dbb21b890 code [0x0000020dbb21ba80, 0x0000020dbb21c1e8]
Event: 24.637 Thread 0x0000020dce270f80 19141       3       com.android.tools.r8.internal.EA::b (42 bytes)
Event: 24.637 Thread 0x0000020dce270f80 nmethod 19141 0x0000020dbb21ae90 code [0x0000020dbb21b080, 0x0000020dbb21b6c8]
Event: 24.637 Thread 0x0000020dce270f80 19138       3       com.android.tools.r8.graph.K0$b::<init> (15 bytes)
Event: 24.637 Thread 0x0000020dce270f80 nmethod 19138 0x0000020dbb34c610 code [0x0000020dbb34c7c0, 0x0000020dbb34c9e8]
Event: 24.637 Thread 0x0000020dce270f80 19140       3       com.android.tools.r8.graph.K0$b$$Lambda/0x0000020dd116e700::apply (8 bytes)
Event: 24.638 Thread 0x0000020dce270f80 nmethod 19140 0x0000020dbb21aa10 code [0x0000020dbb21aba0, 0x0000020dbb21ada0]
Event: 24.638 Thread 0x0000020dce270f80 19143       3       com.android.tools.r8.graph.K0$b::hashCode (15 bytes)
Event: 24.639 Thread 0x0000020dce270f80 nmethod 19143 0x0000020dbb218d10 code [0x0000020dbb219040, 0x0000020dbb21a3a0]
Event: 24.640 Thread 0x0000020dce270f80 19144       3       com.android.tools.r8.internal.Gf::a (50 bytes)
Event: 24.640 Thread 0x0000020dce270f80 nmethod 19144 0x0000020dbab63d90 code [0x0000020dbab63f60, 0x0000020dbab643c0]
Event: 24.640 Thread 0x0000020dce270f80 19145       3       com.android.tools.r8.internal.Sb$$Lambda/0x0000020dd10dd320::applyAsInt (8 bytes)
Event: 24.640 Thread 0x0000020dce270f80 nmethod 19145 0x0000020dbb218810 code [0x0000020dbb2189c0, 0x0000020dbb218c10]
Event: 24.648 Thread 0x0000020e16a6e560 nmethod 18922 0x0000020dc18d6a90 code [0x0000020dc18d6e80, 0x0000020dc18da570]
Event: 24.649 Thread 0x0000020e16a6e560 19091       4       com.android.tools.r8.dex.C::h (919 bytes)
Event: 24.650 Thread 0x0000020dce270f80 19146       3       com.android.tools.r8.internal.lp::hashCode (13 bytes)
Event: 24.650 Thread 0x0000020dce270f80 nmethod 19146 0x0000020dbab63910 code [0x0000020dbab63ac0, 0x0000020dbab63cd0]

GC Heap History (20 events):
Event: 18.498 GC heap after
{Heap after GC invocations=40 (full 0):
 garbage-first heap   total reserved 2097152K, committed 307200K, used 185706K [0x0000000080000000, 0x0000000100000000)
  region size 1024K, 3 young (3072K), 3 survivors (3072K)
 Metaspace       used 107646K, committed 110080K, reserved 1179648K
  class space    used 14954K, committed 16128K, reserved 1048576K
}
Event: 18.810 GC heap before
{Heap before GC invocations=40 (full 0):
 garbage-first heap   total reserved 2097152K, committed 307200K, used 267626K [0x0000000080000000, 0x0000000100000000)
  region size 1024K, 84 young (86016K), 3 survivors (3072K)
 Metaspace       used 108950K, committed 111424K, reserved 1179648K
  class space    used 15097K, committed 16256K, reserved 1048576K
}
Event: 18.822 GC heap after
{Heap after GC invocations=41 (full 0):
 garbage-first heap   total reserved 2097152K, committed 307200K, used 181751K [0x0000000080000000, 0x0000000100000000)
  region size 1024K, 9 young (9216K), 9 survivors (9216K)
 Metaspace       used 108950K, committed 111424K, reserved 1179648K
  class space    used 15097K, committed 16256K, reserved 1048576K
}
Event: 20.407 GC heap before
{Heap before GC invocations=41 (full 0):
 garbage-first heap   total reserved 2097152K, committed 307200K, used 268791K [0x0000000080000000, 0x0000000100000000)
  region size 1024K, 95 young (97280K), 9 survivors (9216K)
 Metaspace       used 110889K, committed 113280K, reserved 1179648K
  class space    used 15320K, committed 16448K, reserved 1048576K
}
Event: 20.420 GC heap after
{Heap after GC invocations=42 (full 0):
 garbage-first heap   total reserved 2097152K, committed 374784K, used 184756K [0x0000000080000000, 0x0000000100000000)
  region size 1024K, 7 young (7168K), 7 survivors (7168K)
 Metaspace       used 110889K, committed 113280K, reserved 1179648K
  class space    used 15320K, committed 16448K, reserved 1048576K
}
Event: 22.617 GC heap before
{Heap before GC invocations=43 (full 0):
 garbage-first heap   total reserved 2097152K, committed 374784K, used 325044K [0x0000000080000000, 0x0000000100000000)
  region size 1024K, 159 young (162816K), 7 survivors (7168K)
 Metaspace       used 111967K, committed 114368K, reserved 1179648K
  class space    used 15442K, committed 16576K, reserved 1048576K
}
Event: 22.631 GC heap after
{Heap after GC invocations=44 (full 0):
 garbage-first heap   total reserved 2097152K, committed 374784K, used 175104K [0x0000000080000000, 0x0000000100000000)
  region size 1024K, 11 young (11264K), 11 survivors (11264K)
 Metaspace       used 111967K, committed 114368K, reserved 1179648K
  class space    used 15442K, committed 16576K, reserved 1048576K
}
Event: 23.564 GC heap before
{Heap before GC invocations=44 (full 0):
 garbage-first heap   total reserved 2097152K, committed 374784K, used 373760K [0x0000000080000000, 0x0000000100000000)
  region size 1024K, 94 young (96256K), 11 survivors (11264K)
 Metaspace       used 116518K, committed 118976K, reserved 1179648K
  class space    used 16088K, committed 17280K, reserved 1048576K
}
Event: 23.589 GC heap after
{Heap after GC invocations=45 (full 0):
 garbage-first heap   total reserved 2097152K, committed 409600K, used 237880K [0x0000000080000000, 0x0000000100000000)
  region size 1024K, 21 young (21504K), 21 survivors (21504K)
 Metaspace       used 116518K, committed 118976K, reserved 1179648K
  class space    used 16088K, committed 17280K, reserved 1048576K
}
Event: 23.643 GC heap before
{Heap before GC invocations=45 (full 0):
 garbage-first heap   total reserved 2097152K, committed 409600K, used 248120K [0x0000000080000000, 0x0000000100000000)
  region size 1024K, 32 young (32768K), 21 survivors (21504K)
 Metaspace       used 116518K, committed 118976K, reserved 1179648K
  class space    used 16088K, committed 17280K, reserved 1048576K
}
Event: 23.669 GC heap after
{Heap after GC invocations=46 (full 0):
 garbage-first heap   total reserved 2097152K, committed 409600K, used 244296K [0x0000000080000000, 0x0000000100000000)
  region size 1024K, 6 young (6144K), 6 survivors (6144K)
 Metaspace       used 116518K, committed 118976K, reserved 1179648K
  class space    used 16088K, committed 17280K, reserved 1048576K
}
Event: 24.156 GC heap before
{Heap before GC invocations=47 (full 0):
 garbage-first heap   total reserved 2097152K, committed 409600K, used 347720K [0x0000000080000000, 0x0000000100000000)
  region size 1024K, 101 young (103424K), 6 survivors (6144K)
 Metaspace       used 117571K, committed 120000K, reserved 1179648K
  class space    used 16306K, committed 17472K, reserved 1048576K
}
Event: 24.191 GC heap after
{Heap after GC invocations=48 (full 0):
 garbage-first heap   total reserved 2097152K, committed 409600K, used 284610K [0x0000000080000000, 0x0000000100000000)
  region size 1024K, 13 young (13312K), 13 survivors (13312K)
 Metaspace       used 117571K, committed 120000K, reserved 1179648K
  class space    used 16306K, committed 17472K, reserved 1048576K
}
Event: 24.418 GC heap before
{Heap before GC invocations=48 (full 0):
 garbage-first heap   total reserved 2097152K, committed 409600K, used 354242K [0x0000000080000000, 0x0000000100000000)
  region size 1024K, 82 young (83968K), 13 survivors (13312K)
 Metaspace       used 119393K, committed 121856K, reserved 1179648K
  class space    used 16717K, committed 17920K, reserved 1048576K
}
Event: 24.459 GC heap after
{Heap after GC invocations=49 (full 0):
 garbage-first heap   total reserved 2097152K, committed 409600K, used 310784K [0x0000000080000000, 0x0000000100000000)
  region size 1024K, 11 young (11264K), 11 survivors (11264K)
 Metaspace       used 119393K, committed 121856K, reserved 1179648K
  class space    used 16717K, committed 17920K, reserved 1048576K
}
Event: 24.519 GC heap before
{Heap before GC invocations=49 (full 0):
 garbage-first heap   total reserved 2097152K, committed 409600K, used 360960K [0x0000000080000000, 0x0000000100000000)
  region size 1024K, 60 young (61440K), 11 survivors (11264K)
 Metaspace       used 119429K, committed 121920K, reserved 1179648K
  class space    used 16717K, committed 17920K, reserved 1048576K
}
Event: 24.551 GC heap after
{Heap after GC invocations=50 (full 0):
 garbage-first heap   total reserved 2097152K, committed 409600K, used 337920K [0x0000000080000000, 0x0000000100000000)
  region size 1024K, 8 young (8192K), 8 survivors (8192K)
 Metaspace       used 119429K, committed 121920K, reserved 1179648K
  class space    used 16717K, committed 17920K, reserved 1048576K
}
Event: 24.604 GC heap before
{Heap before GC invocations=50 (full 0):
 garbage-first heap   total reserved 2097152K, committed 409600K, used 372736K [0x0000000080000000, 0x0000000100000000)
  region size 1024K, 42 young (43008K), 8 survivors (8192K)
 Metaspace       used 119437K, committed 121920K, reserved 1179648K
  class space    used 16717K, committed 17920K, reserved 1048576K
}
Event: 24.624 GC heap after
{Heap after GC invocations=51 (full 0):
 garbage-first heap   total reserved 2097152K, committed 409600K, used 357376K [0x0000000080000000, 0x0000000100000000)
  region size 1024K, 6 young (6144K), 6 survivors (6144K)
 Metaspace       used 119437K, committed 121920K, reserved 1179648K
  class space    used 16717K, committed 17920K, reserved 1048576K
}
Event: 24.660 GC heap before
{Heap before GC invocations=51 (full 0):
 garbage-first heap   total reserved 2097152K, committed 409600K, used 380928K [0x0000000080000000, 0x0000000100000000)
  region size 1024K, 30 young (30720K), 6 survivors (6144K)
 Metaspace       used 119437K, committed 121920K, reserved 1179648K
  class space    used 16717K, committed 17920K, reserved 1048576K
}

Dll operation events (15 events):
Event: 0.011 Loaded shared library C:\Program Files\Java\jdk-22\bin\java.dll
Event: 0.038 Loaded shared library C:\Program Files\Java\jdk-22\bin\jsvml.dll
Event: 0.068 Loaded shared library C:\Program Files\Java\jdk-22\bin\zip.dll
Event: 0.072 Loaded shared library C:\Program Files\Java\jdk-22\bin\instrument.dll
Event: 0.074 Loaded shared library C:\Program Files\Java\jdk-22\bin\net.dll
Event: 0.076 Loaded shared library C:\Program Files\Java\jdk-22\bin\nio.dll
Event: 0.078 Loaded shared library C:\Program Files\Java\jdk-22\bin\zip.dll
Event: 0.250 Loaded shared library C:\Program Files\Java\jdk-22\bin\jimage.dll
Event: 0.346 Loaded shared library C:\Program Files\Java\jdk-22\bin\verify.dll
Event: 0.408 Loaded shared library C:\Users\name\.gradle\native\1def1411415f61bf3af743bc5b6707747c0891f09f0c88961ee8f79bc544acac\windows-amd64\native-platform.dll
Event: 0.420 Loaded shared library C:\Users\name\.gradle\native\0.2.7\x86_64-windows-gnu\gradle-fileevents.dll
Event: 1.139 Loaded shared library C:\Program Files\Java\jdk-22\bin\management.dll
Event: 1.142 Loaded shared library C:\Program Files\Java\jdk-22\bin\management_ext.dll
Event: 1.260 Loaded shared library C:\Program Files\Java\jdk-22\bin\extnet.dll
Event: 1.456 Loaded shared library C:\Program Files\Java\jdk-22\bin\sunmscapi.dll

Deoptimization events (20 events):
Event: 24.497 Thread 0x0000020e19947960 DEOPT PACKING pc=0x0000020dbb110c80 sp=0x000000b9a61fe960
Event: 24.497 Thread 0x0000020e19947960 DEOPT UNPACKING pc=0x0000020dc0e14e42 sp=0x000000b9a61fde78 mode 0
Event: 24.503 Thread 0x0000020e19945200 DEOPT PACKING pc=0x0000020dbb110c80 sp=0x000000b9a5ffead0
Event: 24.503 Thread 0x0000020e19945200 DEOPT UNPACKING pc=0x0000020dc0e14e42 sp=0x000000b9a5ffdfe8 mode 0
Event: 24.516 Thread 0x0000020e19945890 DEOPT PACKING pc=0x0000020dbb110c80 sp=0x000000b9a60fe600
Event: 24.516 Thread 0x0000020e19945890 DEOPT UNPACKING pc=0x0000020dc0e14e42 sp=0x000000b9a60fdb18 mode 0
Event: 24.557 Thread 0x0000020e199465b0 DEOPT PACKING pc=0x0000020dbb110c80 sp=0x000000b9a63fed10
Event: 24.557 Thread 0x0000020e199465b0 DEOPT UNPACKING pc=0x0000020dc0e14e42 sp=0x000000b9a63fe228 mode 0
Event: 24.573 Thread 0x0000020e1993d550 DEOPT PACKING pc=0x0000020dbb110c80 sp=0x000000b9a5cfe850
Event: 24.573 Thread 0x0000020e1993d550 DEOPT UNPACKING pc=0x0000020dc0e14e42 sp=0x000000b9a5cfdd68 mode 0
Event: 24.596 Thread 0x0000020e19945890 DEOPT PACKING pc=0x0000020dbb110c80 sp=0x000000b9a60fe780
Event: 24.596 Thread 0x0000020e19945890 DEOPT UNPACKING pc=0x0000020dc0e14e42 sp=0x000000b9a60fdc98 mode 0
Event: 24.602 Thread 0x0000020e199465b0 DEOPT PACKING pc=0x0000020dbb110c80 sp=0x000000b9a63fed00
Event: 24.602 Thread 0x0000020e199465b0 DEOPT UNPACKING pc=0x0000020dc0e14e42 sp=0x000000b9a63fe218 mode 0
Event: 24.635 Thread 0x0000020e199444e0 DEOPT PACKING pc=0x0000020dbb110c80 sp=0x000000b9a59fe330
Event: 24.635 Thread 0x0000020e199444e0 DEOPT UNPACKING pc=0x0000020dc0e14e42 sp=0x000000b9a59fd848 mode 0
Event: 24.644 Thread 0x0000020e19945890 DEOPT PACKING pc=0x0000020dbb110c80 sp=0x000000b9a60fe3e0
Event: 24.644 Thread 0x0000020e19945890 DEOPT UNPACKING pc=0x0000020dc0e14e42 sp=0x000000b9a60fd8f8 mode 0
Event: 24.656 Thread 0x0000020e19945890 DEOPT PACKING pc=0x0000020dbb110c80 sp=0x000000b9a60fe780
Event: 24.656 Thread 0x0000020e19945890 DEOPT UNPACKING pc=0x0000020dc0e14e42 sp=0x000000b9a60fdc98 mode 0

Classes loaded (20 events):
Event: 23.404 Loading class java/nio/BufferUnderflowException
Event: 23.404 Loading class java/nio/BufferUnderflowException done
Event: 23.963 Loading class java/util/concurrent/ConcurrentHashMap$TreeNode
Event: 23.964 Loading class java/util/concurrent/ConcurrentHashMap$TreeNode done
Event: 23.964 Loading class java/util/concurrent/ConcurrentHashMap$TreeBin
Event: 23.964 Loading class java/util/concurrent/ConcurrentHashMap$TreeBin done
Event: 24.071 Loading class java/util/concurrent/ForkJoinTask$AdaptedInterruptibleCallable
Event: 24.071 Loading class java/util/concurrent/ForkJoinTask$InterruptibleTask
Event: 24.072 Loading class java/util/concurrent/ForkJoinTask$InterruptibleTask done
Event: 24.072 Loading class java/util/concurrent/ForkJoinTask$AdaptedInterruptibleCallable done
Event: 24.127 Loading class java/util/AbstractList$RandomAccessSubList
Event: 24.127 Loading class java/util/AbstractList$SubList
Event: 24.127 Loading class java/util/AbstractList$SubList done
Event: 24.127 Loading class java/util/AbstractList$RandomAccessSubList done
Event: 24.128 Loading class java/util/AbstractList$SubList$1
Event: 24.128 Loading class java/util/AbstractList$SubList$1 done
Event: 24.275 Loading class java/nio/ShortBuffer
Event: 24.275 Loading class java/nio/ShortBuffer done
Event: 24.275 Loading class java/nio/HeapShortBuffer
Event: 24.276 Loading class java/nio/HeapShortBuffer done

Classes unloaded (0 events):
No events

Classes redefined (0 events):
No events

Internal exceptions (20 events):
Event: 22.812 Thread 0x0000020e17e859d0 Exception <a 'sun/nio/fs/WindowsException'{0x00000000fe7068e0}> (0x00000000fe7068e0) 
thrown [s\open\src\hotspot\share\prims\jni.cpp, line 520]
Event: 22.823 Thread 0x0000020e17e859d0 Exception <a 'java/lang/NoSuchMethodError'{0x00000000fe7bea20}: 'int java.lang.invoke.Invokers$Holder.invokeExact_MT(java.lang.Object, java.lang.Object, java.lang.Object)'> (0x00000000fe7bea20) 
thrown [s\open\src\hotspot\share\interpreter\linkResolver.cpp, line 774]
Event: 22.840 Thread 0x0000020e17e859d0 Exception <a 'sun/nio/fs/WindowsException'{0x00000000fe5a3050}> (0x00000000fe5a3050) 
thrown [s\open\src\hotspot\share\prims\jni.cpp, line 520]
Event: 23.021 Thread 0x0000020e17e8af20 Exception <a 'java/lang/NoSuchMethodError'{0x0000000094cfa698}: 'void java.lang.invoke.DirectMethodHandle$Holder.invokeStatic(java.lang.Object, long)'> (0x0000000094cfa698) 
thrown [s\open\src\hotspot\share\interpreter\linkResolver.cpp, line 774]
Event: 23.024 Thread 0x0000020e17e8af20 Exception <a 'java/lang/NoSuchMethodError'{0x0000000094b14928}: 'java.lang.Object java.lang.invoke.DirectMethodHandle$Holder.invokeStaticInit(java.lang.Object, long, java.lang.Object)'> (0x0000000094b14928) 
thrown [s\open\src\hotspot\share\interpreter\linkResolver.cpp, line 774]
Event: 23.423 Thread 0x0000020e1a000f10 Exception <a 'java/lang/NoSuchMethodError'{0x00000000934b8f38}: 'java.lang.Object java.lang.invoke.DirectMethodHandle$Holder.invokeStaticInit(java.lang.Object, java.lang.Object, java.lang.Object, java.lang.Object, java.lang.Object, java.lang.Object, java.lang.Object, java.lang.Object, java.lang.Object, java.lang.Object, java.lang.Object, java.lang.Object, java.lang.Object, java.lang.Object, java.lang.Object, java.lang.Object, java.lang.Object, java.lang.Object, java.lang.Object, java.lang.Object, int, java
Event: 23.423 Thread 0x0000020e1a000f10 Exception <a 'java/lang/IncompatibleClassChangeError'{0x00000000934cfaf8}: Found class java.lang.Object, but interface was expected> (0x00000000934cfaf8) 
thrown [s\open\src\hotspot\share\interpreter\linkResolver.cpp, line 841]
Event: 23.424 Thread 0x0000020e1a000f10 Exception <a 'java/lang/IncompatibleClassChangeError'{0x00000000934d9540}: Found class java.lang.Object, but interface was expected> (0x00000000934d9540) 
thrown [s\open\src\hotspot\share\interpreter\linkResolver.cpp, line 841]
Event: 24.075 Thread 0x0000020e199437c0 Implicit null exception at 0x0000020dc16df90b to 0x0000020dc16df9cc
Event: 24.075 Thread 0x0000020e19942410 Implicit null exception at 0x0000020dc16df90b to 0x0000020dc16df9cc
Event: 24.075 Thread 0x0000020e199437c0 Implicit null exception at 0x0000020dc185b90e to 0x0000020dc185c09c
Event: 24.075 Thread 0x0000020e19942410 Implicit null exception at 0x0000020dc185b90e to 0x0000020dc185c09c
Event: 24.075 Thread 0x0000020e19942410 Exception <a 'java/lang/IncompatibleClassChangeError'{0x0000000091f08b30}: Found class java.lang.Object, but interface was expected> (0x0000000091f08b30) 
thrown [s\open\src\hotspot\share\interpreter\linkResolver.cpp, line 841]
Event: 24.075 Thread 0x0000020e199493a0 Exception <a 'java/lang/IncompatibleClassChangeError'{0x0000000091f51470}: Found class java.lang.Object, but interface was expected> (0x0000000091f51470) 
thrown [s\open\src\hotspot\share\interpreter\linkResolver.cpp, line 841]
Event: 24.075 Thread 0x0000020e19943e50 Exception <a 'java/lang/IncompatibleClassChangeError'{0x0000000091f32480}: Found class java.lang.Object, but interface was expected> (0x0000000091f32480) 
thrown [s\open\src\hotspot\share\interpreter\linkResolver.cpp, line 841]
Event: 24.077 Thread 0x0000020e199493a0 Implicit null exception at 0x0000020dc15fba07 to 0x0000020dc15fbacc
Event: 24.130 Thread 0x0000020e199437c0 Exception <a 'java/lang/IncompatibleClassChangeError'{0x0000000091b8dee8}: Found class java.lang.Object, but interface was expected> (0x0000000091b8dee8) 
thrown [s\open\src\hotspot\share\interpreter\linkResolver.cpp, line 841]
Event: 24.130 Thread 0x0000020e19947960 Exception <a 'java/lang/IncompatibleClassChangeError'{0x0000000091ba64e8}: Found class java.lang.Object, but interface was expected> (0x0000000091ba64e8) 
thrown [s\open\src\hotspot\share\interpreter\linkResolver.cpp, line 841]
Event: 24.130 Thread 0x0000020e199493a0 Exception <a 'java/lang/NoSuchMethodError'{0x0000000091bb08a0}: 'long java.lang.invoke.DirectMethodHandle$Holder.invokeStatic(java.lang.Object, java.lang.Object, java.lang.Object)'> (0x0000000091bb08a0) 
thrown [s\open\src\hotspot\share\interpreter\linkResolver.cpp, line 774]
Event: 24.131 Thread 0x0000020e199437c0 Exception <a 'java/lang/IncompatibleClassChangeError'{0x0000000091b917a8}: Found class java.lang.Object, but interface was expected> (0x0000000091b917a8) 
thrown [s\open\src\hotspot\share\interpreter\linkResolver.cpp, line 841]

ZGC Phase Switch (0 events):
No events

VM Operations (20 events):
Event: 23.331 Executing VM operation: HandshakeAllThreads (Deoptimize) done
Event: 23.564 Executing VM operation: G1CollectForAllocation (G1 Evacuation Pause)
Event: 23.589 Executing VM operation: G1CollectForAllocation (G1 Evacuation Pause) done
Event: 23.643 Executing VM operation: G1TryInitiateConcMark (G1 Humongous Allocation)
Event: 23.670 Executing VM operation: G1TryInitiateConcMark (G1 Humongous Allocation) done
Event: 23.742 Executing VM operation: G1PauseRemark
Event: 23.751 Executing VM operation: G1PauseRemark done
Event: 23.786 Executing VM operation: G1PauseCleanup
Event: 23.786 Executing VM operation: G1PauseCleanup done
Event: 24.156 Executing VM operation: G1CollectForAllocation (G1 Evacuation Pause)
Event: 24.191 Executing VM operation: G1CollectForAllocation (G1 Evacuation Pause) done
Event: 24.416 Executing VM operation: HandshakeAllThreads (Deoptimize)
Event: 24.417 Executing VM operation: HandshakeAllThreads (Deoptimize) done
Event: 24.418 Executing VM operation: G1CollectForAllocation (G1 Evacuation Pause)
Event: 24.459 Executing VM operation: G1CollectForAllocation (G1 Evacuation Pause) done
Event: 24.519 Executing VM operation: G1CollectForAllocation (G1 Evacuation Pause)
Event: 24.551 Executing VM operation: G1CollectForAllocation (G1 Evacuation Pause) done
Event: 24.604 Executing VM operation: G1CollectForAllocation (G1 Evacuation Pause)
Event: 24.624 Executing VM operation: G1CollectForAllocation (G1 Evacuation Pause) done
Event: 24.660 Executing VM operation: G1CollectForAllocation (G1 Evacuation Pause)

Memory protections (0 events):
No events

Nmethod flushes (20 events):
Event: 23.750 Thread 0x0000020dce239160 flushing  nmethod 0x0000020dbaa1c910
Event: 23.750 Thread 0x0000020dce239160 flushing  nmethod 0x0000020dbab88c90
Event: 23.750 Thread 0x0000020dce239160 flushing  nmethod 0x0000020dbacc8b10
Event: 23.750 Thread 0x0000020dce239160 flushing  nmethod 0x0000020dbae59590
Event: 23.750 Thread 0x0000020dce239160 flushing  nmethod 0x0000020dbaf22b90
Event: 23.750 Thread 0x0000020dce239160 flushing  nmethod 0x0000020dbaf25390
Event: 23.750 Thread 0x0000020dce239160 flushing  nmethod 0x0000020dbaf25c90
Event: 23.750 Thread 0x0000020dce239160 flushing  nmethod 0x0000020dbaf26090
Event: 23.750 Thread 0x0000020dce239160 flushing  nmethod 0x0000020dbb03b590
Event: 23.750 Thread 0x0000020dce239160 flushing  nmethod 0x0000020dbb094710
Event: 23.750 Thread 0x0000020dce239160 flushing  nmethod 0x0000020dbb199310
Event: 23.750 Thread 0x0000020dce239160 flushing  nmethod 0x0000020dbb1b9010
Event: 23.750 Thread 0x0000020dce239160 flushing  nmethod 0x0000020dbb33e210
Event: 23.750 Thread 0x0000020dce239160 flushing  nmethod 0x0000020dbb33e590
Event: 23.750 Thread 0x0000020dce239160 flushing  nmethod 0x0000020dbb341210
Event: 23.750 Thread 0x0000020dce239160 flushing  nmethod 0x0000020dbb395410
Event: 23.750 Thread 0x0000020dce239160 flushing  nmethod 0x0000020dbb438c10
Event: 23.750 Thread 0x0000020dce239160 flushing  nmethod 0x0000020dbb43b390
Event: 23.750 Thread 0x0000020dce239160 flushing  nmethod 0x0000020dbb43c590
Event: 23.750 Thread 0x0000020dce239160 flushing  nmethod 0x0000020dbb43cf10

Events (20 events):
Event: 22.067 Thread 0x0000020e17e866f0 Thread added: 0x0000020e1a6ff4d0
Event: 22.306 Thread 0x0000020dce2704d0 Thread added: 0x0000020e16a71be0
Event: 22.543 Thread 0x0000020e17e8af20 Thread added: 0x0000020e1a706460
Event: 22.602 Thread 0x0000020e19ffee40 Thread exited: 0x0000020e19ffee40
Event: 23.035 Thread 0x0000020e17e8af20 Thread added: 0x0000020e1a705dd0
Event: 23.035 Thread 0x0000020e17e8af20 Thread added: 0x0000020e1a708530
Event: 23.159 Thread 0x0000020e16a71be0 Thread exited: 0x0000020e16a71be0
Event: 23.426 Thread 0x0000020dce270f80 Thread added: 0x0000020e16a6e560
Event: 24.073 Thread 0x0000020e1a000f10 Thread added: 0x0000020e19942410
Event: 24.074 Thread 0x0000020e19942410 Thread added: 0x0000020e199444e0
Event: 24.074 Thread 0x0000020e199444e0 Thread added: 0x0000020e199437c0
Event: 24.074 Thread 0x0000020e199437c0 Thread added: 0x0000020e19943e50
Event: 24.074 Thread 0x0000020e19943e50 Thread added: 0x0000020e1993d550
Event: 24.075 Thread 0x0000020e1993d550 Thread added: 0x0000020e19944b70
Event: 24.075 Thread 0x0000020e19944b70 Thread added: 0x0000020e199493a0
Event: 24.075 Thread 0x0000020e199493a0 Thread added: 0x0000020e19945200
Event: 24.075 Thread 0x0000020e19945200 Thread added: 0x0000020e19945890
Event: 24.076 Thread 0x0000020e19945890 Thread added: 0x0000020e19947960
Event: 24.076 Thread 0x0000020e19947960 Thread added: 0x0000020e19945f20
Event: 24.076 Thread 0x0000020e19945f20 Thread added: 0x0000020e199465b0


Dynamic libraries:
0x00007ff68b400000 - 0x00007ff68b410000 	C:\Program Files\Java\jdk-22\bin\java.exe
0x00007ff87f070000 - 0x00007ff87f287000 	C:\WINDOWS\SYSTEM32\ntdll.dll
0x00007ff87cef0000 - 0x00007ff87cfb4000 	C:\WINDOWS\System32\KERNEL32.DLL
0x00007ff87c350000 - 0x00007ff87c720000 	C:\WINDOWS\System32\KERNELBASE.dll
0x00007ff87cb80000 - 0x00007ff87cc91000 	C:\WINDOWS\System32\ucrtbase.dll
0x00007ff8618d0000 - 0x00007ff8618e7000 	C:\Program Files\Java\jdk-22\bin\jli.dll
0x00007ff8618b0000 - 0x00007ff8618cb000 	C:\Program Files\Java\jdk-22\bin\VCRUNTIME140.dll
0x00007ff87ec50000 - 0x00007ff87ee01000 	C:\WINDOWS\System32\USER32.dll
0x00007ff87ccd0000 - 0x00007ff87ccf6000 	C:\WINDOWS\System32\win32u.dll
0x00007ff87b4c0000 - 0x00007ff87b75c000 	C:\WINDOWS\WinSxS\amd64_microsoft.windows.common-controls_6595b64144ccf1df_6.0.22621.5840_none_2710ea077384a4fe\COMCTL32.dll
0x00007ff87d210000 - 0x00007ff87d239000 	C:\WINDOWS\System32\GDI32.dll
0x00007ff87ee80000 - 0x00007ff87ef27000 	C:\WINDOWS\System32\msvcrt.dll
0x00007ff87c720000 - 0x00007ff87c843000 	C:\WINDOWS\System32\gdi32full.dll
0x00007ff87c170000 - 0x00007ff87c20a000 	C:\WINDOWS\System32\msvcp_win.dll
0x00007ff87eff0000 - 0x00007ff87f021000 	C:\WINDOWS\System32\IMM32.DLL
0x00007ff8756d0000 - 0x00007ff8756dc000 	C:\Program Files\Java\jdk-22\bin\vcruntime140_1.dll
0x00007ff8199c0000 - 0x00007ff819a4e000 	C:\Program Files\Java\jdk-22\bin\msvcp140.dll
0x00007fffe17b0000 - 0x00007fffe24f9000 	C:\Program Files\Java\jdk-22\bin\server\jvm.dll
0x00007ff87e6d0000 - 0x00007ff87e781000 	C:\WINDOWS\System32\ADVAPI32.dll
0x00007ff87ef30000 - 0x00007ff87efd8000 	C:\WINDOWS\System32\sechost.dll
0x00007ff87cca0000 - 0x00007ff87ccc8000 	C:\WINDOWS\System32\bcrypt.dll
0x00007ff87cfc0000 - 0x00007ff87d0d8000 	C:\WINDOWS\System32\RPCRT4.dll
0x00007ff87dc60000 - 0x00007ff87dcd1000 	C:\WINDOWS\System32\WS2_32.dll
0x00007ff87ba80000 - 0x00007ff87bacd000 	C:\WINDOWS\SYSTEM32\POWRPROF.dll
0x00007ff873700000 - 0x00007ff873734000 	C:\WINDOWS\SYSTEM32\WINMM.dll
0x00007ff8725a0000 - 0x00007ff8725aa000 	C:\WINDOWS\SYSTEM32\VERSION.dll
0x00007ff87b950000 - 0x00007ff87b963000 	C:\WINDOWS\SYSTEM32\UMPDC.dll
0x00007ff87aa90000 - 0x00007ff87aaa8000 	C:\WINDOWS\SYSTEM32\kernel.appcore.dll
0x00007ff872b20000 - 0x00007ff872b2a000 	C:\Program Files\Java\jdk-22\bin\jimage.dll
0x00007ff87bad0000 - 0x00007ff87bd03000 	C:\WINDOWS\SYSTEM32\DBGHELP.DLL
0x00007ff87deb0000 - 0x00007ff87e241000 	C:\WINDOWS\System32\combase.dll
0x00007ff87ce10000 - 0x00007ff87cee8000 	C:\WINDOWS\System32\OLEAUT32.dll
0x00007ff87b970000 - 0x00007ff87b9a2000 	C:\WINDOWS\SYSTEM32\dbgcore.DLL
0x00007ff87ca40000 - 0x00007ff87cabb000 	C:\WINDOWS\System32\bcryptPrimitives.dll
0x00007ff84aff0000 - 0x00007ff84afff000 	C:\Program Files\Java\jdk-22\bin\instrument.dll
0x00007ff843680000 - 0x00007ff84369e000 	C:\Program Files\Java\jdk-22\bin\java.dll
0x00007ff87d240000 - 0x00007ff87dae1000 	C:\WINDOWS\System32\SHELL32.dll
0x00007ff87c210000 - 0x00007ff87c34f000 	C:\WINDOWS\System32\wintypes.dll
0x00007ff87ea90000 - 0x00007ff87ec30000 	C:\WINDOWS\System32\ole32.dll
0x00007ff8795c0000 - 0x00007ff879eda000 	C:\WINDOWS\SYSTEM32\windows.storage.dll
0x00007ff87e910000 - 0x00007ff87ea1a000 	C:\WINDOWS\System32\SHCORE.dll
0x00007ff87e790000 - 0x00007ff87e7f9000 	C:\WINDOWS\System32\shlwapi.dll
0x00007ff87c0a0000 - 0x00007ff87c0c5000 	C:\WINDOWS\SYSTEM32\profapi.dll
0x00007ff80d480000 - 0x00007ff80d557000 	C:\Program Files\Java\jdk-22\bin\jsvml.dll
0x00007ff83ef10000 - 0x00007ff83ef27000 	C:\Program Files\Java\jdk-22\bin\zip.dll
0x00007ff86a3c0000 - 0x00007ff86a3d0000 	C:\Program Files\Java\jdk-22\bin\net.dll
0x00007ff87af10000 - 0x00007ff87af79000 	C:\WINDOWS\system32\mswsock.dll
0x00007ff8411c0000 - 0x00007ff8411d6000 	C:\Program Files\Java\jdk-22\bin\nio.dll
0x00007ff8640c0000 - 0x00007ff8640d0000 	C:\Program Files\Java\jdk-22\bin\verify.dll
0x00007ff86a1f0000 - 0x00007ff86a217000 	C:\Users\name\.gradle\native\1def1411415f61bf3af743bc5b6707747c0891f09f0c88961ee8f79bc544acac\windows-amd64\native-platform.dll
0x00007ff824300000 - 0x00007ff824378000 	C:\Users\name\.gradle\native\0.2.7\x86_64-windows-gnu\gradle-fileevents.dll
0x00007ff858800000 - 0x00007ff85880a000 	C:\Program Files\Java\jdk-22\bin\management.dll
0x00007ff854870000 - 0x00007ff85487b000 	C:\Program Files\Java\jdk-22\bin\management_ext.dll
0x00007ff87efe0000 - 0x00007ff87efe8000 	C:\WINDOWS\System32\PSAPI.DLL
0x00007ff87a390000 - 0x00007ff87a3bd000 	C:\WINDOWS\SYSTEM32\IPHLPAPI.DLL
0x00007ff87daf0000 - 0x00007ff87daf9000 	C:\WINDOWS\System32\NSI.dll
0x00007ff84b170000 - 0x00007ff84b179000 	C:\Program Files\Java\jdk-22\bin\extnet.dll
0x00007ff87be10000 - 0x00007ff87be2b000 	C:\WINDOWS\SYSTEM32\CRYPTSP.dll
0x00007ff87a9f0000 - 0x00007ff87aa27000 	C:\WINDOWS\system32\rsaenh.dll
0x00007ff87afb0000 - 0x00007ff87afd8000 	C:\WINDOWS\SYSTEM32\USERENV.dll
0x00007ff87b110000 - 0x00007ff87b11c000 	C:\WINDOWS\SYSTEM32\CRYPTBASE.dll
0x00007ff8483b0000 - 0x00007ff8483be000 	C:\Program Files\Java\jdk-22\bin\sunmscapi.dll
0x00007ff87c8d0000 - 0x00007ff87ca38000 	C:\WINDOWS\System32\CRYPT32.dll
0x00007ff87b3a0000 - 0x00007ff87b3cd000 	C:\WINDOWS\SYSTEM32\ncrypt.dll
0x00007ff87b360000 - 0x00007ff87b397000 	C:\WINDOWS\SYSTEM32\NTASN1.dll
0x00007ff802fb0000 - 0x00007ff802fb8000 	C:\WINDOWS\system32\wshunix.dll
0x00007ff864c10000 - 0x00007ff864c27000 	C:\WINDOWS\system32\napinsp.dll
0x00007ff858480000 - 0x00007ff85849b000 	C:\WINDOWS\system32\pnrpnsp.dll
0x00007ff87a3c0000 - 0x00007ff87a4b8000 	C:\WINDOWS\SYSTEM32\DNSAPI.dll
0x00007ff858300000 - 0x00007ff858311000 	C:\WINDOWS\System32\winrnr.dll
0x00007ff876080000 - 0x00007ff876095000 	C:\WINDOWS\system32\wshbth.dll
0x00007ff8582d0000 - 0x00007ff8582f1000 	C:\WINDOWS\system32\nlansp_c.dll
0x00007ff875ef0000 - 0x00007ff875efa000 	C:\Windows\System32\rasadhlp.dll
0x00007ff874390000 - 0x00007ff874414000 	C:\WINDOWS\System32\fwpuclnt.dll
0x00007ff87ba40000 - 0x00007ff87ba74000 	C:\WINDOWS\SYSTEM32\ntmarta.dll

dbghelp: loaded successfully - version: 4.0.5 - missing functions: none
symbol engine: initialized successfully - sym options: 0x614 - pdb path: .;C:\Program Files\Java\jdk-22\bin;C:\WINDOWS\SYSTEM32;C:\WINDOWS\WinSxS\amd64_microsoft.windows.common-controls_6595b64144ccf1df_6.0.22621.5840_none_2710ea077384a4fe;C:\Program Files\Java\jdk-22\bin\server;C:\Users\name\.gradle\native\1def1411415f61bf3af743bc5b6707747c0891f09f0c88961ee8f79bc544acac\windows-amd64;C:\Users\name\.gradle\native\0.2.7\x86_64-windows-gnu

VM Arguments:
jvm_args: --add-opens=java.base/java.lang=ALL-UNNAMED --add-opens=java.base/java.lang.invoke=ALL-UNNAMED --add-opens=java.base/java.util=ALL-UNNAMED --add-opens=java.prefs/java.util.prefs=ALL-UNNAMED --add-exports=jdk.compiler/com.sun.tools.javac.api=ALL-UNNAMED --add-exports=jdk.compiler/com.sun.tools.javac.util=ALL-UNNAMED --add-opens=java.base/java.util=ALL-UNNAMED --add-opens=java.prefs/java.util.prefs=ALL-UNNAMED --add-opens=java.base/java.nio.charset=ALL-UNNAMED --add-opens=java.base/java.net=ALL-UNNAMED --add-opens=java.base/java.util.concurrent.atomic=ALL-UNNAMED --add-opens=java.xml/javax.xml.namespace=ALL-UNNAMED -Xmx2048m -Dfile.encoding=UTF-8 -Duser.country=US -Duser.language=en -Duser.variant -javaagent:C:\Users\name\.gradle\wrapper\dists\gradle-8.13-bin\5xuhj0ry160q40clulazy9h7d\gradle-8.13\lib\agents\gradle-instrumentation-agent-8.13.jar 
java_command: org.gradle.launcher.daemon.bootstrap.GradleDaemon 8.13
java_class_path (initial): C:\Users\name\.gradle\wrapper\dists\gradle-8.13-bin\5xuhj0ry160q40clulazy9h7d\gradle-8.13\lib\gradle-daemon-main-8.13.jar
Launcher Type: SUN_STANDARD

[Global flags]
     intx CICompilerCount                          = 4                                         {product} {ergonomic}
     uint ConcGCThreads                            = 3                                         {product} {ergonomic}
     uint G1ConcRefinementThreads                  = 10                                        {product} {ergonomic}
   size_t G1HeapRegionSize                         = 1048576                                   {product} {ergonomic}
   size_t InitialHeapSize                          = 123731968                                 {product} {ergonomic}
   size_t MarkStackSize                            = 4194304                                   {product} {ergonomic}
   size_t MaxHeapSize                              = 2147483648                                {product} {command line}
   size_t MaxNewSize                               = 1287651328                                {product} {ergonomic}
   size_t MinHeapDeltaBytes                        = 1048576                                   {product} {ergonomic}
   size_t MinHeapSize                              = 8388608                                   {product} {ergonomic}
    uintx NonNMethodCodeHeapSize                   = 5839372                                {pd product} {ergonomic}
    uintx NonProfiledCodeHeapSize                  = 122909434                              {pd product} {ergonomic}
    uintx ProfiledCodeHeapSize                     = 122909434                              {pd product} {ergonomic}
    uintx ReservedCodeCacheSize                    = 251658240                              {pd product} {ergonomic}
     bool SegmentedCodeCache                       = true                                      {product} {ergonomic}
   size_t SoftMaxHeapSize                          = 2147483648                             {manageable} {ergonomic}
     bool UseCompressedOops                        = true                           {product lp64_product} {ergonomic}
     bool UseG1GC                                  = true                                      {product} {ergonomic}
     bool UseLargePagesIndividualAllocation        = false                                  {pd product} {ergonomic}

Logging:
Log output configuration:
 #0: stdout all=warning uptime,level,tags foldmultilines=false
 #1: stderr all=off uptime,level,tags foldmultilines=false

Environment Variables:
CLASSPATH=D:\app_ungdung\\gradle\wrapper\gradle-wrapper.jar
PATH=C:\xampp\php;C:\Program Files (x86)\VMware\VMware Workstation\bin\;C:\xampp\php;C:\xampp\php;C:\Program Files\Common Files\Oracle\Java\javapath;C:\Program Files (x86)\Common Files\Oracle\Java\java8path;C:\Program Files (x86)\Common Files\Oracle\Java\javapath;C:\ProgramData\Oracle\Java\javapath;C:\Windows\system32;C:\Windows;C:\Windows\System32\Wbem;C:\Windows\System32\WindowsPowerShell\v1.0\;C:\Windows\System32\OpenSSH\;C:\Program Files (x86)\NVIDIA Corporation\PhysX\Common;C:\WINDOWS\system32;C:\WINDOWS;C:\WINDOWS\System32\Wbem;C:\WINDOWS\System32\WindowsPowerShell\v1.0\;C:\WINDOWS\System32\OpenSSH\;C:\Program Files (x86)\Microsoft SQL Server\160\Tools\Binn\;C:\Program Files\Microsoft SQL Server\160\Tools\Binn\;C:\Program Files\Microsoft SQL Server\Client SDK\ODBC\170\Tools\Binn\;C:\Program Files\Microsoft SQL Server\160\DTS\Binn\;E:\apache-maven-3.9.9-bin;C:\Program Files\Cloudflare\Cloudflare WARP\;C:\Users\name\AppData\Local\nvm;C:\nvm4w\nodejs;C:\Program Files\NVIDIA Corporation\NVIDIA app\NvDLISR;C:\Program Files\PostgreSQL\17\bin;C:\ProgramData\ComposerSetup\bin;C:\Program Files\Docker\Docker\resources\bin;E:\Git\cmd;C:\Users\name\AppData\Local\Microsoft\WindowsApps;C:\Users\name\AppData\Local\Programs\Microsoft VS Code\bin;C:\Users\name\AppData\Roaming\npm;C:\Users\name\AppData\Local\nvm;C:\nvm4w\nodejs;D:\npm-global;C:\Users\name\AppData\Local\Programs\cursor\resources\app\bin;C:\Users\name\AppData\Roaming\Composer\vendor\bin;c:\Users\name\AppData\Roaming\Code\User\globalStorage\github.copilot-chat\debugCommand
USERNAME=name
LANG=en_US.UTF-8
OS=Windows_NT
PROCESSOR_IDENTIFIER=AMD64 Family 25 Model 80 Stepping 0, AuthenticAMD
TMP=D:\tmp
TEMP=C:\Users\name\AppData\Local\Temp




Periodic native trim disabled

---------------  S Y S T E M  ---------------

OS:
 Windows 11 , 64 bit Build 22621 (10.0.22621.5415)
OS uptime: 1 days 7:22 hours
Hyper-V role detected

CPU: total 12 (initial active 12) (12 cores per cpu, 2 threads per core) family 25 model 80 stepping 0 microcode 0x0, cx8, cmov, fxsr, ht, mmx, 3dnowpref, sse, sse2, sse3, ssse3, sse4a, sse4.1, sse4.2, popcnt, lzcnt, tsc, tscinvbit, avx, avx2, aes, erms, clmul, bmi1, bmi2, adx, sha, fma, vzeroupper, clflush, clflushopt, hv, rdtscp, rdpid, fsrm, f16c, cet_ss
Processor Information for all 12 processors :
  Max Mhz: 3301, Current Mhz: 3301, Mhz Limit: 3301

Memory: 4k page, system-wide physical 7532M (424M free)
TotalPageFile size 17928M (AvailPageFile size 1M)
current process WorkingSet (physical memory assigned to process): 624M, peak: 624M
current process commit charge ("private bytes"): 1266M, peak: 1273M

vm_info: Java HotSpot(TM) 64-Bit Server VM (22.0.2+9-70) for windows-amd64 JRE (22.0.2+9-70), built on 2024-06-04T16:52:23Z by "mach5one" with MS VC++ 17.6 (VS2022)

END.
