#
# There is insufficient memory for the Java Runtime Environment to continue.
# Native memory allocation (malloc) failed to allocate 1804192 bytes. Error detail: Chunk::new
# Possible reasons:
#   The system is out of physical RAM or swap space
#   This process is running with CompressedOops enabled, and the Java Heap may be blocking the growth of the native heap
# Possible solutions:
#   Reduce memory load on the system
#   Increase physical memory or swap space
#   Check if swap backing store is full
#   Decrease Java heap size (-Xmx/-Xms)
#   Decrease number of Java threads
#   Decrease Java thread stack sizes (-Xss)
#   Set larger code cache with -XX:ReservedCodeCacheSize=
#   JVM is running with Unscaled Compressed Oops mode in which the Java heap is
#     placed in the first 4GB address space. The Java Heap base address is the
#     maximum limit for the native heap growth. Please use -XX:HeapBaseMinAddress
#     to set the Java Heap base and to place the Java Heap above 4GB virtual address.
# This output file may be truncated or incomplete.
#
#  Out of Memory Error (arena.cpp:168), pid=3428, tid=22424
#
# JRE version: OpenJDK Runtime Environment (21.0.6) (build 21.0.6+-13391695-b895.109)
# Java VM: OpenJDK 64-Bit Server VM (21.0.6+-13391695-b895.109, mixed mode, tiered, compressed oops, compressed class ptrs, g1 gc, windows-amd64)
# No core dump will be written. Minidumps are not enabled by default on client versions of Windows
#

---------------  S U M M A R Y ------------

Command Line: --add-opens=java.base/java.lang=ALL-UNNAMED --add-opens=java.base/java.lang.invoke=ALL-UNNAMED --add-opens=java.base/java.util=ALL-UNNAMED --add-opens=java.prefs/java.util.prefs=ALL-UNNAMED --add-exports=jdk.compiler/com.sun.tools.javac.api=ALL-UNNAMED --add-exports=jdk.compiler/com.sun.tools.javac.util=ALL-UNNAMED --add-opens=java.base/java.util=ALL-UNNAMED --add-opens=java.prefs/java.util.prefs=ALL-UNNAMED --add-opens=java.base/java.nio.charset=ALL-UNNAMED --add-opens=java.base/java.net=ALL-UNNAMED --add-opens=java.base/java.util.concurrent.atomic=ALL-UNNAMED --add-opens=java.xml/javax.xml.namespace=ALL-UNNAMED -Xmx2048m -Dfile.encoding=UTF-8 -Duser.country=US -Duser.language=en -Duser.variant -javaagent:C:\Users\name\.gradle\wrapper\dists\gradle-8.13-bin\5xuhj0ry160q40clulazy9h7d\gradle-8.13\lib\agents\gradle-instrumentation-agent-8.13.jar org.gradle.launcher.daemon.bootstrap.GradleDaemon 8.13

Host: AMD Ryzen 5 5600H with Radeon Graphics         , 12 cores, 7G,  Windows 11 , 64 bit Build 22621 (10.0.22621.5415)
Time: Tue Oct 28 18:36:29 2025 SE Asia Standard Time elapsed time: 22.603802 seconds (0d 0h 0m 22s)

---------------  T H R E A D  ---------------

Current thread (0x000001cf714f2a70):  JavaThread "C2 CompilerThread2" daemon [_thread_in_native, id=22424, stack(0x0000007a7ba00000,0x0000007a7bb00000) (1024K)]


Current CompileTask:
C2:22603 13862       4       java.beans.MethodRef::set (58 bytes)

Stack: [0x0000007a7ba00000,0x0000007a7bb00000]
Native frames: (J=compiled Java code, j=interpreted, Vv=VM code, C=native code)
V  [jvm.dll+0x6d0639]
V  [jvm.dll+0x85eb03]
V  [jvm.dll+0x86105e]
V  [jvm.dll+0x861743]
V  [jvm.dll+0x27e6e6]
V  [jvm.dll+0xbff6d]
V  [jvm.dll+0xc04a3]
V  [jvm.dll+0x3b61ab]
V  [jvm.dll+0x3820c7]
V  [jvm.dll+0x38153a]
V  [jvm.dll+0x247c82]
V  [jvm.dll+0x247251]
V  [jvm.dll+0x1c5f04]
V  [jvm.dll+0x2569ac]
V  [jvm.dll+0x254ef6]
V  [jvm.dll+0x3f0e96]
V  [jvm.dll+0x806ed8]
V  [jvm.dll+0x6cef0d]
C  [ucrtbase.dll+0x29333]
C  [KERNEL32.DLL+0x1259d]
C  [ntdll.dll+0x5af78]


---------------  P R O C E S S  ---------------

Threads class SMR info:
_java_thread_list=0x000001cf76d228b0, length=90, elements={
0x000001cf4e14e260, 0x000001cf6a0787e0, 0x000001cf6a07e510, 0x000001cf6a096460,
0x000001cf6a064290, 0x000001cf6a065cf0, 0x000001cf6a066740, 0x000001cf6a09fed0,
0x000001cf6a083730, 0x000001cf65c0bc10, 0x000001cf6a37e020, 0x000001cf6be4c370,
0x000001cf6bc409e0, 0x000001cf6c3a3010, 0x000001cf6c00e470, 0x000001cf6bfcf7e0,
0x000001cf6bdc0100, 0x000001cf6bf4b470, 0x000001cf6bf40f40, 0x000001cf6bf43010,
0x000001cf6bf415d0, 0x000001cf6bf408b0, 0x000001cf6bf42980, 0x000001cf6bf3fb90,
0x000001cf6bf41c60, 0x000001cf6bf422f0, 0x000001cf6bf40220, 0x000001cf708f21a0,
0x000001cf708f2830, 0x000001cf708f3550, 0x000001cf708f2ec0, 0x000001cf708f0760,
0x000001cf708f0df0, 0x000001cf6f0b10f0, 0x000001cf6f0b24a0, 0x000001cf6f0b0a60,
0x000001cf6f0af6b0, 0x000001cf6f0acf50, 0x000001cf6f0ae990, 0x000001cf6f0b03d0,
0x000001cf6f0b2b30, 0x000001cf6f0ae300, 0x000001cf6f0af020, 0x000001cf6f0b3850,
0x000001cf6f0b1780, 0x000001cf6f0adc70, 0x000001cf6f0b3ee0, 0x000001cf6f0ad5e0,
0x000001cf6f0b4570, 0x000001cf6f0b1e10, 0x000001cf6f0b31c0, 0x000001cf6f0afd40,
0x000001cf70f45150, 0x000001cf70f40290, 0x000001cf70f44430, 0x000001cf70f40920,
0x000001cf70f44ac0, 0x000001cf70f457e0, 0x000001cf70f45e70, 0x000001cf70f41640,
0x000001cf70f46b90, 0x000001cf70f40fb0, 0x000001cf70f3fc00, 0x000001cf70f47220,
0x000001cf70f41cd0, 0x000001cf70f42360, 0x000001cf70f429f0, 0x000001cf6dbf0340,
0x000001cf6dbec830, 0x000001cf6dbf1d80, 0x000001cf6dbf1060, 0x000001cf6dbf2aa0,
0x000001cf6dbedbe0, 0x000001cf6dbf3130, 0x000001cf6dbf09d0, 0x000001cf6dbf16f0,
0x000001cf6dbf2410, 0x000001cf6dbf37c0, 0x000001cf6dbf3e50, 0x000001cf6dbecec0,
0x000001cf6dbee270, 0x000001cf6dbed550, 0x000001cf6dbee900, 0x000001cf6dbeef90,
0x000001cf6dbef620, 0x000001cf6f90dd10, 0x000001cf6f90f0c0, 0x000001cf70cbc810,
0x000001cf714f4c80, 0x000001cf714f2a70
}

Java Threads: ( => current thread )
  0x000001cf4e14e260 JavaThread "main"                              [_thread_blocked, id=12580, stack(0x0000007a74f00000,0x0000007a75000000) (1024K)]
  0x000001cf6a0787e0 JavaThread "Reference Handler"          daemon [_thread_blocked, id=12240, stack(0x0000007a75700000,0x0000007a75800000) (1024K)]
  0x000001cf6a07e510 JavaThread "Finalizer"                  daemon [_thread_blocked, id=2376, stack(0x0000007a75800000,0x0000007a75900000) (1024K)]
  0x000001cf6a096460 JavaThread "Signal Dispatcher"          daemon [_thread_blocked, id=22768, stack(0x0000007a75900000,0x0000007a75a00000) (1024K)]
  0x000001cf6a064290 JavaThread "Attach Listener"            daemon [_thread_blocked, id=3244, stack(0x0000007a75a00000,0x0000007a75b00000) (1024K)]
  0x000001cf6a065cf0 JavaThread "Service Thread"             daemon [_thread_blocked, id=21692, stack(0x0000007a75b00000,0x0000007a75c00000) (1024K)]
  0x000001cf6a066740 JavaThread "Monitor Deflation Thread"   daemon [_thread_blocked, id=4160, stack(0x0000007a75c00000,0x0000007a75d00000) (1024K)]
  0x000001cf6a09fed0 JavaThread "C2 CompilerThread0"         daemon [_thread_in_native, id=17560, stack(0x0000007a75d00000,0x0000007a75e00000) (1024K)]
  0x000001cf6a083730 JavaThread "C1 CompilerThread0"         daemon [_thread_blocked, id=2100, stack(0x0000007a75e00000,0x0000007a75f00000) (1024K)]
  0x000001cf65c0bc10 JavaThread "Common-Cleaner"             daemon [_thread_blocked, id=19800, stack(0x0000007a75f00000,0x0000007a76000000) (1024K)]
  0x000001cf6a37e020 JavaThread "Notification Thread"        daemon [_thread_blocked, id=1612, stack(0x0000007a76000000,0x0000007a76100000) (1024K)]
  0x000001cf6be4c370 JavaThread "Daemon health stats"               [_thread_blocked, id=9868, stack(0x0000007a76a00000,0x0000007a76b00000) (1024K)]
  0x000001cf6bc409e0 JavaThread "Incoming local TCP Connector on port 59268"        [_thread_in_native, id=22864, stack(0x0000007a76b00000,0x0000007a76c00000) (1024K)]
  0x000001cf6c3a3010 JavaThread "Daemon periodic checks"            [_thread_blocked, id=19340, stack(0x0000007a76c00000,0x0000007a76d00000) (1024K)]
  0x000001cf6c00e470 JavaThread "Daemon"                            [_thread_blocked, id=22320, stack(0x0000007a76d00000,0x0000007a76e00000) (1024K)]
  0x000001cf6bfcf7e0 JavaThread "Handler for socket connection from /127.0.0.1:59268 to /127.0.0.1:59269"        [_thread_in_native, id=3100, stack(0x0000007a76e00000,0x0000007a76f00000) (1024K)]
  0x000001cf6bdc0100 JavaThread "Cancel handler"                    [_thread_blocked, id=8556, stack(0x0000007a76f00000,0x0000007a77000000) (1024K)]
  0x000001cf6bf4b470 JavaThread "Daemon worker"                     [_thread_in_vm, id=15940, stack(0x0000007a77000000,0x0000007a77100000) (1024K)]
  0x000001cf6bf40f40 JavaThread "Asynchronous log dispatcher for DefaultDaemonConnection: socket connection from /127.0.0.1:59268 to /127.0.0.1:59269"        [_thread_blocked, id=23520, stack(0x0000007a77100000,0x0000007a77200000) (1024K)]
  0x000001cf6bf43010 JavaThread "Stdin handler"                     [_thread_blocked, id=22112, stack(0x0000007a77200000,0x0000007a77300000) (1024K)]
  0x000001cf6bf415d0 JavaThread "Daemon client event forwarder"        [_thread_blocked, id=21100, stack(0x0000007a77300000,0x0000007a77400000) (1024K)]
  0x000001cf6bf408b0 JavaThread "Cache worker for journal cache (C:\Users\name\.gradle\caches\journal-1)"        [_thread_blocked, id=12020, stack(0x0000007a77800000,0x0000007a77900000) (1024K)]
  0x000001cf6bf42980 JavaThread "File lock request listener"        [_thread_in_native, id=6316, stack(0x0000007a77900000,0x0000007a77a00000) (1024K)]
  0x000001cf6bf3fb90 JavaThread "Cache worker for file hash cache (C:\Users\name\.gradle\caches\8.13\fileHashes)"        [_thread_blocked, id=11640, stack(0x0000007a77a00000,0x0000007a77b00000) (1024K)]
  0x000001cf6bf41c60 JavaThread "Cache worker for file hash cache (D:\app_ungdung\.gradle\8.13\fileHashes)"        [_thread_blocked, id=6972, stack(0x0000007a77b00000,0x0000007a77c00000) (1024K)]
  0x000001cf6bf422f0 JavaThread "Cache worker for Build Output Cleanup Cache (D:\app_ungdung\.gradle\buildOutputCleanup)"        [_thread_blocked, id=14164, stack(0x0000007a77c00000,0x0000007a77d00000) (1024K)]
  0x000001cf6bf40220 JavaThread "File watcher server"        daemon [_thread_in_native, id=23332, stack(0x0000007a77d00000,0x0000007a77e00000) (1024K)]
  0x000001cf708f21a0 JavaThread "File watcher consumer"      daemon [_thread_blocked, id=6856, stack(0x0000007a77e00000,0x0000007a77f00000) (1024K)]
  0x000001cf708f2830 JavaThread "jar transforms"                    [_thread_blocked, id=6368, stack(0x0000007a76200000,0x0000007a76300000) (1024K)]
  0x000001cf708f3550 JavaThread "jar transforms Thread 2"           [_thread_blocked, id=11240, stack(0x0000007a77f00000,0x0000007a78000000) (1024K)]
  0x000001cf708f2ec0 JavaThread "Cache worker for checksums cache (D:\app_ungdung\.gradle\8.13\checksums)"        [_thread_blocked, id=9504, stack(0x0000007a78000000,0x0000007a78100000) (1024K)]
  0x000001cf708f0760 JavaThread "Cache worker for file content cache (C:\Users\name\.gradle\caches\8.13\fileContent)"        [_thread_blocked, id=22816, stack(0x0000007a78100000,0x0000007a78200000) (1024K)]
  0x000001cf708f0df0 JavaThread "jar transforms Thread 3"           [_thread_blocked, id=17148, stack(0x0000007a78200000,0x0000007a78300000) (1024K)]
  0x000001cf6f0b10f0 JavaThread "Cache worker for cache directory md-supplier (C:\Users\name\.gradle\caches\8.13\md-supplier)"        [_thread_blocked, id=2168, stack(0x0000007a78300000,0x0000007a78400000) (1024K)]
  0x000001cf6f0b24a0 JavaThread "Cache worker for cache directory md-rule (C:\Users\name\.gradle\caches\8.13\md-rule)"        [_thread_blocked, id=4880, stack(0x0000007a78400000,0x0000007a78500000) (1024K)]
  0x000001cf6f0b0a60 JavaThread "Unconstrained build operations"        [_thread_blocked, id=22076, stack(0x0000007a78500000,0x0000007a78600000) (1024K)]
  0x000001cf6f0af6b0 JavaThread "Unconstrained build operations Thread 2"        [_thread_blocked, id=20244, stack(0x0000007a78600000,0x0000007a78700000) (1024K)]
  0x000001cf6f0acf50 JavaThread "Unconstrained build operations Thread 3"        [_thread_blocked, id=23032, stack(0x0000007a78700000,0x0000007a78800000) (1024K)]
  0x000001cf6f0ae990 JavaThread "Unconstrained build operations Thread 4"        [_thread_blocked, id=11656, stack(0x0000007a78800000,0x0000007a78900000) (1024K)]
  0x000001cf6f0b03d0 JavaThread "Unconstrained build operations Thread 5"        [_thread_blocked, id=5796, stack(0x0000007a78900000,0x0000007a78a00000) (1024K)]
  0x000001cf6f0b2b30 JavaThread "Unconstrained build operations Thread 6"        [_thread_blocked, id=8544, stack(0x0000007a78a00000,0x0000007a78b00000) (1024K)]
  0x000001cf6f0ae300 JavaThread "Unconstrained build operations Thread 7"        [_thread_blocked, id=15888, stack(0x0000007a78b00000,0x0000007a78c00000) (1024K)]
  0x000001cf6f0af020 JavaThread "Unconstrained build operations Thread 8"        [_thread_blocked, id=2812, stack(0x0000007a78c00000,0x0000007a78d00000) (1024K)]
  0x000001cf6f0b3850 JavaThread "jar transforms Thread 4"           [_thread_blocked, id=22448, stack(0x0000007a78d00000,0x0000007a78e00000) (1024K)]
  0x000001cf6f0b1780 JavaThread "jar transforms Thread 5"           [_thread_blocked, id=7356, stack(0x0000007a76100000,0x0000007a76200000) (1024K)]
  0x000001cf6f0adc70 JavaThread "Unconstrained build operations Thread 9"        [_thread_blocked, id=18444, stack(0x0000007a78e00000,0x0000007a78f00000) (1024K)]
  0x000001cf6f0b3ee0 JavaThread "Unconstrained build operations Thread 10"        [_thread_blocked, id=20760, stack(0x0000007a78f00000,0x0000007a79000000) (1024K)]
  0x000001cf6f0ad5e0 JavaThread "Unconstrained build operations Thread 11"        [_thread_blocked, id=16304, stack(0x0000007a79000000,0x0000007a79100000) (1024K)]
  0x000001cf6f0b4570 JavaThread "Unconstrained build operations Thread 12"        [_thread_blocked, id=11768, stack(0x0000007a79100000,0x0000007a79200000) (1024K)]
  0x000001cf6f0b1e10 JavaThread "jar transforms Thread 6"           [_thread_blocked, id=8484, stack(0x0000007a79200000,0x0000007a79300000) (1024K)]
  0x000001cf6f0b31c0 JavaThread "jar transforms Thread 7"           [_thread_blocked, id=980, stack(0x0000007a79300000,0x0000007a79400000) (1024K)]
  0x000001cf6f0afd40 JavaThread "jar transforms Thread 8"           [_thread_blocked, id=22600, stack(0x0000007a79400000,0x0000007a79500000) (1024K)]
  0x000001cf70f45150 JavaThread "Unconstrained build operations Thread 13"        [_thread_blocked, id=21068, stack(0x0000007a79500000,0x0000007a79600000) (1024K)]
  0x000001cf70f40290 JavaThread "Unconstrained build operations Thread 14"        [_thread_blocked, id=23408, stack(0x0000007a79600000,0x0000007a79700000) (1024K)]
  0x000001cf70f44430 JavaThread "Unconstrained build operations Thread 15"        [_thread_blocked, id=20348, stack(0x0000007a79700000,0x0000007a79800000) (1024K)]
  0x000001cf70f40920 JavaThread "Unconstrained build operations Thread 16"        [_thread_blocked, id=9308, stack(0x0000007a79800000,0x0000007a79900000) (1024K)]
  0x000001cf70f44ac0 JavaThread "Unconstrained build operations Thread 17"        [_thread_blocked, id=10780, stack(0x0000007a79900000,0x0000007a79a00000) (1024K)]
  0x000001cf70f457e0 JavaThread "Unconstrained build operations Thread 18"        [_thread_blocked, id=1744, stack(0x0000007a79a00000,0x0000007a79b00000) (1024K)]
  0x000001cf70f45e70 JavaThread "Unconstrained build operations Thread 19"        [_thread_blocked, id=14088, stack(0x0000007a79b00000,0x0000007a79c00000) (1024K)]
  0x000001cf70f41640 JavaThread "Unconstrained build operations Thread 20"        [_thread_blocked, id=13668, stack(0x0000007a79c00000,0x0000007a79d00000) (1024K)]
  0x000001cf70f46b90 JavaThread "Unconstrained build operations Thread 21"        [_thread_blocked, id=3324, stack(0x0000007a79d00000,0x0000007a79e00000) (1024K)]
  0x000001cf70f40fb0 JavaThread "Unconstrained build operations Thread 22"        [_thread_blocked, id=18452, stack(0x0000007a79e00000,0x0000007a79f00000) (1024K)]
  0x000001cf70f3fc00 JavaThread "Unconstrained build operations Thread 23"        [_thread_blocked, id=18612, stack(0x0000007a79f00000,0x0000007a7a000000) (1024K)]
  0x000001cf70f47220 JavaThread "Unconstrained build operations Thread 24"        [_thread_blocked, id=21208, stack(0x0000007a7a100000,0x0000007a7a200000) (1024K)]
  0x000001cf70f41cd0 JavaThread "Unconstrained build operations Thread 25"        [_thread_blocked, id=20728, stack(0x0000007a7a200000,0x0000007a7a300000) (1024K)]
  0x000001cf70f42360 JavaThread "Unconstrained build operations Thread 26"        [_thread_blocked, id=16196, stack(0x0000007a7a300000,0x0000007a7a400000) (1024K)]
  0x000001cf70f429f0 JavaThread "Unconstrained build operations Thread 27"        [_thread_blocked, id=19596, stack(0x0000007a7a400000,0x0000007a7a500000) (1024K)]
  0x000001cf6dbf0340 JavaThread "Unconstrained build operations Thread 28"        [_thread_blocked, id=8988, stack(0x0000007a7a500000,0x0000007a7a600000) (1024K)]
  0x000001cf6dbec830 JavaThread "Unconstrained build operations Thread 29"        [_thread_blocked, id=19884, stack(0x0000007a7a600000,0x0000007a7a700000) (1024K)]
  0x000001cf6dbf1d80 JavaThread "Unconstrained build operations Thread 30"        [_thread_blocked, id=18028, stack(0x0000007a7a700000,0x0000007a7a800000) (1024K)]
  0x000001cf6dbf1060 JavaThread "Unconstrained build operations Thread 31"        [_thread_blocked, id=8960, stack(0x0000007a7a800000,0x0000007a7a900000) (1024K)]
  0x000001cf6dbf2aa0 JavaThread "Unconstrained build operations Thread 32"        [_thread_blocked, id=23356, stack(0x0000007a7a900000,0x0000007a7aa00000) (1024K)]
  0x000001cf6dbedbe0 JavaThread "Unconstrained build operations Thread 33"        [_thread_blocked, id=19732, stack(0x0000007a7aa00000,0x0000007a7ab00000) (1024K)]
  0x000001cf6dbf3130 JavaThread "Unconstrained build operations Thread 34"        [_thread_blocked, id=20084, stack(0x0000007a7ab00000,0x0000007a7ac00000) (1024K)]
  0x000001cf6dbf09d0 JavaThread "Unconstrained build operations Thread 35"        [_thread_blocked, id=19960, stack(0x0000007a7ac00000,0x0000007a7ad00000) (1024K)]
  0x000001cf6dbf16f0 JavaThread "Unconstrained build operations Thread 36"        [_thread_blocked, id=13084, stack(0x0000007a7ad00000,0x0000007a7ae00000) (1024K)]
  0x000001cf6dbf2410 JavaThread "Unconstrained build operations Thread 37"        [_thread_blocked, id=8836, stack(0x0000007a7ae00000,0x0000007a7af00000) (1024K)]
  0x000001cf6dbf37c0 JavaThread "Unconstrained build operations Thread 38"        [_thread_blocked, id=23412, stack(0x0000007a7af00000,0x0000007a7b000000) (1024K)]
  0x000001cf6dbf3e50 JavaThread "Unconstrained build operations Thread 39"        [_thread_blocked, id=19504, stack(0x0000007a7b000000,0x0000007a7b100000) (1024K)]
  0x000001cf6dbecec0 JavaThread "Unconstrained build operations Thread 40"        [_thread_blocked, id=21304, stack(0x0000007a7b100000,0x0000007a7b200000) (1024K)]
  0x000001cf6dbee270 JavaThread "Unconstrained build operations Thread 41"        [_thread_blocked, id=21600, stack(0x0000007a7b200000,0x0000007a7b300000) (1024K)]
  0x000001cf6dbed550 JavaThread "Unconstrained build operations Thread 42"        [_thread_blocked, id=12392, stack(0x0000007a7b300000,0x0000007a7b400000) (1024K)]
  0x000001cf6dbee900 JavaThread "Unconstrained build operations Thread 43"        [_thread_blocked, id=11572, stack(0x0000007a7b400000,0x0000007a7b500000) (1024K)]
  0x000001cf6dbeef90 JavaThread "Unconstrained build operations Thread 44"        [_thread_blocked, id=8160, stack(0x0000007a7b500000,0x0000007a7b600000) (1024K)]
  0x000001cf6dbef620 JavaThread "Unconstrained build operations Thread 45"        [_thread_blocked, id=1928, stack(0x0000007a7b600000,0x0000007a7b700000) (1024K)]
  0x000001cf6f90dd10 JavaThread "build event listener"              [_thread_blocked, id=12604, stack(0x0000007a7a000000,0x0000007a7a100000) (1024K)]
  0x000001cf6f90f0c0 JavaThread "Memory manager"                    [_thread_blocked, id=13236, stack(0x0000007a7b700000,0x0000007a7b800000) (1024K)]
  0x000001cf70cbc810 JavaThread "build event listener"              [_thread_blocked, id=22964, stack(0x0000007a7b800000,0x0000007a7b900000) (1024K)]
  0x000001cf714f4c80 JavaThread "C2 CompilerThread1"         daemon [_thread_in_native, id=23396, stack(0x0000007a7b900000,0x0000007a7ba00000) (1024K)]
=>0x000001cf714f2a70 JavaThread "C2 CompilerThread2"         daemon [_thread_in_native, id=22424, stack(0x0000007a7ba00000,0x0000007a7bb00000) (1024K)]
Total: 90

Other Threads:
  0x000001cf65c6b3b0 VMThread "VM Thread"                           [id=16148, stack(0x0000007a75600000,0x0000007a75700000) (1024K)]
  0x000001cf65c0a6f0 WatcherThread "VM Periodic Task Thread"        [id=10948, stack(0x0000007a75500000,0x0000007a75600000) (1024K)]
  0x000001cf4e1a4170 WorkerThread "GC Thread#0"                     [id=12352, stack(0x0000007a75000000,0x0000007a75100000) (1024K)]
  0x000001cf6a788fa0 WorkerThread "GC Thread#1"                     [id=20800, stack(0x0000007a76300000,0x0000007a76400000) (1024K)]
  0x000001cf6aa18d30 WorkerThread "GC Thread#2"                     [id=3608, stack(0x0000007a76400000,0x0000007a76500000) (1024K)]
  0x000001cf6b251220 WorkerThread "GC Thread#3"                     [id=22228, stack(0x0000007a76500000,0x0000007a76600000) (1024K)]
  0x000001cf6b2515c0 WorkerThread "GC Thread#4"                     [id=19352, stack(0x0000007a76600000,0x0000007a76700000) (1024K)]
  0x000001cf6b288300 WorkerThread "GC Thread#5"                     [id=22032, stack(0x0000007a76700000,0x0000007a76800000) (1024K)]
  0x000001cf6b2886a0 WorkerThread "GC Thread#6"                     [id=23388, stack(0x0000007a76800000,0x0000007a76900000) (1024K)]
  0x000001cf6b288a40 WorkerThread "GC Thread#7"                     [id=18464, stack(0x0000007a76900000,0x0000007a76a00000) (1024K)]
  0x000001cf6be337e0 WorkerThread "GC Thread#8"                     [id=1840, stack(0x0000007a77400000,0x0000007a77500000) (1024K)]
  0x000001cf6be33440 WorkerThread "GC Thread#9"                     [id=23204, stack(0x0000007a77500000,0x0000007a77600000) (1024K)]
  0x000001cf4e1b62d0 ConcurrentGCThread "G1 Main Marker"            [id=17864, stack(0x0000007a75100000,0x0000007a75200000) (1024K)]
  0x000001cf4e1b7d80 WorkerThread "G1 Conc#0"                       [id=1476, stack(0x0000007a75200000,0x0000007a75300000) (1024K)]
  0x000001cf6be34660 WorkerThread "G1 Conc#1"                       [id=19400, stack(0x0000007a77600000,0x0000007a77700000) (1024K)]
  0x000001cf6be33b80 WorkerThread "G1 Conc#2"                       [id=18912, stack(0x0000007a77700000,0x0000007a77800000) (1024K)]
  0x000001cf65ad9920 ConcurrentGCThread "G1 Refine#0"               [id=21128, stack(0x0000007a75300000,0x0000007a75400000) (1024K)]
  0x000001cf65ada140 ConcurrentGCThread "G1 Service"                [id=16744, stack(0x0000007a75400000,0x0000007a75500000) (1024K)]
Total: 18

Threads with active compile tasks:
C2 CompilerThread0  22630 13801       4       java.beans.Introspector::addMethod (196 bytes)
C2 CompilerThread1  22630 13921   !   4       java.lang.reflect.Executable::sharedToGenericString (255 bytes)
C2 CompilerThread2  22630 13862       4       java.beans.MethodRef::set (58 bytes)
Total: 3

VM state: not at safepoint (normal execution)

VM Mutex/Monitor currently owned by a thread: None

Heap address: 0x0000000080000000, size: 2048 MB, Compressed Oops mode: 32-bit

CDS archive(s) not mapped
Compressed class space mapped at: 0x0000000100000000-0x0000000140000000, reserved size: 1073741824
Narrow klass base: 0x0000000000000000, Narrow klass shift: 3, Narrow klass range: 0x140000000

GC Precious Log:
 CardTable entry size: 512
 Card Set container configuration: InlinePtr #cards 5 size 8 Array Of Cards #cards 12 size 40 Howl #buckets 4 coarsen threshold 1843 Howl Bitmap #cards 512 size 80 coarsen threshold 460 Card regions per heap region 1 cards per card region 2048
 CPUs: 12 total, 12 available
 Memory: 7532M
 Large Page Support: Disabled
 NUMA Support: Disabled
 Compressed Oops: Enabled (32-bit)
 Heap Region Size: 1M
 Heap Min Capacity: 8M
 Heap Initial Capacity: 118M
 Heap Max Capacity: 2G
 Pre-touch: Disabled
 Parallel Workers: 10
 Concurrent Workers: 3
 Concurrent Refinement Workers: 10
 Periodic GC: Disabled

Heap:
 garbage-first heap   total 201728K, used 130806K [0x0000000080000000, 0x0000000100000000)
  region size 1024K, 18 young (18432K), 10 survivors (10240K)
 Metaspace       used 117541K, committed 119808K, reserved 1179648K
  class space    used 15801K, committed 16896K, reserved 1048576K

Heap Regions: E=young(eden), S=young(survivor), O=old, HS=humongous(starts), HC=humongous(continues), CS=collection set, F=free, TAMS=top-at-mark-start, PB=parsable bottom
|   0|0x0000000080000000, 0x0000000080100000, 0x0000000080100000|100%|HS|  |TAMS 0x0000000080000000| PB 0x0000000080000000| Complete 
|   1|0x0000000080100000, 0x0000000080200000, 0x0000000080200000|100%|HC|  |TAMS 0x0000000080100000| PB 0x0000000080100000| Complete 
|   2|0x0000000080200000, 0x0000000080300000, 0x0000000080300000|100%|HC|  |TAMS 0x0000000080200000| PB 0x0000000080200000| Complete 
|   3|0x0000000080300000, 0x0000000080400000, 0x0000000080400000|100%| O|  |TAMS 0x0000000080300000| PB 0x0000000080300000| Untracked 
|   4|0x0000000080400000, 0x0000000080500000, 0x0000000080500000|100%| O|  |TAMS 0x0000000080400000| PB 0x0000000080400000| Untracked 
|   5|0x0000000080500000, 0x0000000080600000, 0x0000000080600000|100%| O|  |TAMS 0x0000000080500000| PB 0x0000000080500000| Untracked 
|   6|0x0000000080600000, 0x0000000080700000, 0x0000000080700000|100%|HS|  |TAMS 0x0000000080600000| PB 0x0000000080600000| Complete 
|   7|0x0000000080700000, 0x0000000080800000, 0x0000000080800000|100%| O|  |TAMS 0x0000000080700000| PB 0x0000000080700000| Untracked 
|   8|0x0000000080800000, 0x0000000080900000, 0x0000000080900000|100%| O|  |TAMS 0x0000000080800000| PB 0x0000000080800000| Untracked 
|   9|0x0000000080900000, 0x0000000080a00000, 0x0000000080a00000|100%| O|  |TAMS 0x0000000080900000| PB 0x0000000080900000| Untracked 
|  10|0x0000000080a00000, 0x0000000080b00000, 0x0000000080b00000|100%| O|  |TAMS 0x0000000080a00000| PB 0x0000000080a00000| Untracked 
|  11|0x0000000080b00000, 0x0000000080c00000, 0x0000000080c00000|100%| O|  |TAMS 0x0000000080b00000| PB 0x0000000080b00000| Untracked 
|  12|0x0000000080c00000, 0x0000000080d00000, 0x0000000080d00000|100%| O|  |TAMS 0x0000000080c00000| PB 0x0000000080c00000| Untracked 
|  13|0x0000000080d00000, 0x0000000080e00000, 0x0000000080e00000|100%| O|  |TAMS 0x0000000080d00000| PB 0x0000000080d00000| Untracked 
|  14|0x0000000080e00000, 0x0000000080f00000, 0x0000000080f00000|100%| O|  |TAMS 0x0000000080e00000| PB 0x0000000080e00000| Untracked 
|  15|0x0000000080f00000, 0x0000000081000000, 0x0000000081000000|100%| O|  |TAMS 0x0000000080f00000| PB 0x0000000080f00000| Untracked 
|  16|0x0000000081000000, 0x0000000081100000, 0x0000000081100000|100%| O|  |TAMS 0x0000000081000000| PB 0x0000000081000000| Untracked 
|  17|0x0000000081100000, 0x0000000081200000, 0x0000000081200000|100%| O|  |TAMS 0x0000000081100000| PB 0x0000000081100000| Untracked 
|  18|0x0000000081200000, 0x0000000081300000, 0x0000000081300000|100%| O|  |TAMS 0x0000000081200000| PB 0x0000000081200000| Untracked 
|  19|0x0000000081300000, 0x0000000081400000, 0x0000000081400000|100%| O|  |TAMS 0x0000000081300000| PB 0x0000000081300000| Untracked 
|  20|0x0000000081400000, 0x0000000081500000, 0x0000000081500000|100%| O|  |TAMS 0x0000000081400000| PB 0x0000000081400000| Untracked 
|  21|0x0000000081500000, 0x0000000081600000, 0x0000000081600000|100%| O|  |TAMS 0x0000000081500000| PB 0x0000000081500000| Untracked 
|  22|0x0000000081600000, 0x0000000081700000, 0x0000000081700000|100%| O|  |TAMS 0x0000000081600000| PB 0x0000000081600000| Untracked 
|  23|0x0000000081700000, 0x0000000081800000, 0x0000000081800000|100%| O|  |TAMS 0x0000000081700000| PB 0x0000000081700000| Untracked 
|  24|0x0000000081800000, 0x0000000081900000, 0x0000000081900000|100%| O|  |TAMS 0x0000000081800000| PB 0x0000000081800000| Untracked 
|  25|0x0000000081900000, 0x0000000081a00000, 0x0000000081a00000|100%| O|  |TAMS 0x0000000081900000| PB 0x0000000081900000| Untracked 
|  26|0x0000000081a00000, 0x0000000081b00000, 0x0000000081b00000|100%| O|  |TAMS 0x0000000081a00000| PB 0x0000000081a00000| Untracked 
|  27|0x0000000081b00000, 0x0000000081c00000, 0x0000000081c00000|100%| O|  |TAMS 0x0000000081b00000| PB 0x0000000081b00000| Untracked 
|  28|0x0000000081c00000, 0x0000000081d00000, 0x0000000081d00000|100%| O|  |TAMS 0x0000000081c00000| PB 0x0000000081c00000| Untracked 
|  29|0x0000000081d00000, 0x0000000081e00000, 0x0000000081e00000|100%| O|  |TAMS 0x0000000081d00000| PB 0x0000000081d00000| Untracked 
|  30|0x0000000081e00000, 0x0000000081f00000, 0x0000000081f00000|100%| O|  |TAMS 0x0000000081e00000| PB 0x0000000081e00000| Untracked 
|  31|0x0000000081f00000, 0x0000000082000000, 0x0000000082000000|100%| O|  |TAMS 0x0000000081f00000| PB 0x0000000081f00000| Untracked 
|  32|0x0000000082000000, 0x0000000082100000, 0x0000000082100000|100%| O|  |TAMS 0x0000000082000000| PB 0x0000000082000000| Untracked 
|  33|0x0000000082100000, 0x0000000082200000, 0x0000000082200000|100%|HS|  |TAMS 0x0000000082100000| PB 0x0000000082100000| Complete 
|  34|0x0000000082200000, 0x0000000082300000, 0x0000000082300000|100%| O|  |TAMS 0x0000000082200000| PB 0x0000000082200000| Untracked 
|  35|0x0000000082300000, 0x0000000082400000, 0x0000000082400000|100%| O|  |TAMS 0x0000000082300000| PB 0x0000000082300000| Untracked 
|  36|0x0000000082400000, 0x0000000082500000, 0x0000000082500000|100%| O|  |TAMS 0x0000000082400000| PB 0x0000000082400000| Untracked 
|  37|0x0000000082500000, 0x0000000082600000, 0x0000000082600000|100%| O|  |TAMS 0x0000000082500000| PB 0x0000000082500000| Untracked 
|  38|0x0000000082600000, 0x0000000082700000, 0x0000000082700000|100%| O|  |TAMS 0x0000000082600000| PB 0x0000000082600000| Untracked 
|  39|0x0000000082700000, 0x0000000082800000, 0x0000000082800000|100%| O|  |TAMS 0x0000000082700000| PB 0x0000000082700000| Untracked 
|  40|0x0000000082800000, 0x0000000082900000, 0x0000000082900000|100%| O|  |TAMS 0x0000000082800000| PB 0x0000000082800000| Untracked 
|  41|0x0000000082900000, 0x0000000082a00000, 0x0000000082a00000|100%| O|  |TAMS 0x0000000082900000| PB 0x0000000082900000| Untracked 
|  42|0x0000000082a00000, 0x0000000082b00000, 0x0000000082b00000|100%| O|  |TAMS 0x0000000082a00000| PB 0x0000000082a00000| Untracked 
|  43|0x0000000082b00000, 0x0000000082c00000, 0x0000000082c00000|100%| O|  |TAMS 0x0000000082b00000| PB 0x0000000082b00000| Untracked 
|  44|0x0000000082c00000, 0x0000000082d00000, 0x0000000082d00000|100%| O|  |TAMS 0x0000000082c00000| PB 0x0000000082c00000| Untracked 
|  45|0x0000000082d00000, 0x0000000082e00000, 0x0000000082e00000|100%| O|  |TAMS 0x0000000082d00000| PB 0x0000000082d00000| Untracked 
|  46|0x0000000082e00000, 0x0000000082f00000, 0x0000000082f00000|100%| O|  |TAMS 0x0000000082e00000| PB 0x0000000082e00000| Untracked 
|  47|0x0000000082f00000, 0x0000000083000000, 0x0000000083000000|100%| O|  |TAMS 0x0000000082f00000| PB 0x0000000082f00000| Untracked 
|  48|0x0000000083000000, 0x0000000083100000, 0x0000000083100000|100%|HS|  |TAMS 0x0000000083000000| PB 0x0000000083000000| Complete 
|  49|0x0000000083100000, 0x0000000083200000, 0x0000000083200000|100%| O|  |TAMS 0x0000000083100000| PB 0x0000000083100000| Untracked 
|  50|0x0000000083200000, 0x0000000083300000, 0x0000000083300000|100%|HS|  |TAMS 0x0000000083200000| PB 0x0000000083200000| Complete 
|  51|0x0000000083300000, 0x0000000083400000, 0x0000000083400000|100%|HC|  |TAMS 0x0000000083300000| PB 0x0000000083300000| Complete 
|  52|0x0000000083400000, 0x0000000083500000, 0x0000000083500000|100%|HS|  |TAMS 0x0000000083400000| PB 0x0000000083400000| Complete 
|  53|0x0000000083500000, 0x0000000083600000, 0x0000000083600000|100%|HC|  |TAMS 0x0000000083500000| PB 0x0000000083500000| Complete 
|  54|0x0000000083600000, 0x0000000083700000, 0x0000000083700000|100%|HS|  |TAMS 0x0000000083600000| PB 0x0000000083600000| Complete 
|  55|0x0000000083700000, 0x0000000083800000, 0x0000000083800000|100%|HC|  |TAMS 0x0000000083700000| PB 0x0000000083700000| Complete 
|  56|0x0000000083800000, 0x0000000083900000, 0x0000000083900000|100%|HC|  |TAMS 0x0000000083800000| PB 0x0000000083800000| Complete 
|  57|0x0000000083900000, 0x0000000083a00000, 0x0000000083a00000|100%|HS|  |TAMS 0x0000000083900000| PB 0x0000000083900000| Complete 
|  58|0x0000000083a00000, 0x0000000083b00000, 0x0000000083b00000|100%|HS|  |TAMS 0x0000000083a00000| PB 0x0000000083a00000| Complete 
|  59|0x0000000083b00000, 0x0000000083c00000, 0x0000000083c00000|100%| O|  |TAMS 0x0000000083b00000| PB 0x0000000083b00000| Untracked 
|  60|0x0000000083c00000, 0x0000000083d00000, 0x0000000083d00000|100%|HS|  |TAMS 0x0000000083c00000| PB 0x0000000083c00000| Complete 
|  61|0x0000000083d00000, 0x0000000083e00000, 0x0000000083e00000|100%|HS|  |TAMS 0x0000000083d00000| PB 0x0000000083d00000| Complete 
|  62|0x0000000083e00000, 0x0000000083f00000, 0x0000000083f00000|100%| O|  |TAMS 0x0000000083e00000| PB 0x0000000083e00000| Untracked 
|  63|0x0000000083f00000, 0x0000000084000000, 0x0000000084000000|100%| O|  |TAMS 0x0000000083f00000| PB 0x0000000083f00000| Untracked 
|  64|0x0000000084000000, 0x0000000084100000, 0x0000000084100000|100%| O|  |TAMS 0x0000000084000000| PB 0x0000000084000000| Untracked 
|  65|0x0000000084100000, 0x0000000084200000, 0x0000000084200000|100%| O|  |TAMS 0x0000000084100000| PB 0x0000000084100000| Untracked 
|  66|0x0000000084200000, 0x0000000084300000, 0x0000000084300000|100%| O|  |TAMS 0x0000000084200000| PB 0x0000000084200000| Untracked 
|  67|0x0000000084300000, 0x0000000084400000, 0x0000000084400000|100%| O|  |TAMS 0x0000000084300000| PB 0x0000000084300000| Untracked 
|  68|0x0000000084400000, 0x0000000084500000, 0x0000000084500000|100%| O|  |TAMS 0x0000000084400000| PB 0x0000000084400000| Untracked 
|  69|0x0000000084500000, 0x0000000084600000, 0x0000000084600000|100%| O|  |TAMS 0x0000000084500000| PB 0x0000000084500000| Untracked 
|  70|0x0000000084600000, 0x0000000084700000, 0x0000000084700000|100%| O|  |TAMS 0x0000000084600000| PB 0x0000000084600000| Untracked 
|  71|0x0000000084700000, 0x0000000084800000, 0x0000000084800000|100%|HS|  |TAMS 0x0000000084700000| PB 0x0000000084700000| Complete 
|  72|0x0000000084800000, 0x0000000084900000, 0x0000000084900000|100%| O|  |TAMS 0x0000000084800000| PB 0x0000000084800000| Untracked 
|  73|0x0000000084900000, 0x0000000084a00000, 0x0000000084a00000|100%| O|  |TAMS 0x0000000084900000| PB 0x0000000084900000| Untracked 
|  74|0x0000000084a00000, 0x0000000084b00000, 0x0000000084b00000|100%|HS|  |TAMS 0x0000000084a00000| PB 0x0000000084a00000| Complete 
|  75|0x0000000084b00000, 0x0000000084c00000, 0x0000000084c00000|100%|HC|  |TAMS 0x0000000084b00000| PB 0x0000000084b00000| Complete 
|  76|0x0000000084c00000, 0x0000000084d00000, 0x0000000084d00000|100%|HC|  |TAMS 0x0000000084c00000| PB 0x0000000084c00000| Complete 
|  77|0x0000000084d00000, 0x0000000084e00000, 0x0000000084e00000|100%| O|  |TAMS 0x0000000084d00000| PB 0x0000000084d00000| Untracked 
|  78|0x0000000084e00000, 0x0000000084f00000, 0x0000000084f00000|100%| O|  |TAMS 0x0000000084e00000| PB 0x0000000084e00000| Untracked 
|  79|0x0000000084f00000, 0x0000000085000000, 0x0000000085000000|100%| O|  |TAMS 0x0000000084f00000| PB 0x0000000084f00000| Untracked 
|  80|0x0000000085000000, 0x0000000085100000, 0x0000000085100000|100%| O|  |TAMS 0x0000000085000000| PB 0x0000000085000000| Untracked 
|  81|0x0000000085100000, 0x0000000085200000, 0x0000000085200000|100%| O|  |TAMS 0x0000000085100000| PB 0x0000000085100000| Untracked 
|  82|0x0000000085200000, 0x0000000085300000, 0x0000000085300000|100%| O|  |TAMS 0x0000000085200000| PB 0x0000000085200000| Untracked 
|  83|0x0000000085300000, 0x0000000085400000, 0x0000000085400000|100%| O|  |TAMS 0x0000000085300000| PB 0x0000000085300000| Untracked 
|  84|0x0000000085400000, 0x0000000085500000, 0x0000000085500000|100%| O|  |TAMS 0x0000000085400000| PB 0x0000000085400000| Untracked 
|  85|0x0000000085500000, 0x0000000085600000, 0x0000000085600000|100%| O|  |TAMS 0x0000000085500000| PB 0x0000000085500000| Untracked 
|  86|0x0000000085600000, 0x0000000085700000, 0x0000000085700000|100%| O|  |TAMS 0x0000000085600000| PB 0x0000000085600000| Untracked 
|  87|0x0000000085700000, 0x0000000085800000, 0x0000000085800000|100%| O|Cm|TAMS 0x0000000085700000| PB 0x0000000085700000| Complete 
|  88|0x0000000085800000, 0x0000000085900000, 0x0000000085900000|100%| O|  |TAMS 0x0000000085800000| PB 0x0000000085800000| Untracked 
|  89|0x0000000085900000, 0x0000000085a00000, 0x0000000085a00000|100%| O|  |TAMS 0x0000000085900000| PB 0x0000000085900000| Untracked 
|  90|0x0000000085a00000, 0x0000000085b00000, 0x0000000085b00000|100%| O|  |TAMS 0x0000000085a00000| PB 0x0000000085a00000| Untracked 
|  91|0x0000000085b00000, 0x0000000085c00000, 0x0000000085c00000|100%| O|  |TAMS 0x0000000085b00000| PB 0x0000000085b00000| Untracked 
|  92|0x0000000085c00000, 0x0000000085d00000, 0x0000000085d00000|100%| O|  |TAMS 0x0000000085c00000| PB 0x0000000085c00000| Untracked 
|  93|0x0000000085d00000, 0x0000000085e00000, 0x0000000085e00000|100%| O|  |TAMS 0x0000000085d00000| PB 0x0000000085d00000| Untracked 
|  94|0x0000000085e00000, 0x0000000085f00000, 0x0000000085f00000|100%| O|  |TAMS 0x0000000085e00000| PB 0x0000000085e00000| Untracked 
|  95|0x0000000085f00000, 0x0000000086000000, 0x0000000086000000|100%| O|  |TAMS 0x0000000085f00000| PB 0x0000000085f00000| Untracked 
|  96|0x0000000086000000, 0x0000000086100000, 0x0000000086100000|100%| O|  |TAMS 0x0000000086000000| PB 0x0000000086000000| Untracked 
|  97|0x0000000086100000, 0x0000000086200000, 0x0000000086200000|100%| O|  |TAMS 0x0000000086100000| PB 0x0000000086100000| Untracked 
|  98|0x0000000086200000, 0x0000000086300000, 0x0000000086300000|100%| O|Cm|TAMS 0x0000000086200000| PB 0x0000000086200000| Complete 
|  99|0x0000000086300000, 0x0000000086400000, 0x0000000086400000|100%| O|  |TAMS 0x0000000086300000| PB 0x0000000086300000| Untracked 
| 100|0x0000000086400000, 0x0000000086500000, 0x0000000086500000|100%| O|  |TAMS 0x0000000086400000| PB 0x0000000086400000| Untracked 
| 101|0x0000000086500000, 0x0000000086600000, 0x0000000086600000|100%| O|  |TAMS 0x0000000086500000| PB 0x0000000086500000| Untracked 
| 102|0x0000000086600000, 0x0000000086700000, 0x0000000086700000|100%| O|  |TAMS 0x0000000086600000| PB 0x0000000086600000| Untracked 
| 103|0x0000000086700000, 0x0000000086800000, 0x0000000086800000|100%| O|  |TAMS 0x0000000086700000| PB 0x0000000086700000| Untracked 
| 104|0x0000000086800000, 0x0000000086900000, 0x0000000086900000|100%| O|  |TAMS 0x0000000086800000| PB 0x0000000086800000| Untracked 
| 105|0x0000000086900000, 0x0000000086a00000, 0x0000000086a00000|100%| O|  |TAMS 0x0000000086900000| PB 0x0000000086900000| Untracked 
| 106|0x0000000086a00000, 0x0000000086b00000, 0x0000000086b00000|100%| O|  |TAMS 0x0000000086a00000| PB 0x0000000086a00000| Untracked 
| 107|0x0000000086b00000, 0x0000000086bbd880, 0x0000000086c00000| 74%| O|  |TAMS 0x0000000086b00000| PB 0x0000000086b00000| Untracked 
| 108|0x0000000086c00000, 0x0000000086c00000, 0x0000000086d00000|  0%| F|  |TAMS 0x0000000086c00000| PB 0x0000000086c00000| Untracked 
| 109|0x0000000086d00000, 0x0000000086d00000, 0x0000000086e00000|  0%| F|  |TAMS 0x0000000086d00000| PB 0x0000000086d00000| Untracked 
| 110|0x0000000086e00000, 0x0000000086f00000, 0x0000000086f00000|100%| S|CS|TAMS 0x0000000086e00000| PB 0x0000000086e00000| Complete 
| 111|0x0000000086f00000, 0x0000000086f00000, 0x0000000087000000|  0%| F|  |TAMS 0x0000000086f00000| PB 0x0000000086f00000| Untracked 
| 112|0x0000000087000000, 0x0000000087000000, 0x0000000087100000|  0%| F|  |TAMS 0x0000000087000000| PB 0x0000000087000000| Untracked 
| 113|0x0000000087100000, 0x0000000087100000, 0x0000000087200000|  0%| F|  |TAMS 0x0000000087100000| PB 0x0000000087100000| Untracked 
| 114|0x0000000087200000, 0x0000000087200000, 0x0000000087300000|  0%| F|  |TAMS 0x0000000087200000| PB 0x0000000087200000| Untracked 
| 115|0x0000000087300000, 0x0000000087300000, 0x0000000087400000|  0%| F|  |TAMS 0x0000000087300000| PB 0x0000000087300000| Untracked 
| 116|0x0000000087400000, 0x0000000087400000, 0x0000000087500000|  0%| F|  |TAMS 0x0000000087400000| PB 0x0000000087400000| Untracked 
| 117|0x0000000087500000, 0x0000000087500000, 0x0000000087600000|  0%| F|  |TAMS 0x0000000087500000| PB 0x0000000087500000| Untracked 
| 118|0x0000000087600000, 0x0000000087700000, 0x0000000087700000|100%| S|CS|TAMS 0x0000000087600000| PB 0x0000000087600000| Complete 
| 119|0x0000000087700000, 0x0000000087800000, 0x0000000087800000|100%| S|CS|TAMS 0x0000000087700000| PB 0x0000000087700000| Complete 
| 120|0x0000000087800000, 0x0000000087900000, 0x0000000087900000|100%| S|CS|TAMS 0x0000000087800000| PB 0x0000000087800000| Complete 
| 121|0x0000000087900000, 0x0000000087a00000, 0x0000000087a00000|100%| S|CS|TAMS 0x0000000087900000| PB 0x0000000087900000| Complete 
| 122|0x0000000087a00000, 0x0000000087b00000, 0x0000000087b00000|100%| S|CS|TAMS 0x0000000087a00000| PB 0x0000000087a00000| Complete 
| 123|0x0000000087b00000, 0x0000000087b00000, 0x0000000087c00000|  0%| F|  |TAMS 0x0000000087b00000| PB 0x0000000087b00000| Untracked 
| 124|0x0000000087c00000, 0x0000000087c00000, 0x0000000087d00000|  0%| F|  |TAMS 0x0000000087c00000| PB 0x0000000087c00000| Untracked 
| 125|0x0000000087d00000, 0x0000000087e00000, 0x0000000087e00000|100%| S|CS|TAMS 0x0000000087d00000| PB 0x0000000087d00000| Complete 
| 126|0x0000000087e00000, 0x0000000087f00000, 0x0000000087f00000|100%| S|CS|TAMS 0x0000000087e00000| PB 0x0000000087e00000| Complete 
| 127|0x0000000087f00000, 0x0000000088000000, 0x0000000088000000|100%| S|CS|TAMS 0x0000000087f00000| PB 0x0000000087f00000| Complete 
| 128|0x0000000088000000, 0x0000000088100000, 0x0000000088100000|100%| S|CS|TAMS 0x0000000088000000| PB 0x0000000088000000| Complete 
| 129|0x0000000088100000, 0x0000000088100000, 0x0000000088200000|  0%| F|  |TAMS 0x0000000088100000| PB 0x0000000088100000| Untracked 
| 130|0x0000000088200000, 0x0000000088200000, 0x0000000088300000|  0%| F|  |TAMS 0x0000000088200000| PB 0x0000000088200000| Untracked 
| 131|0x0000000088300000, 0x0000000088300000, 0x0000000088400000|  0%| F|  |TAMS 0x0000000088300000| PB 0x0000000088300000| Untracked 
| 132|0x0000000088400000, 0x0000000088400000, 0x0000000088500000|  0%| F|  |TAMS 0x0000000088400000| PB 0x0000000088400000| Untracked 
| 133|0x0000000088500000, 0x0000000088500000, 0x0000000088600000|  0%| F|  |TAMS 0x0000000088500000| PB 0x0000000088500000| Untracked 
| 134|0x0000000088600000, 0x0000000088600000, 0x0000000088700000|  0%| F|  |TAMS 0x0000000088600000| PB 0x0000000088600000| Untracked 
| 135|0x0000000088700000, 0x0000000088700000, 0x0000000088800000|  0%| F|  |TAMS 0x0000000088700000| PB 0x0000000088700000| Untracked 
| 136|0x0000000088800000, 0x0000000088800000, 0x0000000088900000|  0%| F|  |TAMS 0x0000000088800000| PB 0x0000000088800000| Untracked 
| 137|0x0000000088900000, 0x0000000088900000, 0x0000000088a00000|  0%| F|  |TAMS 0x0000000088900000| PB 0x0000000088900000| Untracked 
| 138|0x0000000088a00000, 0x0000000088a00000, 0x0000000088b00000|  0%| F|  |TAMS 0x0000000088a00000| PB 0x0000000088a00000| Untracked 
| 139|0x0000000088b00000, 0x0000000088b00000, 0x0000000088c00000|  0%| F|  |TAMS 0x0000000088b00000| PB 0x0000000088b00000| Untracked 
| 140|0x0000000088c00000, 0x0000000088c00000, 0x0000000088d00000|  0%| F|  |TAMS 0x0000000088c00000| PB 0x0000000088c00000| Untracked 
| 141|0x0000000088d00000, 0x0000000088d00000, 0x0000000088e00000|  0%| F|  |TAMS 0x0000000088d00000| PB 0x0000000088d00000| Untracked 
| 142|0x0000000088e00000, 0x0000000088e00000, 0x0000000088f00000|  0%| F|  |TAMS 0x0000000088e00000| PB 0x0000000088e00000| Untracked 
| 143|0x0000000088f00000, 0x0000000088f00000, 0x0000000089000000|  0%| F|  |TAMS 0x0000000088f00000| PB 0x0000000088f00000| Untracked 
| 144|0x0000000089000000, 0x0000000089000000, 0x0000000089100000|  0%| F|  |TAMS 0x0000000089000000| PB 0x0000000089000000| Untracked 
| 145|0x0000000089100000, 0x0000000089100000, 0x0000000089200000|  0%| F|  |TAMS 0x0000000089100000| PB 0x0000000089100000| Untracked 
| 146|0x0000000089200000, 0x0000000089200000, 0x0000000089300000|  0%| F|  |TAMS 0x0000000089200000| PB 0x0000000089200000| Untracked 
| 147|0x0000000089300000, 0x0000000089300000, 0x0000000089400000|  0%| F|  |TAMS 0x0000000089300000| PB 0x0000000089300000| Untracked 
| 148|0x0000000089400000, 0x0000000089400000, 0x0000000089500000|  0%| F|  |TAMS 0x0000000089400000| PB 0x0000000089400000| Untracked 
| 149|0x0000000089500000, 0x0000000089500000, 0x0000000089600000|  0%| F|  |TAMS 0x0000000089500000| PB 0x0000000089500000| Untracked 
| 150|0x0000000089600000, 0x0000000089600000, 0x0000000089700000|  0%| F|  |TAMS 0x0000000089600000| PB 0x0000000089600000| Untracked 
| 151|0x0000000089700000, 0x0000000089700000, 0x0000000089800000|  0%| F|  |TAMS 0x0000000089700000| PB 0x0000000089700000| Untracked 
| 152|0x0000000089800000, 0x0000000089800000, 0x0000000089900000|  0%| F|  |TAMS 0x0000000089800000| PB 0x0000000089800000| Untracked 
| 153|0x0000000089900000, 0x0000000089900000, 0x0000000089a00000|  0%| F|  |TAMS 0x0000000089900000| PB 0x0000000089900000| Untracked 
| 154|0x0000000089a00000, 0x0000000089a00000, 0x0000000089b00000|  0%| F|  |TAMS 0x0000000089a00000| PB 0x0000000089a00000| Untracked 
| 155|0x0000000089b00000, 0x0000000089b00000, 0x0000000089c00000|  0%| F|  |TAMS 0x0000000089b00000| PB 0x0000000089b00000| Untracked 
| 156|0x0000000089c00000, 0x0000000089c00000, 0x0000000089d00000|  0%| F|  |TAMS 0x0000000089c00000| PB 0x0000000089c00000| Untracked 
| 157|0x0000000089d00000, 0x0000000089d00000, 0x0000000089e00000|  0%| F|  |TAMS 0x0000000089d00000| PB 0x0000000089d00000| Untracked 
| 158|0x0000000089e00000, 0x0000000089e00000, 0x0000000089f00000|  0%| F|  |TAMS 0x0000000089e00000| PB 0x0000000089e00000| Untracked 
| 159|0x0000000089f00000, 0x0000000089f00000, 0x000000008a000000|  0%| F|  |TAMS 0x0000000089f00000| PB 0x0000000089f00000| Untracked 
| 160|0x000000008a000000, 0x000000008a000000, 0x000000008a100000|  0%| F|  |TAMS 0x000000008a000000| PB 0x000000008a000000| Untracked 
| 161|0x000000008a100000, 0x000000008a100000, 0x000000008a200000|  0%| F|  |TAMS 0x000000008a100000| PB 0x000000008a100000| Untracked 
| 162|0x000000008a200000, 0x000000008a200000, 0x000000008a300000|  0%| F|  |TAMS 0x000000008a200000| PB 0x000000008a200000| Untracked 
| 163|0x000000008a300000, 0x000000008a300000, 0x000000008a400000|  0%| F|  |TAMS 0x000000008a300000| PB 0x000000008a300000| Untracked 
| 164|0x000000008a400000, 0x000000008a400000, 0x000000008a500000|  0%| F|  |TAMS 0x000000008a400000| PB 0x000000008a400000| Untracked 
| 165|0x000000008a500000, 0x000000008a500000, 0x000000008a600000|  0%| F|  |TAMS 0x000000008a500000| PB 0x000000008a500000| Untracked 
| 166|0x000000008a600000, 0x000000008a600000, 0x000000008a700000|  0%| F|  |TAMS 0x000000008a600000| PB 0x000000008a600000| Untracked 
| 167|0x000000008a700000, 0x000000008a700000, 0x000000008a800000|  0%| F|  |TAMS 0x000000008a700000| PB 0x000000008a700000| Untracked 
| 168|0x000000008a800000, 0x000000008a800000, 0x000000008a900000|  0%| F|  |TAMS 0x000000008a800000| PB 0x000000008a800000| Untracked 
| 169|0x000000008a900000, 0x000000008a900000, 0x000000008aa00000|  0%| F|  |TAMS 0x000000008a900000| PB 0x000000008a900000| Untracked 
| 170|0x000000008aa00000, 0x000000008aa00000, 0x000000008ab00000|  0%| F|  |TAMS 0x000000008aa00000| PB 0x000000008aa00000| Untracked 
| 171|0x000000008ab00000, 0x000000008ab00000, 0x000000008ac00000|  0%| F|  |TAMS 0x000000008ab00000| PB 0x000000008ab00000| Untracked 
| 172|0x000000008ac00000, 0x000000008ac00000, 0x000000008ad00000|  0%| F|  |TAMS 0x000000008ac00000| PB 0x000000008ac00000| Untracked 
| 173|0x000000008ad00000, 0x000000008ad00000, 0x000000008ae00000|  0%| F|  |TAMS 0x000000008ad00000| PB 0x000000008ad00000| Untracked 
| 174|0x000000008ae00000, 0x000000008ae00000, 0x000000008af00000|  0%| F|  |TAMS 0x000000008ae00000| PB 0x000000008ae00000| Untracked 
| 175|0x000000008af00000, 0x000000008af00000, 0x000000008b000000|  0%| F|  |TAMS 0x000000008af00000| PB 0x000000008af00000| Untracked 
| 176|0x000000008b000000, 0x000000008b000000, 0x000000008b100000|  0%| F|  |TAMS 0x000000008b000000| PB 0x000000008b000000| Untracked 
| 177|0x000000008b100000, 0x000000008b100000, 0x000000008b200000|  0%| F|  |TAMS 0x000000008b100000| PB 0x000000008b100000| Untracked 
| 178|0x000000008b200000, 0x000000008b200000, 0x000000008b300000|  0%| F|  |TAMS 0x000000008b200000| PB 0x000000008b200000| Untracked 
| 179|0x000000008b300000, 0x000000008b300000, 0x000000008b400000|  0%| F|  |TAMS 0x000000008b300000| PB 0x000000008b300000| Untracked 
| 180|0x000000008b400000, 0x000000008b400000, 0x000000008b500000|  0%| F|  |TAMS 0x000000008b400000| PB 0x000000008b400000| Untracked 
| 181|0x000000008b500000, 0x000000008b500000, 0x000000008b600000|  0%| F|  |TAMS 0x000000008b500000| PB 0x000000008b500000| Untracked 
| 182|0x000000008b600000, 0x000000008b600000, 0x000000008b700000|  0%| F|  |TAMS 0x000000008b600000| PB 0x000000008b600000| Untracked 
| 183|0x000000008b700000, 0x000000008b700000, 0x000000008b800000|  0%| F|  |TAMS 0x000000008b700000| PB 0x000000008b700000| Untracked 
| 184|0x000000008b800000, 0x000000008b800000, 0x000000008b900000|  0%| F|  |TAMS 0x000000008b800000| PB 0x000000008b800000| Untracked 
| 185|0x000000008b900000, 0x000000008b9e9e60, 0x000000008ba00000| 91%| E|  |TAMS 0x000000008b900000| PB 0x000000008b900000| Complete 
| 186|0x000000008ba00000, 0x000000008bb00000, 0x000000008bb00000|100%| E|CS|TAMS 0x000000008ba00000| PB 0x000000008ba00000| Complete 
| 187|0x000000008bb00000, 0x000000008bbd46b0, 0x000000008bc00000| 82%| E|  |TAMS 0x000000008bb00000| PB 0x000000008bb00000| Complete 
| 188|0x000000008bc00000, 0x000000008bd00000, 0x000000008bd00000|100%| E|CS|TAMS 0x000000008bc00000| PB 0x000000008bc00000| Complete 
|2040|0x00000000ff800000, 0x00000000ff900000, 0x00000000ff900000|100%| E|CS|TAMS 0x00000000ff800000| PB 0x00000000ff800000| Complete 
|2041|0x00000000ff900000, 0x00000000ffa00000, 0x00000000ffa00000|100%| E|CS|TAMS 0x00000000ff900000| PB 0x00000000ff900000| Complete 
|2042|0x00000000ffa00000, 0x00000000ffb00000, 0x00000000ffb00000|100%| E|CS|TAMS 0x00000000ffa00000| PB 0x00000000ffa00000| Complete 
|2043|0x00000000ffb00000, 0x00000000ffc00000, 0x00000000ffc00000|100%| O|Cm|TAMS 0x00000000ffb00000| PB 0x00000000ffb00000| Complete 
|2044|0x00000000ffc00000, 0x00000000ffd00000, 0x00000000ffd00000|100%| O|  |TAMS 0x00000000ffc00000| PB 0x00000000ffc00000| Untracked 
|2045|0x00000000ffd00000, 0x00000000ffe00000, 0x00000000ffe00000|100%| O|  |TAMS 0x00000000ffd00000| PB 0x00000000ffd00000| Untracked 
|2046|0x00000000ffe00000, 0x00000000fff00000, 0x00000000fff00000|100%| O|  |TAMS 0x00000000ffe00000| PB 0x00000000ffe00000| Untracked 
|2047|0x00000000fff00000, 0x0000000100000000, 0x0000000100000000|100%| E|CS|TAMS 0x00000000fff00000| PB 0x00000000fff00000| Complete 

Card table byte_map: [0x000001cf60bf0000,0x000001cf60ff0000] _byte_map_base: 0x000001cf607f0000

Marking Bits: (CMBitMap*) 0x000001cf4e1a4870
 Bits: [0x000001cf60ff0000, 0x000001cf62ff0000)

Polling page: 0x000001cf4c150000

Metaspace:

Usage:
  Non-class:     99.36 MB used.
      Class:     15.43 MB used.
       Both:    114.79 MB used.

Virtual space:
  Non-class space:      128.00 MB reserved,     100.50 MB ( 79%) committed,  2 nodes.
      Class space:        1.00 GB reserved,      16.50 MB (  2%) committed,  1 nodes.
             Both:        1.12 GB reserved,     117.00 MB ( 10%) committed. 

Chunk freelists:
   Non-Class:  10.61 MB
       Class:  15.50 MB
        Both:  26.11 MB

MaxMetaspaceSize: unlimited
CompressedClassSpaceSize: 1.00 GB
Initial GC threshold: 21.00 MB
Current GC threshold: 193.75 MB
CDS: off
 - commit_granule_bytes: 65536.
 - commit_granule_words: 8192.
 - virtual_space_node_default_size: 8388608.
 - enlarge_chunks_in_place: 1.
 - use_allocation_guard: 0.


Internal statistics:

num_allocs_failed_limit: 9.
num_arena_births: 4308.
num_arena_deaths: 0.
num_vsnodes_births: 3.
num_vsnodes_deaths: 0.
num_space_committed: 1872.
num_space_uncommitted: 0.
num_chunks_returned_to_freelist: 9.
num_chunks_taken_from_freelist: 9333.
num_chunk_merges: 9.
num_chunk_splits: 6102.
num_chunks_enlarged: 3822.
num_inconsistent_stats: 0.

CodeHeap 'non-profiled nmethods': size=120000Kb used=7656Kb max_used=7656Kb free=112343Kb
 bounds [0x000001cf58d70000, 0x000001cf594f0000, 0x000001cf602a0000]
CodeHeap 'profiled nmethods': size=120000Kb used=23015Kb max_used=23015Kb free=96984Kb
 bounds [0x000001cf512a0000, 0x000001cf52920000, 0x000001cf587d0000]
CodeHeap 'non-nmethods': size=5760Kb used=2897Kb max_used=2942Kb free=2862Kb
 bounds [0x000001cf587d0000, 0x000001cf58ac0000, 0x000001cf58d70000]
 total_blobs=13140 nmethods=12136 adapters=907
 compilation: enabled
              stopped_count=0, restarted_count=0
 full_count=0

Compilation events (20 events):
Event: 22.598 Thread 0x000001cf6a083730 nmethod 13944 0x000001cf594e9390 code [0x000001cf594e9520, 0x000001cf594e95e8]
Event: 22.598 Thread 0x000001cf6a083730 13948       1       org.codehaus.groovy.runtime.metaclass.ClosureMetaClass::isInitialized (5 bytes)
Event: 22.598 Thread 0x000001cf6a083730 nmethod 13948 0x000001cf594e9690 code [0x000001cf594e9820, 0x000001cf594e98f0]
Event: 22.598 Thread 0x000001cf6a083730 13949       3       org.codehaus.groovy.reflection.ParameterTypes::isVargsMethod (16 bytes)
Event: 22.599 Thread 0x000001cf6a083730 nmethod 13949 0x000001cf528fee90 code [0x000001cf528ff040, 0x000001cf528ff1c8]
Event: 22.600 Thread 0x000001cf6a083730 13950       3       org.codehaus.groovy.reflection.ParameterTypes::correctArguments (72 bytes)
Event: 22.600 Thread 0x000001cf6a083730 nmethod 13950 0x000001cf528ff290 code [0x000001cf528ff500, 0x000001cf528fff10]
Event: 22.600 Thread 0x000001cf6a083730 13951       3       org.codehaus.groovy.reflection.ParameterTypes::isVargsMethod (77 bytes)
Event: 22.601 Thread 0x000001cf6a083730 nmethod 13951 0x000001cf52900210 code [0x000001cf52900400, 0x000001cf52900978]
Event: 22.601 Thread 0x000001cf6a083730 13952       3       org.codehaus.groovy.runtime.callsite.AbstractCallSite::<init> (35 bytes)
Event: 22.601 Thread 0x000001cf6a083730 nmethod 13952 0x000001cf52900b90 code [0x000001cf52900d40, 0x000001cf529011b0]
Event: 22.601 Thread 0x000001cf6a083730 13953       3       groovy.lang.MetaClassImpl::checkInitalised (58 bytes)
Event: 22.602 Thread 0x000001cf6a083730 nmethod 13953 0x000001cf52901310 code [0x000001cf52901600, 0x000001cf529021f0]
Event: 22.602 Thread 0x000001cf6a083730 13954       3       groovy.lang.MetaClassImpl::getVersion (11 bytes)
Event: 22.602 Thread 0x000001cf6a083730 nmethod 13954 0x000001cf52902690 code [0x000001cf52902840, 0x000001cf529029f0]
Event: 22.602 Thread 0x000001cf6a083730 13955       1       it.unimi.dsi.fastutil.objects.AbstractObject2IntFunction::defaultReturnValue (5 bytes)
Event: 22.602 Thread 0x000001cf6a083730 nmethod 13955 0x000001cf594e9990 code [0x000001cf594e9b20, 0x000001cf594e9be8]
Event: 22.602 Thread 0x000001cf6a083730 13956       3       groovy.lang.MetaClassImpl::invokeMethod (14 bytes)
Event: 22.602 Thread 0x000001cf6a083730 nmethod 13956 0x000001cf52902b10 code [0x000001cf52902cc0, 0x000001cf52902ea8]
Event: 22.602 Thread 0x000001cf6a083730 13957       3       org.codehaus.groovy.runtime.GroovyCategorySupport::hasCategoryInCurrentThread (32 bytes)

GC Heap History (20 events):
Event: 17.321 GC heap before
{Heap before GC invocations=29 (full 0):
 garbage-first heap   total 153600K, used 135102K [0x0000000080000000, 0x0000000100000000)
  region size 1024K, 54 young (55296K), 4 survivors (4096K)
 Metaspace       used 87231K, committed 89216K, reserved 1179648K
  class space    used 11588K, committed 12608K, reserved 1048576K
}
Event: 17.326 GC heap after
{Heap after GC invocations=30 (full 0):
 garbage-first heap   total 153600K, used 83968K [0x0000000080000000, 0x0000000100000000)
  region size 1024K, 7 young (7168K), 7 survivors (7168K)
 Metaspace       used 87231K, committed 89216K, reserved 1179648K
  class space    used 11588K, committed 12608K, reserved 1048576K
}
Event: 17.727 GC heap before
{Heap before GC invocations=30 (full 0):
 garbage-first heap   total 153600K, used 121856K [0x0000000080000000, 0x0000000100000000)
  region size 1024K, 45 young (46080K), 7 survivors (7168K)
 Metaspace       used 91458K, committed 93504K, reserved 1179648K
  class space    used 12120K, committed 13120K, reserved 1048576K
}
Event: 17.733 GC heap after
{Heap after GC invocations=31 (full 0):
 garbage-first heap   total 153600K, used 85919K [0x0000000080000000, 0x0000000100000000)
  region size 1024K, 6 young (6144K), 6 survivors (6144K)
 Metaspace       used 91458K, committed 93504K, reserved 1179648K
  class space    used 12120K, committed 13120K, reserved 1048576K
}
Event: 18.190 GC heap before
{Heap before GC invocations=32 (full 0):
 garbage-first heap   total 153600K, used 139167K [0x0000000080000000, 0x0000000100000000)
  region size 1024K, 55 young (56320K), 6 survivors (6144K)
 Metaspace       used 95054K, committed 97088K, reserved 1179648K
  class space    used 12620K, committed 13632K, reserved 1048576K
}
Event: 18.194 GC heap after
{Heap after GC invocations=33 (full 0):
 garbage-first heap   total 153600K, used 91687K [0x0000000080000000, 0x0000000100000000)
  region size 1024K, 5 young (5120K), 5 survivors (5120K)
 Metaspace       used 95054K, committed 97088K, reserved 1179648K
  class space    used 12620K, committed 13632K, reserved 1048576K
}
Event: 18.772 GC heap before
{Heap before GC invocations=33 (full 0):
 garbage-first heap   total 153600K, used 139815K [0x0000000080000000, 0x0000000100000000)
  region size 1024K, 52 young (53248K), 5 survivors (5120K)
 Metaspace       used 96588K, committed 98624K, reserved 1179648K
  class space    used 12815K, committed 13824K, reserved 1048576K
}
Event: 18.779 GC heap after
{Heap after GC invocations=34 (full 0):
 garbage-first heap   total 153600K, used 96009K [0x0000000080000000, 0x0000000100000000)
  region size 1024K, 7 young (7168K), 7 survivors (7168K)
 Metaspace       used 96588K, committed 98624K, reserved 1179648K
  class space    used 12815K, committed 13824K, reserved 1048576K
}
Event: 19.139 GC heap before
{Heap before GC invocations=34 (full 0):
 garbage-first heap   total 153600K, used 137993K [0x0000000080000000, 0x0000000100000000)
  region size 1024K, 48 young (49152K), 7 survivors (7168K)
 Metaspace       used 99597K, committed 101632K, reserved 1179648K
  class space    used 13209K, committed 14208K, reserved 1048576K
}
Event: 19.147 GC heap after
{Heap after GC invocations=35 (full 0):
 garbage-first heap   total 153600K, used 99445K [0x0000000080000000, 0x0000000100000000)
  region size 1024K, 4 young (4096K), 4 survivors (4096K)
 Metaspace       used 99597K, committed 101632K, reserved 1179648K
  class space    used 13209K, committed 14208K, reserved 1048576K
}
Event: 19.661 GC heap before
{Heap before GC invocations=36 (full 0):
 garbage-first heap   total 167936K, used 140405K [0x0000000080000000, 0x0000000100000000)
  region size 1024K, 43 young (44032K), 4 survivors (4096K)
 Metaspace       used 102500K, committed 104576K, reserved 1179648K
  class space    used 13688K, committed 14720K, reserved 1048576K
}
Event: 19.664 GC heap after
{Heap after GC invocations=37 (full 0):
 garbage-first heap   total 201728K, used 100619K [0x0000000080000000, 0x0000000100000000)
  region size 1024K, 5 young (5120K), 5 survivors (5120K)
 Metaspace       used 102500K, committed 104576K, reserved 1179648K
  class space    used 13688K, committed 14720K, reserved 1048576K
}
Event: 20.476 GC heap before
{Heap before GC invocations=37 (full 0):
 garbage-first heap   total 201728K, used 174347K [0x0000000080000000, 0x0000000100000000)
  region size 1024K, 77 young (78848K), 5 survivors (5120K)
 Metaspace       used 106761K, committed 108928K, reserved 1179648K
  class space    used 14343K, committed 15424K, reserved 1048576K
}
Event: 20.485 GC heap after
{Heap after GC invocations=38 (full 0):
 garbage-first heap   total 201728K, used 105421K [0x0000000080000000, 0x0000000100000000)
  region size 1024K, 10 young (10240K), 10 survivors (10240K)
 Metaspace       used 106761K, committed 108928K, reserved 1179648K
  class space    used 14343K, committed 15424K, reserved 1048576K
}
Event: 21.237 GC heap before
{Heap before GC invocations=38 (full 0):
 garbage-first heap   total 201728K, used 177101K [0x0000000080000000, 0x0000000100000000)
  region size 1024K, 80 young (81920K), 10 survivors (10240K)
 Metaspace       used 111290K, committed 113536K, reserved 1179648K
  class space    used 14999K, committed 16128K, reserved 1048576K
}
Event: 21.247 GC heap after
{Heap after GC invocations=39 (full 0):
 garbage-first heap   total 201728K, used 110268K [0x0000000080000000, 0x0000000100000000)
  region size 1024K, 5 young (5120K), 5 survivors (5120K)
 Metaspace       used 111290K, committed 113536K, reserved 1179648K
  class space    used 14999K, committed 16128K, reserved 1048576K
}
Event: 22.094 GC heap before
{Heap before GC invocations=39 (full 0):
 garbage-first heap   total 201728K, used 179900K [0x0000000080000000, 0x0000000100000000)
  region size 1024K, 73 young (74752K), 5 survivors (5120K)
 Metaspace       used 116740K, committed 118976K, reserved 1179648K
  class space    used 15735K, committed 16832K, reserved 1048576K
}
Event: 22.102 GC heap after
{Heap after GC invocations=40 (full 0):
 garbage-first heap   total 201728K, used 114636K [0x0000000080000000, 0x0000000100000000)
  region size 1024K, 9 young (9216K), 9 survivors (9216K)
 Metaspace       used 116740K, committed 118976K, reserved 1179648K
  class space    used 15735K, committed 16832K, reserved 1048576K
}
Event: 22.564 GC heap before
{Heap before GC invocations=41 (full 0):
 garbage-first heap   total 201728K, used 180172K [0x0000000080000000, 0x0000000100000000)
  region size 1024K, 73 young (74752K), 9 survivors (9216K)
 Metaspace       used 117343K, committed 119552K, reserved 1179648K
  class space    used 15791K, committed 16896K, reserved 1048576K
}
Event: 22.578 GC heap after
{Heap after GC invocations=42 (full 0):
 garbage-first heap   total 201728K, used 124662K [0x0000000080000000, 0x0000000100000000)
  region size 1024K, 10 young (10240K), 10 survivors (10240K)
 Metaspace       used 117343K, committed 119552K, reserved 1179648K
  class space    used 15791K, committed 16896K, reserved 1048576K
}

Dll operation events (3 events):
Event: 0.040 Loaded shared library E:\New folder (5)\jbr\bin\java.dll
Event: 0.045 Loaded shared library E:\New folder (5)\jbr\bin\zip.dll
Event: 0.437 Loaded shared library E:\New folder (5)\jbr\bin\verify.dll

Deoptimization events (20 events):
Event: 22.325 Thread 0x000001cf6bf4b470 DEOPT PACKING pc=0x000001cf591d2910 sp=0x0000007a770f99e0
Event: 22.325 Thread 0x000001cf6bf4b470 DEOPT UNPACKING pc=0x000001cf588246a2 sp=0x0000007a770f9940 mode 2
Event: 22.339 Thread 0x000001cf6bf4b470 Uncommon trap: trap_request=0xffffff45 fr.pc=0x000001cf59331b04 relative=0x00000000000003a4
Event: 22.339 Thread 0x000001cf6bf4b470 Uncommon trap: reason=unstable_if action=reinterpret pc=0x000001cf59331b04 method=org.codehaus.groovy.runtime.metaclass.MetaMethodIndex.isOverridden(Lgroovy/lang/MetaMethod;Lgroovy/lang/MetaMethod;)Z @ 52 c2
Event: 22.339 Thread 0x000001cf6bf4b470 DEOPT PACKING pc=0x000001cf59331b04 sp=0x0000007a770f97e0
Event: 22.339 Thread 0x000001cf6bf4b470 DEOPT UNPACKING pc=0x000001cf588246a2 sp=0x0000007a770f9780 mode 2
Event: 22.373 Thread 0x000001cf6bf4b470 Uncommon trap: trap_request=0xffffff45 fr.pc=0x000001cf594ad808 relative=0x0000000000000788
Event: 22.373 Thread 0x000001cf6bf4b470 Uncommon trap: reason=unstable_if action=reinterpret pc=0x000001cf594ad808 method=groovy.lang.MetaClassImpl.filterPropertyMethod(Ljava/lang/Object;ZZ)Ljava/lang/Object; @ 60 c2
Event: 22.373 Thread 0x000001cf6bf4b470 DEOPT PACKING pc=0x000001cf594ad808 sp=0x0000007a770f96d0
Event: 22.373 Thread 0x000001cf6bf4b470 DEOPT UNPACKING pc=0x000001cf588246a2 sp=0x0000007a770f9648 mode 2
Event: 22.465 Thread 0x000001cf6bf4b470 Uncommon trap: trap_request=0xffffffde fr.pc=0x000001cf591d2910 relative=0x0000000000000cd0
Event: 22.465 Thread 0x000001cf6bf4b470 Uncommon trap: reason=class_check action=maybe_recompile pc=0x000001cf591d2910 method=java.util.WeakHashMap.matchesKey(Ljava/util/WeakHashMap$Entry;Ljava/lang/Object;)Z @ 21 c2
Event: 22.465 Thread 0x000001cf6bf4b470 DEOPT PACKING pc=0x000001cf591d2910 sp=0x0000007a770f8db0
Event: 22.465 Thread 0x000001cf6bf4b470 DEOPT UNPACKING pc=0x000001cf588246a2 sp=0x0000007a770f8d10 mode 2
Event: 22.466 Thread 0x000001cf6bf4b470 Uncommon trap: trap_request=0xffffffde fr.pc=0x000001cf591d2910 relative=0x0000000000000cd0
Event: 22.466 Thread 0x000001cf6bf4b470 Uncommon trap: reason=class_check action=maybe_recompile pc=0x000001cf591d2910 method=java.util.WeakHashMap.matchesKey(Ljava/util/WeakHashMap$Entry;Ljava/lang/Object;)Z @ 21 c2
Event: 22.466 Thread 0x000001cf6bf4b470 DEOPT PACKING pc=0x000001cf591d2910 sp=0x0000007a770f8f30
Event: 22.466 Thread 0x000001cf6bf4b470 DEOPT UNPACKING pc=0x000001cf588246a2 sp=0x0000007a770f8e90 mode 2
Event: 22.502 Thread 0x000001cf6bf4b470 DEOPT PACKING pc=0x000001cf513319f2 sp=0x0000007a770f9400
Event: 22.502 Thread 0x000001cf6bf4b470 DEOPT UNPACKING pc=0x000001cf58824e42 sp=0x0000007a770f8890 mode 0

Classes loaded (20 events):
Event: 21.790 Loading class java/net/InetAddress$NameServiceAddresses
Event: 21.791 Loading class java/net/InetAddress$Addresses
Event: 21.791 Loading class java/net/InetAddress$Addresses done
Event: 21.791 Loading class java/net/InetAddress$NameServiceAddresses done
Event: 21.791 Loading class java/net/spi/InetAddressResolverProvider
Event: 21.791 Loading class java/net/spi/InetAddressResolverProvider done
Event: 21.795 Loading class sun/net/InetAddressCachePolicy
Event: 21.795 Loading class sun/net/InetAddressCachePolicy done
Event: 21.795 Loading class sun/net/InetAddressCachePolicy$1
Event: 21.795 Loading class sun/net/InetAddressCachePolicy$1 done
Event: 21.795 Loading class java/net/InetAddress$CachedLookup
Event: 21.795 Loading class java/net/InetAddress$CachedLookup done
Event: 21.795 Loading class java/net/InetAddress$CachedLocalHost
Event: 21.796 Loading class java/net/InetAddress$CachedLocalHost done
Event: 22.289 Loading class java/util/TreeMap$KeySpliterator
Event: 22.289 Loading class java/util/TreeMap$TreeMapSpliterator
Event: 22.289 Loading class java/util/TreeMap$TreeMapSpliterator done
Event: 22.289 Loading class java/util/TreeMap$KeySpliterator done
Event: 22.504 Loading class java/io/FilterReader
Event: 22.504 Loading class java/io/FilterReader done

Classes unloaded (0 events):
No events

Classes redefined (0 events):
No events

Internal exceptions (20 events):
Event: 22.553 Thread 0x000001cf6bf4b470 Exception <a 'java/lang/ClassNotFoundException'{0x0000000088208188}: com/android/build/gradle/internal/tasks/ValidateSigningTaskCustomizer> (0x0000000088208188) 
thrown [s\src\hotspot\share\classfile\systemDictionary.cpp, line 312]
Event: 22.554 Thread 0x000001cf6bf4b470 Exception <a 'java/lang/ClassNotFoundException'{0x00000000882278b0}: com/android/build/gradle/internal/tasks/ValidateSigningTask_DecoratedCustomizer> (0x00000000882278b0) 
thrown [s\src\hotspot\share\classfile\systemDictionary.cpp, line 312]
Event: 22.557 Thread 0x000001cf6bf4b470 Exception <a 'java/lang/ClassNotFoundException'{0x00000000882b7ed0}: com/android/build/gradle/internal/tasks/AppMetadataTask_DecoratedBeanInfo> (0x00000000882b7ed0) 
thrown [s\src\hotspot\share\classfile\systemDictionary.cpp, line 312]
Event: 22.557 Thread 0x000001cf6bf4b470 Exception <a 'java/lang/ClassNotFoundException'{0x00000000882c4870}: com/android/build/gradle/internal/tasks/AppMetadataTaskBeanInfo> (0x00000000882c4870) 
thrown [s\src\hotspot\share\classfile\systemDictionary.cpp, line 312]
Event: 22.558 Thread 0x000001cf6bf4b470 Exception <a 'java/lang/ClassNotFoundException'{0x00000000882d1228}: com/android/build/gradle/internal/tasks/AppMetadataTaskCustomizer> (0x00000000882d1228) 
thrown [s\src\hotspot\share\classfile\systemDictionary.cpp, line 312]
Event: 22.558 Thread 0x000001cf6bf4b470 Exception <a 'java/lang/ClassNotFoundException'{0x00000000882f2830}: com/android/build/gradle/internal/tasks/AppMetadataTask_DecoratedCustomizer> (0x00000000882f2830) 
thrown [s\src\hotspot\share\classfile\systemDictionary.cpp, line 312]
Event: 22.562 Thread 0x000001cf6bf4b470 Exception <a 'java/lang/ClassNotFoundException'{0x00000000881870e8}: com/android/build/gradle/internal/tasks/SigningConfigVersionsWriterTask_DecoratedBeanInfo> (0x00000000881870e8) 
thrown [s\src\hotspot\share\classfile\systemDictionary.cpp, line 312]
Event: 22.563 Thread 0x000001cf6bf4b470 Exception <a 'java/lang/ClassNotFoundException'{0x0000000088193dd8}: com/android/build/gradle/internal/tasks/SigningConfigVersionsWriterTaskBeanInfo> (0x0000000088193dd8) 
thrown [s\src\hotspot\share\classfile\systemDictionary.cpp, line 312]
Event: 22.563 Thread 0x000001cf6bf4b470 Exception <a 'java/lang/ClassNotFoundException'{0x00000000881a0ad8}: com/android/build/gradle/internal/tasks/SigningConfigVersionsWriterTaskCustomizer> (0x00000000881a0ad8) 
thrown [s\src\hotspot\share\classfile\systemDictionary.cpp, line 312]
Event: 22.564 Thread 0x000001cf6bf4b470 Exception <a 'java/lang/ClassNotFoundException'{0x00000000881c7bd8}: com/android/build/gradle/internal/tasks/SigningConfigVersionsWriterTask_DecoratedCustomizer> (0x00000000881c7bd8) 
thrown [s\src\hotspot\share\classfile\systemDictionary.cpp, line 312]
Event: 22.582 Thread 0x000001cf6bf4b470 Exception <a 'java/lang/ClassNotFoundException'{0x00000000fffb60a0}: com/android/build/gradle/tasks/PackageApplication_DecoratedBeanInfo> (0x00000000fffb60a0) 
thrown [s\src\hotspot\share\classfile\systemDictionary.cpp, line 312]
Event: 22.582 Thread 0x000001cf6bf4b470 Exception <a 'java/lang/ClassNotFoundException'{0x00000000fffc28e0}: com/android/build/gradle/tasks/PackageApplicationBeanInfo> (0x00000000fffc28e0) 
thrown [s\src\hotspot\share\classfile\systemDictionary.cpp, line 312]
Event: 22.583 Thread 0x000001cf6bf4b470 Exception <a 'java/lang/ClassNotFoundException'{0x00000000fffcf148}: com/android/build/gradle/tasks/PackageAndroidArtifactBeanInfo> (0x00000000fffcf148) 
thrown [s\src\hotspot\share\classfile\systemDictionary.cpp, line 312]
Event: 22.583 Thread 0x000001cf6bf4b470 Exception <a 'java/lang/ClassNotFoundException'{0x00000000fffdbaa0}: com/android/build/gradle/tasks/PackageAndroidArtifactCustomizer> (0x00000000fffdbaa0) 
thrown [s\src\hotspot\share\classfile\systemDictionary.cpp, line 312]
Event: 22.585 Thread 0x000001cf6bf4b470 Exception <a 'java/lang/ClassNotFoundException'{0x00000000ffa3dd30}: com/android/build/gradle/tasks/PackageApplicationCustomizer> (0x00000000ffa3dd30) 
thrown [s\src\hotspot\share\classfile\systemDictionary.cpp, line 312]
Event: 22.586 Thread 0x000001cf6bf4b470 Exception <a 'java/lang/ClassNotFoundException'{0x00000000ffa6cc60}: com/android/build/gradle/tasks/PackageApplication_DecoratedCustomizer> (0x00000000ffa6cc60) 
thrown [s\src\hotspot\share\classfile\systemDictionary.cpp, line 312]
Event: 22.590 Thread 0x000001cf6bf4b470 Exception <a 'java/lang/ClassNotFoundException'{0x00000000ff951610}: com/android/build/gradle/internal/tasks/ListingFileRedirectTask_DecoratedBeanInfo> (0x00000000ff951610) 
thrown [s\src\hotspot\share\classfile\systemDictionary.cpp, line 312]
Event: 22.590 Thread 0x000001cf6bf4b470 Exception <a 'java/lang/ClassNotFoundException'{0x00000000ff95e150}: com/android/build/gradle/internal/tasks/ListingFileRedirectTaskBeanInfo> (0x00000000ff95e150) 
thrown [s\src\hotspot\share\classfile\systemDictionary.cpp, line 312]
Event: 22.590 Thread 0x000001cf6bf4b470 Exception <a 'java/lang/ClassNotFoundException'{0x00000000ff96acb0}: com/android/build/gradle/internal/tasks/ListingFileRedirectTaskCustomizer> (0x00000000ff96acb0) 
thrown [s\src\hotspot\share\classfile\systemDictionary.cpp, line 312]
Event: 22.591 Thread 0x000001cf6bf4b470 Exception <a 'java/lang/ClassNotFoundException'{0x00000000ff9881e8}: com/android/build/gradle/internal/tasks/ListingFileRedirectTask_DecoratedCustomizer> (0x00000000ff9881e8) 
thrown [s\src\hotspot\share\classfile\systemDictionary.cpp, line 312]

ZGC Phase Switch (0 events):
No events

VM Operations (20 events):
Event: 21.724 Executing VM operation: HandshakeAllThreads (Deoptimize)
Event: 21.724 Executing VM operation: HandshakeAllThreads (Deoptimize) done
Event: 21.847 Executing VM operation: ICBufferFull
Event: 21.848 Executing VM operation: ICBufferFull done
Event: 22.011 Executing VM operation: ICBufferFull
Event: 22.011 Executing VM operation: ICBufferFull done
Event: 22.094 Executing VM operation: G1CollectForAllocation (G1 Evacuation Pause)
Event: 22.102 Executing VM operation: G1CollectForAllocation (G1 Evacuation Pause) done
Event: 22.158 Executing VM operation: G1PauseRemark
Event: 22.164 Executing VM operation: G1PauseRemark done
Event: 22.179 Executing VM operation: G1PauseCleanup
Event: 22.179 Executing VM operation: G1PauseCleanup done
Event: 22.271 Executing VM operation: HandshakeAllThreads (Deoptimize)
Event: 22.271 Executing VM operation: HandshakeAllThreads (Deoptimize) done
Event: 22.299 Executing VM operation: ICBufferFull
Event: 22.299 Executing VM operation: ICBufferFull done
Event: 22.328 Executing VM operation: HandshakeAllThreads (Deoptimize)
Event: 22.328 Executing VM operation: HandshakeAllThreads (Deoptimize) done
Event: 22.564 Executing VM operation: G1CollectForAllocation (G1 Evacuation Pause)
Event: 22.578 Executing VM operation: G1CollectForAllocation (G1 Evacuation Pause) done

Memory protections (0 events):
No events

Nmethod flushes (20 events):
Event: 22.162 Thread 0x000001cf65c6b3b0 flushing  nmethod 0x000001cf51599e10
Event: 22.162 Thread 0x000001cf65c6b3b0 flushing  nmethod 0x000001cf5159b790
Event: 22.162 Thread 0x000001cf65c6b3b0 flushing  nmethod 0x000001cf51977c10
Event: 22.162 Thread 0x000001cf65c6b3b0 flushing  nmethod 0x000001cf51979910
Event: 22.162 Thread 0x000001cf65c6b3b0 flushing  nmethod 0x000001cf51a2b710
Event: 22.162 Thread 0x000001cf65c6b3b0 flushing  nmethod 0x000001cf51a2c010
Event: 22.162 Thread 0x000001cf65c6b3b0 flushing  nmethod 0x000001cf51a30010
Event: 22.162 Thread 0x000001cf65c6b3b0 flushing  nmethod 0x000001cf51b0f690
Event: 22.162 Thread 0x000001cf65c6b3b0 flushing  nmethod 0x000001cf51bbfc90
Event: 22.162 Thread 0x000001cf65c6b3b0 flushing  nmethod 0x000001cf51c22010
Event: 22.162 Thread 0x000001cf65c6b3b0 flushing  nmethod 0x000001cf51cac710
Event: 22.162 Thread 0x000001cf65c6b3b0 flushing  nmethod 0x000001cf51cacf90
Event: 22.162 Thread 0x000001cf65c6b3b0 flushing  nmethod 0x000001cf51cadc10
Event: 22.162 Thread 0x000001cf65c6b3b0 flushing  nmethod 0x000001cf51d74c90
Event: 22.162 Thread 0x000001cf65c6b3b0 flushing  nmethod 0x000001cf51dce990
Event: 22.162 Thread 0x000001cf65c6b3b0 flushing  nmethod 0x000001cf51e36190
Event: 22.162 Thread 0x000001cf65c6b3b0 flushing  nmethod 0x000001cf51eba990
Event: 22.162 Thread 0x000001cf65c6b3b0 flushing  nmethod 0x000001cf51f6ad10
Event: 22.162 Thread 0x000001cf65c6b3b0 flushing  nmethod 0x000001cf5201d990
Event: 22.162 Thread 0x000001cf65c6b3b0 flushing  nmethod 0x000001cf5230e690

Events (20 events):
Event: 8.185 Thread 0x000001cf6bf4b470 Thread added: 0x000001cf6dbf37c0
Event: 8.185 Thread 0x000001cf6bf4b470 Thread added: 0x000001cf6dbf3e50
Event: 8.185 Thread 0x000001cf6bf4b470 Thread added: 0x000001cf6dbecec0
Event: 8.186 Thread 0x000001cf6bf4b470 Thread added: 0x000001cf6dbee270
Event: 8.186 Thread 0x000001cf6bf4b470 Thread added: 0x000001cf6dbed550
Event: 8.186 Thread 0x000001cf6bf4b470 Thread added: 0x000001cf6dbee900
Event: 8.186 Thread 0x000001cf6bf4b470 Thread added: 0x000001cf6dbeef90
Event: 8.187 Thread 0x000001cf6bf4b470 Thread added: 0x000001cf6dbef620
Event: 10.015 Thread 0x000001cf6d658390 Thread exited: 0x000001cf6d658390
Event: 16.346 Thread 0x000001cf6bf4b470 Thread added: 0x000001cf6f90dd10
Event: 16.713 Thread 0x000001cf6bf4b470 Thread added: 0x000001cf6f90f0c0
Event: 17.773 Thread 0x000001cf6bf4b470 Thread added: 0x000001cf70cbc810
Event: 19.330 Thread 0x000001cf6a083730 Thread added: 0x000001cf714f3810
Event: 19.722 Thread 0x000001cf714f3810 Thread exited: 0x000001cf714f3810
Event: 19.739 Thread 0x000001cf6a083730 Thread added: 0x000001cf714f1cd0
Event: 19.918 Thread 0x000001cf6a083730 Thread added: 0x000001cf714f4c80
Event: 21.215 Thread 0x000001cf714f4c80 Thread exited: 0x000001cf714f4c80
Event: 21.422 Thread 0x000001cf714f1cd0 Thread exited: 0x000001cf714f1cd0
Event: 21.607 Thread 0x000001cf6a083730 Thread added: 0x000001cf714f4c80
Event: 21.713 Thread 0x000001cf6a083730 Thread added: 0x000001cf714f2a70


Dynamic libraries:
0x00007ff664000000 - 0x00007ff66400a000 	E:\New folder (5)\jbr\bin\java.exe
0x00007ff87f070000 - 0x00007ff87f287000 	C:\WINDOWS\SYSTEM32\ntdll.dll
0x00007ff87cef0000 - 0x00007ff87cfb4000 	C:\WINDOWS\System32\KERNEL32.DLL
0x00007ff87c350000 - 0x00007ff87c720000 	C:\WINDOWS\System32\KERNELBASE.dll
0x00007ff87cb80000 - 0x00007ff87cc91000 	C:\WINDOWS\System32\ucrtbase.dll
0x00007ff8772e0000 - 0x00007ff8772fb000 	E:\New folder (5)\jbr\bin\VCRUNTIME140.dll
0x00007ff861a30000 - 0x00007ff861a48000 	E:\New folder (5)\jbr\bin\jli.dll
0x00007ff87ec50000 - 0x00007ff87ee01000 	C:\WINDOWS\System32\USER32.dll
0x00007ff87b4c0000 - 0x00007ff87b75c000 	C:\WINDOWS\WinSxS\amd64_microsoft.windows.common-controls_6595b64144ccf1df_6.0.22621.5840_none_2710ea077384a4fe\COMCTL32.dll
0x00007ff87ccd0000 - 0x00007ff87ccf6000 	C:\WINDOWS\System32\win32u.dll
0x00007ff87d210000 - 0x00007ff87d239000 	C:\WINDOWS\System32\GDI32.dll
0x00007ff87c720000 - 0x00007ff87c843000 	C:\WINDOWS\System32\gdi32full.dll
0x00007ff87c170000 - 0x00007ff87c20a000 	C:\WINDOWS\System32\msvcp_win.dll
0x00007ff87ee80000 - 0x00007ff87ef27000 	C:\WINDOWS\System32\msvcrt.dll
0x00007ff87eff0000 - 0x00007ff87f021000 	C:\WINDOWS\System32\IMM32.DLL
0x00007ff8772d0000 - 0x00007ff8772dc000 	E:\New folder (5)\jbr\bin\vcruntime140_1.dll
0x00007ff847c30000 - 0x00007ff847cbd000 	E:\New folder (5)\jbr\bin\msvcp140.dll
0x00007ff83a3e0000 - 0x00007ff83b06b000 	E:\New folder (5)\jbr\bin\server\jvm.dll
0x00007ff87e6d0000 - 0x00007ff87e781000 	C:\WINDOWS\System32\ADVAPI32.dll
0x00007ff87ef30000 - 0x00007ff87efd8000 	C:\WINDOWS\System32\sechost.dll
0x00007ff87cca0000 - 0x00007ff87ccc8000 	C:\WINDOWS\System32\bcrypt.dll
0x00007ff87cfc0000 - 0x00007ff87d0d8000 	C:\WINDOWS\System32\RPCRT4.dll
0x00007ff87dc60000 - 0x00007ff87dcd1000 	C:\WINDOWS\System32\WS2_32.dll
0x00007ff87ba80000 - 0x00007ff87bacd000 	C:\WINDOWS\SYSTEM32\POWRPROF.dll
0x00007ff873700000 - 0x00007ff873734000 	C:\WINDOWS\SYSTEM32\WINMM.dll
0x00007ff8725a0000 - 0x00007ff8725aa000 	C:\WINDOWS\SYSTEM32\VERSION.dll
0x00007ff87b950000 - 0x00007ff87b963000 	C:\WINDOWS\SYSTEM32\UMPDC.dll
0x00007ff87aa90000 - 0x00007ff87aaa8000 	C:\WINDOWS\SYSTEM32\kernel.appcore.dll
0x00007ff875bd0000 - 0x00007ff875bda000 	E:\New folder (5)\jbr\bin\jimage.dll
0x00007ff87bad0000 - 0x00007ff87bd03000 	C:\WINDOWS\SYSTEM32\DBGHELP.DLL
0x00007ff87deb0000 - 0x00007ff87e241000 	C:\WINDOWS\System32\combase.dll
0x00007ff87ce10000 - 0x00007ff87cee8000 	C:\WINDOWS\System32\OLEAUT32.dll
0x00007ff87b970000 - 0x00007ff87b9a2000 	C:\WINDOWS\SYSTEM32\dbgcore.DLL
0x00007ff87ca40000 - 0x00007ff87cabb000 	C:\WINDOWS\System32\bcryptPrimitives.dll
0x00007ff8777a0000 - 0x00007ff8777ae000 	E:\New folder (5)\jbr\bin\instrument.dll
0x00007ff875a40000 - 0x00007ff875a60000 	E:\New folder (5)\jbr\bin\java.dll
0x00007ff8759e0000 - 0x00007ff8759f8000 	E:\New folder (5)\jbr\bin\zip.dll
0x00007ff87d240000 - 0x00007ff87dae1000 	C:\WINDOWS\System32\SHELL32.dll
0x00007ff87c210000 - 0x00007ff87c34f000 	C:\WINDOWS\System32\wintypes.dll
0x00007ff8795c0000 - 0x00007ff879eda000 	C:\WINDOWS\SYSTEM32\windows.storage.dll
0x00007ff87e910000 - 0x00007ff87ea1a000 	C:\WINDOWS\System32\SHCORE.dll
0x00007ff87e790000 - 0x00007ff87e7f9000 	C:\WINDOWS\System32\shlwapi.dll
0x00007ff87c0a0000 - 0x00007ff87c0c5000 	C:\WINDOWS\SYSTEM32\profapi.dll
0x00007ff875a30000 - 0x00007ff875a40000 	E:\New folder (5)\jbr\bin\net.dll
0x00007ff8763e0000 - 0x00007ff87650c000 	C:\WINDOWS\SYSTEM32\WINHTTP.dll
0x00007ff87af10000 - 0x00007ff87af79000 	C:\WINDOWS\system32\mswsock.dll
0x00007ff873bd0000 - 0x00007ff873be6000 	E:\New folder (5)\jbr\bin\nio.dll
0x00007ff86a100000 - 0x00007ff86a110000 	E:\New folder (5)\jbr\bin\verify.dll
0x00007ff86a1f0000 - 0x00007ff86a217000 	C:\Users\name\.gradle\native\1def1411415f61bf3af743bc5b6707747c0891f09f0c88961ee8f79bc544acac\windows-amd64\native-platform.dll
0x00007ff847bb0000 - 0x00007ff847c28000 	C:\Users\name\.gradle\native\0.2.7\x86_64-windows-gnu\gradle-fileevents.dll
0x00007ff8737c0000 - 0x00007ff8737c9000 	E:\New folder (5)\jbr\bin\management.dll
0x00007ff8737b0000 - 0x00007ff8737bb000 	E:\New folder (5)\jbr\bin\management_ext.dll
0x00007ff87efe0000 - 0x00007ff87efe8000 	C:\WINDOWS\System32\PSAPI.DLL
0x00007ff87a390000 - 0x00007ff87a3bd000 	C:\WINDOWS\SYSTEM32\IPHLPAPI.DLL
0x00007ff87daf0000 - 0x00007ff87daf9000 	C:\WINDOWS\System32\NSI.dll
0x00007ff8737d0000 - 0x00007ff8737d9000 	E:\New folder (5)\jbr\bin\extnet.dll
0x00007ff87be10000 - 0x00007ff87be2b000 	C:\WINDOWS\SYSTEM32\CRYPTSP.dll
0x00007ff87a9f0000 - 0x00007ff87aa27000 	C:\WINDOWS\system32\rsaenh.dll
0x00007ff87afb0000 - 0x00007ff87afd8000 	C:\WINDOWS\SYSTEM32\USERENV.dll
0x00007ff87b110000 - 0x00007ff87b11c000 	C:\WINDOWS\SYSTEM32\CRYPTBASE.dll
0x00007ff802fb0000 - 0x00007ff802fb8000 	C:\WINDOWS\system32\wshunix.dll
0x00007ff864c10000 - 0x00007ff864c27000 	C:\WINDOWS\system32\napinsp.dll
0x00007ff858480000 - 0x00007ff85849b000 	C:\WINDOWS\system32\pnrpnsp.dll
0x00007ff87a3c0000 - 0x00007ff87a4b8000 	C:\WINDOWS\SYSTEM32\DNSAPI.dll
0x00007ff858300000 - 0x00007ff858311000 	C:\WINDOWS\System32\winrnr.dll
0x00007ff876080000 - 0x00007ff876095000 	C:\WINDOWS\system32\wshbth.dll
0x00007ff8582d0000 - 0x00007ff8582f1000 	C:\WINDOWS\system32\nlansp_c.dll
0x00007ff875ef0000 - 0x00007ff875efa000 	C:\Windows\System32\rasadhlp.dll
0x00007ff874390000 - 0x00007ff874414000 	C:\WINDOWS\System32\fwpuclnt.dll

dbghelp: loaded successfully - version: 4.0.5 - missing functions: none
symbol engine: initialized successfully - sym options: 0x614 - pdb path: .;E:\New folder (5)\jbr\bin;C:\WINDOWS\SYSTEM32;C:\WINDOWS\WinSxS\amd64_microsoft.windows.common-controls_6595b64144ccf1df_6.0.22621.5840_none_2710ea077384a4fe;E:\New folder (5)\jbr\bin\server;C:\Users\name\.gradle\native\1def1411415f61bf3af743bc5b6707747c0891f09f0c88961ee8f79bc544acac\windows-amd64;C:\Users\name\.gradle\native\0.2.7\x86_64-windows-gnu

VM Arguments:
jvm_args: --add-opens=java.base/java.lang=ALL-UNNAMED --add-opens=java.base/java.lang.invoke=ALL-UNNAMED --add-opens=java.base/java.util=ALL-UNNAMED --add-opens=java.prefs/java.util.prefs=ALL-UNNAMED --add-exports=jdk.compiler/com.sun.tools.javac.api=ALL-UNNAMED --add-exports=jdk.compiler/com.sun.tools.javac.util=ALL-UNNAMED --add-opens=java.base/java.util=ALL-UNNAMED --add-opens=java.prefs/java.util.prefs=ALL-UNNAMED --add-opens=java.base/java.nio.charset=ALL-UNNAMED --add-opens=java.base/java.net=ALL-UNNAMED --add-opens=java.base/java.util.concurrent.atomic=ALL-UNNAMED --add-opens=java.xml/javax.xml.namespace=ALL-UNNAMED -Xmx2048m -Dfile.encoding=UTF-8 -Duser.country=US -Duser.language=en -Duser.variant -javaagent:C:\Users\name\.gradle\wrapper\dists\gradle-8.13-bin\5xuhj0ry160q40clulazy9h7d\gradle-8.13\lib\agents\gradle-instrumentation-agent-8.13.jar 
java_command: org.gradle.launcher.daemon.bootstrap.GradleDaemon 8.13
java_class_path (initial): C:\Users\name\.gradle\wrapper\dists\gradle-8.13-bin\5xuhj0ry160q40clulazy9h7d\gradle-8.13\lib\gradle-daemon-main-8.13.jar
Launcher Type: SUN_STANDARD

[Global flags]
     intx CICompilerCount                          = 4                                         {product} {ergonomic}
     uint ConcGCThreads                            = 3                                         {product} {ergonomic}
     uint G1ConcRefinementThreads                  = 10                                        {product} {ergonomic}
   size_t G1HeapRegionSize                         = 1048576                                   {product} {ergonomic}
    uintx GCDrainStackTargetSize                   = 64                                        {product} {ergonomic}
   size_t InitialHeapSize                          = 123731968                                 {product} {ergonomic}
   size_t MarkStackSize                            = 4194304                                   {product} {ergonomic}
   size_t MaxHeapSize                              = 2147483648                                {product} {command line}
   size_t MaxNewSize                               = 1287651328                                {product} {ergonomic}
   size_t MinHeapDeltaBytes                        = 1048576                                   {product} {ergonomic}
   size_t MinHeapSize                              = 8388608                                   {product} {ergonomic}
    uintx NonNMethodCodeHeapSize                   = 5839372                                {pd product} {ergonomic}
    uintx NonProfiledCodeHeapSize                  = 122909434                              {pd product} {ergonomic}
    uintx ProfiledCodeHeapSize                     = 122909434                              {pd product} {ergonomic}
    uintx ReservedCodeCacheSize                    = 251658240                              {pd product} {ergonomic}
     bool SegmentedCodeCache                       = true                                      {product} {ergonomic}
   size_t SoftMaxHeapSize                          = 2147483648                             {manageable} {ergonomic}
     bool UseCompressedOops                        = true                           {product lp64_product} {ergonomic}
     bool UseG1GC                                  = true                                      {product} {ergonomic}
     bool UseLargePagesIndividualAllocation        = false                                  {pd product} {ergonomic}

Logging:
Log output configuration:
 #0: stdout all=warning uptime,level,tags foldmultilines=false
 #1: stderr all=off uptime,level,tags foldmultilines=false

Environment Variables:
PATH=C:\Program Files (x86)\VMware\VMware Workstation\bin\;C:\xampp\php;C:\xampp\php;C:\Program Files\Common Files\Oracle\Java\javapath;C:\Program Files (x86)\Common Files\Oracle\Java\java8path;C:\Program Files (x86)\Common Files\Oracle\Java\javapath;C:\ProgramData\Oracle\Java\javapath;C:\Windows\system32;C:\Windows;C:\Windows\System32\Wbem;C:\Windows\System32\WindowsPowerShell\v1.0\;C:\Windows\System32\OpenSSH\;C:\Program Files (x86)\NVIDIA Corporation\PhysX\Common;C:\WINDOWS\system32;C:\WINDOWS;C:\WINDOWS\System32\Wbem;C:\WINDOWS\System32\WindowsPowerShell\v1.0\;C:\WINDOWS\System32\OpenSSH\;C:\Program Files (x86)\Microsoft SQL Server\160\Tools\Binn\;C:\Program Files\Microsoft SQL Server\160\Tools\Binn\;C:\Program Files\Microsoft SQL Server\Client SDK\ODBC\170\Tools\Binn\;C:\Program Files\Microsoft SQL Server\160\DTS\Binn\;E:\apache-maven-3.9.9-bin;C:\Program Files\Cloudflare\Cloudflare WARP\;C:\Users\name\AppData\Local\nvm;C:\nvm4w\nodejs;C:\Program Files\NVIDIA Corporation\NVIDIA app\NvDLISR;C:\Program Files\PostgreSQL\17\bin;C:\ProgramData\ComposerSetup\bin;C:\Program Files\Docker\Docker\resources\bin;E:\Git\cmd;C:\Users\name\AppData\Local\Microsoft\WindowsApps;C:\Users\name\AppData\Local\Programs\Microsoft VS Code\bin;C:\Users\name\AppData\Roaming\npm;C:\Users\name\AppData\Local\nvm;C:\nvm4w\nodejs;D:\npm-global;C:\Users\name\AppData\Local\Programs\cursor\resources\app\bin;C:\Users\name\AppData\Roaming\Composer\vendor\bin
USERNAME=name
OS=Windows_NT
PROCESSOR_IDENTIFIER=AMD64 Family 25 Model 80 Stepping 0, AuthenticAMD
TMP=D:\tmp
TEMP=C:\Users\name\AppData\Local\Temp




Periodic native trim disabled

JNI global refs:
JNI global refs: 27, weak refs: 3

JNI global refs memory usage: 835, weak refs: 833

Process memory usage:
Resident Set Size: 523380K (6% of 7712836K total physical memory with 920944K free physical memory)

OOME stack traces (most recent first):
Classloader memory used:
Loader org.gradle.internal.classloader.VisitableURLClassLoader                         : 42560K
Loader org.gradle.internal.classloader.VisitableURLClassLoader$InstrumentingVisitableURLClassLoader: 31847K
Loader bootstrap                                                                       : 29131K
Loader org.gradle.initialization.MixInLegacyTypesClassLoader                           : 12593K
Loader jdk.internal.loader.ClassLoaders$PlatformClassLoader                            : 501K
Loader jdk.internal.reflect.DelegatingClassLoader                                      : 275K
Loader jdk.internal.loader.ClassLoaders$AppClassLoader                                 : 235K
Loader org.gradle.internal.classloader.VisitableURLClassLoader                         : 233K
Loader org.gradle.groovy.scripts.internal.DefaultScriptCompilationHandler$ScriptClassLoader: 134K
Loader org.codehaus.groovy.runtime.callsite.CallSiteClassLoader                        : 27256B

Classes loaded by more than one classloader:
Class Program                                                                         : loaded 5 times (x 68B)
Class Build_gradle                                                                    : loaded 3 times (x 126B)
Class Build_gradle$1                                                                  : loaded 3 times (x 70B)
Class org.gradle.internal.classloader.FilteringClassLoader                            : loaded 2 times (x 101B)
Class com.google.common.base.CharMatcher$IsEither                                     : loaded 2 times (x 107B)
Class org.gradle.internal.classloader.ClassLoaderHierarchy                            : loaded 2 times (x 66B)
Class com.google.common.collect.AbstractMapBasedMultimap$WrappedCollection            : loaded 2 times (x 120B)
Class com.google.common.collect.ImmutableEnumSet                                      : loaded 2 times (x 142B)
Class com.google.common.util.concurrent.ExecutionError                                : loaded 2 times (x 78B)
Class com.google.common.collect.ImmutableList$1                                       : loaded 2 times (x 93B)
Class ijJvmDebugger1_f0dxnzdc8edsxti08jq9quebc$_run_closure1                          : loaded 2 times (x 135B)
Class org.gradle.api.internal.classpath.ManifestUtil                                  : loaded 2 times (x 67B)
Class com.google.common.collect.RegularImmutableMap                                   : loaded 2 times (x 117B)
Class com.google.common.collect.ImmutableMap$MapViewOfValuesAsSingletonSets           : loaded 2 times (x 122B)
Class [Lorg.objectweb.asm.Symbol;                                                     : loaded 2 times (x 65B)
Class org.objectweb.asm.ClassVisitor                                                  : loaded 2 times (x 84B)
Class com.google.common.collect.UnmodifiableListIterator                              : loaded 2 times (x 91B)
Class com.google.common.base.Platform$JdkPatternCompiler                              : loaded 2 times (x 71B)
Class org.objectweb.asm.MethodTooLargeException                                       : loaded 2 times (x 79B)
Class [Lcom.google.common.cache.CacheBuilder$OneWeigher;                              : loaded 2 times (x 65B)
Class com.google.common.base.Suppliers                                                : loaded 2 times (x 67B)
Class org.gradle.internal.classloader.DefaultClassLoaderFactory                       : loaded 2 times (x 78B)
Class org.gradle.internal.classloader.ClassLoaderVisitor                              : loaded 2 times (x 72B)
Class [Lcom.google.common.collect.ImmutableMapEntry;                                  : loaded 2 times (x 65B)
Class org.gradle.api.internal.classpath.EffectiveClassPath                            : loaded 2 times (x 86B)
Class com.google.common.collect.ImmutableRangeSet                                     : loaded 2 times (x 111B)
Class com.google.common.collect.ListMultimap                                          : loaded 2 times (x 66B)
Class com.google.common.collect.ImmutableEnumMap                                      : loaded 2 times (x 122B)
Class com.google.common.collect.Sets$1                                                : loaded 2 times (x 135B)
Class org.objectweb.asm.AnnotationVisitor                                             : loaded 2 times (x 74B)
Class org.gradle.api.internal.DefaultClassPathProvider                                : loaded 2 times (x 72B)
Class com.google.common.collect.Sets$2                                                : loaded 2 times (x 135B)
Class [Lorg.gradle.api.internal.ClassPathProvider;                                    : loaded 2 times (x 65B)
Class org.gradle.api.internal.ClassPathProvider                                       : loaded 2 times (x 66B)
Class [Lorg.objectweb.asm.AnnotationVisitor;                                          : loaded 2 times (x 65B)
Class com.google.common.collect.Sets$3                                                : loaded 2 times (x 135B)
Class com.google.common.util.concurrent.AbstractFuture$SafeAtomicHelper               : loaded 2 times (x 75B)
Class com.google.common.cache.LocalCache$LocalLoadingCache                            : loaded 2 times (x 130B)
Class org.gradle.internal.service.UnknownServiceException                             : loaded 2 times (x 79B)
Class com.google.common.collect.Sets$4                                                : loaded 2 times (x 135B)
Class org.objectweb.asm.ModuleVisitor                                                 : loaded 2 times (x 77B)
Class com.google.common.cache.LocalCache$Strength$1                                   : loaded 2 times (x 77B)
Class com.google.common.util.concurrent.SettableFuture                                : loaded 2 times (x 110B)
Class com.google.common.cache.LocalCache$Strength$2                                   : loaded 2 times (x 77B)
Class com.google.common.cache.LocalCache$Strength$3                                   : loaded 2 times (x 77B)
Class com.google.common.collect.MapDifference                                         : loaded 2 times (x 66B)
Class org.objectweb.asm.FieldWriter                                                   : loaded 2 times (x 74B)
Class com.google.common.cache.CacheBuilder$NullListener                               : loaded 2 times (x 78B)
Class org.gradle.internal.classpath.TransformedClassPath                              : loaded 2 times (x 92B)
Class org.gradle.internal.classloader.InstrumentingClassLoader                        : loaded 2 times (x 66B)
Class com.google.common.collect.ImmutableRangeSet$AsSet                               : loaded 2 times (x 296B)
Class com.google.common.cache.CacheLoader$FunctionToCacheLoader                       : loaded 2 times (x 71B)
Class com.google.common.collect.Iterators$ArrayItr                                    : loaded 2 times (x 93B)
Class com.google.common.collect.ImmutableCollection$Builder                           : loaded 2 times (x 72B)
Class com.google.common.base.Joiner                                                   : loaded 2 times (x 75B)
Class com.google.common.base.MoreObjects                                              : loaded 2 times (x 67B)
Class com.google.common.collect.Platform                                              : loaded 2 times (x 67B)
Class [Lorg.objectweb.asm.Type;                                                       : loaded 2 times (x 65B)
Class com.google.common.collect.UnmodifiableIterator                                  : loaded 2 times (x 76B)
Class org.gradle.internal.service.ServiceLocator                                      : loaded 2 times (x 66B)
Class com.google.common.base.Ascii                                                    : loaded 2 times (x 67B)
Class com.google.common.collect.SingletonImmutableBiMap                               : loaded 2 times (x 139B)
Class com.google.common.cache.LocalCache$1                                            : loaded 2 times (x 85B)
Class com.google.common.collect.AbstractMapEntry                                      : loaded 2 times (x 77B)
Class com.google.common.collect.Sets$ImprovedAbstractSet                              : loaded 2 times (x 131B)
Class com.google.common.collect.ImmutableList$Builder                                 : loaded 2 times (x 73B)
Class com.google.common.collect.AbstractMultimap                                      : loaded 2 times (x 119B)
Class com.google.common.cache.LocalCache$2                                            : loaded 2 times (x 138B)
Class com.google.common.collect.ImmutableRangeSet$1                                   : loaded 2 times (x 206B)
Class com.google.common.util.concurrent.AbstractFuture$UnsafeAtomicHelper$1           : loaded 2 times (x 72B)
Class com.google.common.collect.RegularImmutableAsList                                : loaded 2 times (x 213B)
Class com.google.common.collect.Range                                                 : loaded 2 times (x 83B)
Class com.google.common.util.concurrent.AbstractFuture$Trusted                        : loaded 2 times (x 66B)
Class com.google.common.collect.Iterators                                             : loaded 2 times (x 67B)
Class com.google.common.collect.Lists$StringAsImmutableList                           : loaded 2 times (x 203B)
Class com.google.common.util.concurrent.UncheckedExecutionException                   : loaded 2 times (x 78B)
Class org.gradle.kotlin.dsl.VersionCatalogAccessorsKt                                 : loaded 2 times (x 67B)
Class org.gradle.internal.InternalTransformer                                         : loaded 2 times (x 66B)
Class com.google.common.collect.AbstractMapBasedMultimap$KeySet$1                     : loaded 2 times (x 78B)
Class org.objectweb.asm.ClassWriter                                                   : loaded 2 times (x 102B)
Class com.google.common.base.CharMatcher$And                                          : loaded 2 times (x 108B)
Class com.google.common.cache.CacheLoader$UnsupportedLoadingOperationException        : loaded 2 times (x 78B)
Class org.gradle.internal.classloader.ClasspathUtil$1                                 : loaded 2 times (x 72B)
Class org.objectweb.asm.FieldVisitor                                                  : loaded 2 times (x 73B)
Class com.google.common.collect.IndexedImmutableSet                                   : loaded 2 times (x 148B)
Class com.google.common.collect.ImmutableMap$1                                        : loaded 2 times (x 77B)
Class com.google.common.collect.BiMap                                                 : loaded 2 times (x 66B)
Class org.gradle.api.internal.classpath.DefaultModuleRegistry$DefaultModule           : loaded 2 times (x 82B)
Class com.google.common.primitives.Ints                                               : loaded 2 times (x 67B)
Class com.google.common.collect.AbstractIterator                                      : loaded 2 times (x 78B)
Class com.google.common.collect.ObjectArrays                                          : loaded 2 times (x 67B)
Class com.google.common.collect.Multiset                                              : loaded 2 times (x 66B)
Class com.google.common.collect.RegularImmutableMap$KeySet                            : loaded 2 times (x 148B)
Class com.google.common.collect.AbstractIndexedListIterator                           : loaded 2 times (x 92B)
Class com.google.common.math.MathPreconditions                                        : loaded 2 times (x 67B)
Class com.google.common.collect.ImmutableMapEntrySet                                  : loaded 2 times (x 148B)
Class org.gradle.api.internal.classpath.Module                                        : loaded 2 times (x 66B)
Class com.google.common.cache.Weigher                                                 : loaded 2 times (x 66B)
Class org.gradle.api.internal.classpath.UnknownModuleException                        : loaded 2 times (x 78B)
Class com.google.common.base.Stopwatch                                                : loaded 2 times (x 68B)
Class com.google.common.cache.LocalCache$Strength                                     : loaded 2 times (x 77B)
Class com.google.common.cache.Cache                                                   : loaded 2 times (x 66B)
Class com.google.common.util.concurrent.AbstractFuture$Cancellation                   : loaded 2 times (x 68B)
Class com.google.common.collect.ImmutableMap$Builder                                  : loaded 2 times (x 78B)
Class com.google.common.cache.RemovalListener                                         : loaded 2 times (x 66B)
Class org.gradle.api.internal.DefaultClassPathRegistry                                : loaded 2 times (x 72B)
Class com.google.common.primitives.IntsMethodsForWeb                                  : loaded 2 times (x 67B)
Class com.google.common.collect.Multimap                                              : loaded 2 times (x 66B)
Class org.gradle.api.internal.ClassPathRegistry                                       : loaded 2 times (x 66B)
Class org.gradle.internal.classpath.DefaultClassPath$ImmutableUniqueList              : loaded 2 times (x 195B)
Class com.google.common.base.Equivalence$Identity                                     : loaded 2 times (x 78B)
Class com.google.common.cache.CacheBuilder                                            : loaded 2 times (x 68B)
Class com.google.common.collect.SingletonImmutableList                                : loaded 2 times (x 203B)
Class Settings_gradle$1                                                               : loaded 2 times (x 70B)
Class ijKotlinCoroutineJvmDebugInit1_5hersskfdp6bpblcz2kacqcw9$_run_closure1          : loaded 2 times (x 135B)
Class org.gradle.internal.classpath.ClassPath                                         : loaded 2 times (x 66B)
Class org.gradle.api.UncheckedIOException                                             : loaded 2 times (x 78B)
Class com.google.common.base.JdkPattern                                               : loaded 2 times (x 71B)
Class com.google.common.collect.ImmutableList$ReverseImmutableList                    : loaded 2 times (x 205B)
Class org.objectweb.asm.SymbolTable$Entry                                             : loaded 2 times (x 70B)
Class com.google.common.util.concurrent.AbstractFuture$AtomicHelper                   : loaded 2 times (x 74B)
Class org.objectweb.asm.Edge                                                          : loaded 2 times (x 68B)
Class com.google.common.base.Suppliers$SupplierOfInstance                             : loaded 2 times (x 75B)
Class com.google.common.collect.Iterators$1                                           : loaded 2 times (x 77B)
Class com.google.common.cache.LocalCache$ComputingValueReference                      : loaded 2 times (x 92B)
Class com.google.common.collect.SingletonImmutableSet                                 : loaded 2 times (x 142B)
Class com.google.common.collect.ImmutableMap$IteratorBasedImmutableMap                : loaded 2 times (x 122B)
Class com.google.common.cache.LocalCache$Segment                                      : loaded 2 times (x 150B)
Class com.google.common.collect.SortedIterable                                        : loaded 2 times (x 66B)
Class com.google.common.collect.AbstractListMultimap                                  : loaded 2 times (x 168B)
Class [Lorg.objectweb.asm.SymbolTable$Entry;                                          : loaded 2 times (x 65B)
Class com.google.common.cache.CacheLoader                                             : loaded 2 times (x 70B)
Class com.google.common.collect.Iterators$4                                           : loaded 2 times (x 78B)
Class com.google.common.collect.ImmutableBiMap                                        : loaded 2 times (x 139B)
Class org.gradle.internal.installation.GradleInstallation$1                           : loaded 2 times (x 71B)
Class org.gradle.api.internal.classpath.ModuleRegistry                                : loaded 2 times (x 66B)
Class com.google.common.util.concurrent.internal.InternalFutureFailureAccess          : loaded 2 times (x 68B)
Class com.google.common.collect.Iterators$5                                           : loaded 2 times (x 78B)
Class com.google.common.collect.ImmutableSet$JdkBackedSetBuilderImpl                  : loaded 2 times (x 72B)
Class com.google.common.util.concurrent.AbstractFuture$UnsafeAtomicHelper             : loaded 2 times (x 74B)
Class com.google.common.base.CharMatcher$ForPredicate                                 : loaded 2 times (x 108B)
Class com.google.common.cache.LocalCache$LocalManualCache$1                           : loaded 2 times (x 71B)
Class com.google.common.base.CharMatcher$AnyOf                                        : loaded 2 times (x 108B)
Class com.google.common.collect.ImmutableCollection                                   : loaded 2 times (x 121B)
Class org.gradle.api.internal.classpath.DefaultModuleRegistry                         : loaded 2 times (x 82B)
Class com.google.common.collect.Lists                                                 : loaded 2 times (x 67B)
Class com.google.common.util.concurrent.ListenableFuture                              : loaded 2 times (x 66B)
Class com.google.common.cache.ReferenceEntry                                          : loaded 2 times (x 66B)
Class com.google.common.base.Converter                                                : loaded 2 times (x 86B)
Class com.google.common.collect.ImmutableSet$CachingAsList                            : loaded 2 times (x 144B)
Class com.google.common.collect.AbstractMapBasedMultimap                              : loaded 2 times (x 135B)
Class com.google.common.util.concurrent.AbstractFuture                                : loaded 2 times (x 102B)
Class com.google.common.base.FunctionalEquivalence                                    : loaded 2 times (x 79B)
Class com.google.common.collect.Iterators$9                                           : loaded 2 times (x 77B)
Class com.google.common.collect.ImmutableAsList                                       : loaded 2 times (x 205B)
Class org.objectweb.asm.RecordComponentVisitor                                        : loaded 2 times (x 73B)
Class com.google.common.cache.CacheLoader$SupplierToCacheLoader                       : loaded 2 times (x 71B)
Class com.google.common.collect.Maps$EntryTransformer                                 : loaded 2 times (x 66B)
Class org.gradle.internal.service.ServiceLookupException                              : loaded 2 times (x 78B)
Class com.google.common.collect.ImmutableSortedSet                                    : loaded 2 times (x 296B)
Class [Lcom.google.common.cache.LocalCache$EntryFactory;                              : loaded 2 times (x 65B)
Class org.gradle.internal.classloader.ClassLoaderFactory                              : loaded 2 times (x 66B)
Class com.google.common.base.CommonPattern                                            : loaded 2 times (x 70B)
Class com.google.common.base.CharMatcher$IsNot                                        : loaded 2 times (x 107B)
Class com.google.common.cache.LocalCache$LocalManualCache                             : loaded 2 times (x 95B)
Class ijKotlinCoroutineJvmDebugInit1_5hersskfdp6bpblcz2kacqcw9                        : loaded 2 times (x 175B)
Class org.gradle.internal.service.CachingServiceLocator                               : loaded 2 times (x 78B)
Class com.google.common.collect.AbstractMapBasedMultimap$KeySet                       : loaded 2 times (x 133B)
Class com.google.common.collect.RegularImmutableSortedSet                             : loaded 2 times (x 296B)
Class com.google.common.math.IntMath                                                  : loaded 2 times (x 67B)
Class com.google.common.collect.ImmutableMapEntry                                     : loaded 2 times (x 81B)
Class com.google.common.base.Equivalence                                              : loaded 2 times (x 78B)
Class com.google.common.base.Function                                                 : loaded 2 times (x 66B)
Class com.google.common.collect.ImmutableMapEntry$NonTerminalImmutableMapEntry        : loaded 2 times (x 81B)
Class com.google.common.collect.IndexedImmutableSet$1                                 : loaded 2 times (x 209B)
Class com.google.common.cache.CacheBuilder$OneWeigher                                 : loaded 2 times (x 78B)
Class com.google.common.collect.RegularImmutableList                                  : loaded 2 times (x 209B)
Class org.gradle.internal.classloader.ClasspathUtil                                   : loaded 2 times (x 67B)
Class com.google.common.base.Charsets                                                 : loaded 2 times (x 67B)
Class com.google.common.util.concurrent.Uninterruptibles                              : loaded 2 times (x 67B)
Class com.google.common.collect.Maps                                                  : loaded 2 times (x 67B)
Class org.gradle.api.specs.Spec                                                       : loaded 2 times (x 66B)
Class [Lcom.google.common.collect.ImmutableEntry;                                     : loaded 2 times (x 65B)
Class com.google.common.cache.LocalCache$LoadingValueReference                        : loaded 2 times (x 92B)
Class com.google.common.collect.ArrayListMultimapGwtSerializationDependencies         : loaded 2 times (x 168B)
Class com.google.common.base.Platform                                                 : loaded 2 times (x 67B)
Class com.google.common.collect.AbstractMapBasedMultimap$WrappedList                  : loaded 2 times (x 201B)
Class [Lorg.objectweb.asm.AnnotationWriter;                                           : loaded 2 times (x 65B)
Class com.google.common.collect.Maps$8                                                : loaded 2 times (x 78B)
Class com.google.common.collect.ImmutableRangeSet$Builder                             : loaded 2 times (x 73B)
Class com.google.common.collect.Sets$SetView                                          : loaded 2 times (x 134B)
Class com.google.common.cache.LocalCache$StrongValueReference                         : loaded 2 times (x 86B)
Class com.google.common.util.concurrent.AbstractFuture$SynchronizedHelper             : loaded 2 times (x 74B)
Class org.objectweb.asm.Type                                                          : loaded 2 times (x 68B)
Class org.gradle.internal.classloader.VisitableURLClassLoader$InstrumentingVisitableURLClassLoader: loaded 2 times (x 119B)
Class org.objectweb.asm.ByteVector                                                    : loaded 2 times (x 75B)
Class [Lcom.google.common.cache.CacheBuilder$NullListener;                            : loaded 2 times (x 65B)
Class com.google.common.math.IntMath$1                                                : loaded 2 times (x 67B)
Class org.gradle.internal.classloader.VisitableURLClassLoader$Spec                    : loaded 2 times (x 70B)
Class org.gradle.internal.classpath.DefaultClassPath                                  : loaded 2 times (x 86B)
Class org.objectweb.asm.Symbol                                                        : loaded 2 times (x 69B)
Class com.google.common.base.CharMatcher$Ascii                                        : loaded 2 times (x 108B)
Class com.google.common.base.CharMatcher$BitSetMatcher                                : loaded 2 times (x 108B)
Class com.google.common.collect.RegularImmutableMap$Values                            : loaded 2 times (x 203B)
Class com.google.common.collect.ImmutableSet                                          : loaded 2 times (x 141B)
Class org.gradle.internal.classloader.ClassLoaderSpec                                 : loaded 2 times (x 67B)
Class org.objectweb.asm.AnnotationWriter                                              : loaded 2 times (x 75B)
Class com.google.common.cache.CacheStats                                              : loaded 2 times (x 67B)
Class ijJvmDebugger1_f0dxnzdc8edsxti08jq9quebc$_run_closure1$_closure2                : loaded 2 times (x 136B)
Class org.objectweb.asm.RecordComponentWriter                                         : loaded 2 times (x 74B)
Class com.google.common.util.concurrent.AbstractFuture$Listener                       : loaded 2 times (x 68B)
Class com.google.common.base.CharMatcher$Or                                           : loaded 2 times (x 108B)
Class Settings_gradle$1$1                                                             : loaded 2 times (x 70B)
Class org.objectweb.asm.Attribute                                                     : loaded 2 times (x 73B)
Class com.google.common.base.Supplier                                                 : loaded 2 times (x 66B)
Class org.gradle.internal.classloader.VisitableURLClassLoader                         : loaded 2 times (x 113B)
Class com.google.common.util.concurrent.AbstractFuture$Waiter                         : loaded 2 times (x 68B)
Class Settings_gradle                                                                 : loaded 2 times (x 124B)
Class org.gradle.internal.Cast                                                        : loaded 2 times (x 67B)
Class org.gradle.api.Action                                                           : loaded 2 times (x 66B)
Class com.google.common.base.Strings                                                  : loaded 2 times (x 67B)
Class com.google.common.collect.Sets                                                  : loaded 2 times (x 67B)
Class org.objectweb.asm.Handler                                                       : loaded 2 times (x 68B)
Class com.google.common.base.CharMatcher$FastMatcher                                  : loaded 2 times (x 107B)
Class com.google.common.base.Ticker                                                   : loaded 2 times (x 68B)
Class [Lcom.google.common.cache.LocalCache$Segment;                                   : loaded 2 times (x 65B)
Class com.google.common.base.Predicate                                                : loaded 2 times (x 66B)
Class [Lcom.google.common.cache.LocalCache$Strength;                                  : loaded 2 times (x 65B)
Class com.google.common.cache.CacheBuilder$1                                          : loaded 2 times (x 81B)
Class com.google.common.collect.ImmutableMap                                          : loaded 2 times (x 116B)
Class org.gradle.internal.classpath.DefaultClassPath$ImmutableUniqueList$Builder      : loaded 2 times (x 71B)
Class com.google.common.collect.AbstractRangeSet                                      : loaded 2 times (x 110B)
Class com.google.common.base.CharMatcher$NegatedFastMatcher                           : loaded 2 times (x 109B)
Class com.google.common.cache.LocalCache                                              : loaded 2 times (x 183B)
Class com.google.common.cache.CacheBuilder$2                                          : loaded 2 times (x 75B)
Class com.google.common.collect.ArrayListMultimap                                     : loaded 2 times (x 168B)
Class com.google.common.cache.CacheBuilder$3                                          : loaded 2 times (x 68B)
Class [Lcom.google.common.collect.AbstractMapEntry;                                   : loaded 2 times (x 65B)
Class com.google.common.collect.ImmutableEntry                                        : loaded 2 times (x 78B)
Class org.gradle.api.GradleException                                                  : loaded 2 times (x 78B)
Class com.google.common.collect.CollectPreconditions                                  : loaded 2 times (x 67B)
Class com.google.common.collect.SortedMapDifference                                   : loaded 2 times (x 66B)
Class com.google.common.cache.LocalCache$EntryFactory                                 : loaded 2 times (x 79B)
Class com.google.common.cache.LocalCache$AbstractReferenceEntry                       : loaded 2 times (x 103B)
Class org.gradle.internal.IoActions                                                   : loaded 2 times (x 67B)
Class com.google.common.collect.ImmutableRangeSet$ComplementRanges                    : loaded 2 times (x 203B)
Class org.objectweb.asm.SymbolTable                                                   : loaded 2 times (x 68B)
Class com.google.common.cache.CacheLoader$InvalidCacheLoadException                   : loaded 2 times (x 78B)
Class com.google.common.collect.ImmutableSet$RegularSetBuilderImpl                    : loaded 2 times (x 73B)
Class org.gradle.internal.classloader.SystemClassLoaderSpec                           : loaded 2 times (x 67B)
Class com.google.common.cache.LocalCache$StrongEntry                                  : loaded 2 times (x 104B)
Class com.google.common.util.concurrent.AbstractFuture$TrustedFuture                  : loaded 2 times (x 110B)
Class com.google.common.cache.LoadingCache                                            : loaded 2 times (x 66B)
Class org.objectweb.asm.MethodWriter                                                  : loaded 2 times (x 102B)
Class [Lcom.google.common.cache.Weigher;                                              : loaded 2 times (x 65B)
Class com.google.common.collect.RegularImmutableMap$BucketOverflowException           : loaded 2 times (x 78B)
Class com.google.common.collect.AbstractMapBasedMultimap$RandomAccessWrappedList      : loaded 2 times (x 201B)
Class com.google.common.collect.RegularImmutableBiMap                                 : loaded 2 times (x 145B)
Class com.google.common.base.CharMatcher$Negated                                      : loaded 2 times (x 109B)
Class com.google.common.base.CharMatcher$Is                                           : loaded 2 times (x 107B)
Class com.google.common.cache.LocalCache$ValueReference                               : loaded 2 times (x 66B)
Class com.google.common.base.PatternCompiler                                          : loaded 2 times (x 66B)
Class com.google.common.util.concurrent.AbstractFuture$Failure                        : loaded 2 times (x 68B)
Class com.google.common.base.Equivalence$Equals                                       : loaded 2 times (x 78B)
Class com.google.common.collect.Hashing                                               : loaded 2 times (x 67B)
Class com.google.common.base.Preconditions                                            : loaded 2 times (x 67B)
Class com.google.common.base.Joiner$1                                                 : loaded 2 times (x 76B)
Class org.objectweb.asm.Label                                                         : loaded 2 times (x 69B)
Class org.objectweb.asm.CurrentFrame                                                  : loaded 2 times (x 69B)
Class org.objectweb.asm.ClassTooLargeException                                        : loaded 2 times (x 79B)
Class com.google.common.base.CharMatcher                                              : loaded 2 times (x 107B)
Class com.google.common.collect.PeekingIterator                                       : loaded 2 times (x 66B)
Class com.google.common.collect.RangeGwtSerializationDependencies                     : loaded 2 times (x 67B)
Class com.google.common.base.Joiner$2                                                 : loaded 2 times (x 75B)
Class org.objectweb.asm.Frame                                                         : loaded 2 times (x 69B)
Class org.objectweb.asm.MethodVisitor                                                 : loaded 2 times (x 101B)
Class com.google.common.base.CharMatcher$NamedFastMatcher                             : loaded 2 times (x 108B)
Class com.google.common.base.CharMatcher$1                                            : loaded 2 times (x 109B)
Class com.google.common.cache.LocalCache$EntryFactory$1                               : loaded 2 times (x 79B)
Class [Lcom.google.common.cache.RemovalListener;                                      : loaded 2 times (x 65B)
Class com.google.common.collect.RangeSet                                              : loaded 2 times (x 66B)
Class com.google.common.cache.LocalCache$EntryFactory$2                               : loaded 2 times (x 79B)
Class org.gradle.api.internal.classpath.GlobalCacheRootsProvider                      : loaded 2 times (x 66B)
Class com.google.common.collect.CollectCollectors                                     : loaded 2 times (x 67B)
Class org.objectweb.asm.ModuleWriter                                                  : loaded 2 times (x 78B)
Class com.google.common.cache.LocalCache$EntryFactory$3                               : loaded 2 times (x 79B)
Class com.google.common.base.Ticker$1                                                 : loaded 2 times (x 68B)
Class com.google.common.collect.Maps$BiMapConverter                                   : loaded 2 times (x 86B)
Class com.google.common.collect.ImmutableMapEntrySet$RegularEntrySet                  : loaded 2 times (x 148B)
Class com.google.common.base.CharMatcher$InRange                                      : loaded 2 times (x 107B)
Class com.google.common.cache.LocalCache$EntryFactory$4                               : loaded 2 times (x 79B)
Class com.google.common.collect.ImmutableSet$Builder                                  : loaded 2 times (x 81B)
Class com.google.common.cache.LocalCache$EntryFactory$5                               : loaded 2 times (x 79B)
Class com.google.common.base.PairwiseEquivalence                                      : loaded 2 times (x 79B)
Class com.google.common.cache.LocalCache$EntryFactory$6                               : loaded 2 times (x 79B)
Class org.gradle.internal.installation.CurrentGradleInstallationLocator               : loaded 2 times (x 67B)
Class com.google.common.collect.Maps$KeySet                                           : loaded 2 times (x 133B)
Class com.google.common.cache.LocalCache$EntryFactory$7                               : loaded 2 times (x 79B)
Class com.google.common.collect.ImmutableSet$EmptySetBuilderImpl                      : loaded 2 times (x 72B)
Class com.google.common.collect.ImmutableList                                         : loaded 2 times (x 202B)
Class ijJvmDebugger1_f0dxnzdc8edsxti08jq9quebc                                        : loaded 2 times (x 175B)
Class org.gradle.internal.service.DefaultServiceLocator                               : loaded 2 times (x 79B)
Class com.google.common.cache.LocalCache$EntryFactory$8                               : loaded 2 times (x 79B)
Class com.google.common.collect.ImmutableSet$SetBuilderImpl                           : loaded 2 times (x 72B)
Class org.gradle.internal.installation.CurrentGradleInstallation                      : loaded 2 times (x 69B)
Class com.google.common.cache.CacheLoader$1                                           : loaded 2 times (x 71B)
Class com.google.common.collect.ImmutableList$SubList                                 : loaded 2 times (x 205B)
Class org.gradle.util.internal.GUtil                                                  : loaded 2 times (x 67B)
Class com.google.common.util.concurrent.AbstractFuture$SetFuture                      : loaded 2 times (x 71B)
Class com.google.common.cache.AbstractCache$StatsCounter                              : loaded 2 times (x 66B)
Class com.google.common.collect.Iterators$MergingIterator                             : loaded 2 times (x 77B)
Class com.google.common.collect.RegularImmutableSet                                   : loaded 2 times (x 145B)
Class org.gradle.internal.installation.GradleInstallation                             : loaded 2 times (x 71B)
Class com.google.common.collect.Iterables                                             : loaded 2 times (x 67B)
Class ijKotlinCoroutineJvmDebugInit1_5hersskfdp6bpblcz2kacqcw9$_run_closure1$_closure2: loaded 2 times (x 135B)

---------------  S Y S T E M  ---------------

OS:
 Windows 11 , 64 bit Build 22621 (10.0.22621.5415)
OS uptime: 0 days 3:14 hours
Hyper-V role detected

CPU: total 12 (initial active 12) (12 cores per cpu, 2 threads per core) family 25 model 80 stepping 0 microcode 0x0, cx8, cmov, fxsr, ht, mmx, 3dnowpref, sse, sse2, sse3, ssse3, sse4a, sse4.1, sse4.2, popcnt, lzcnt, tsc, tscinvbit, avx, avx2, aes, erms, clmul, bmi1, bmi2, adx, sha, fma, vzeroupper, clflush, clflushopt, hv, rdtscp, rdpid, fsrm, f16c, cet_ss
Processor Information for the first 12 processors :
  Max Mhz: 3301, Current Mhz: 3301, Mhz Limit: 3301

Memory: 4k page, system-wide physical 7532M (891M free)
TotalPageFile size 14987M (AvailPageFile size 1M)
current process WorkingSet (physical memory assigned to process): 511M, peak: 511M
current process commit charge ("private bytes"): 552M, peak: 553M

vm_info: OpenJDK 64-Bit Server VM (21.0.6+-13391695-b895.109) for windows-amd64 JRE (21.0.6+-13391695-b895.109), built on 2025-04-22T21:19:17Z by "builder" with MS VC++ 16.10 / 16.11 (VS2019)

END.
